aw_deep_link,product_name,aw_product_id,merchant_product_id,merchant_image_url,description,merchant_category,search_price,merchant_name,merchant_id,category_name,category_id,aw_image_url,currency,store_price,delivery_cost,merchant_deep_link,language,last_updated,display_price,data_feed_id,brand_name,in_stock,large_image,alternate_image,alternate_image_two,alternate_image_four,alternate_image_three,gender_added,category_added
https://www.awin1.com/pclick.php?p=41493324281&a=2771700&m=116329,Only Sharai Lace Tank Top - Cloud Dancer - S,41493324281,214324AWUS,https://www.dv8fashion.com/Images/Models/Full/31442.jpg,"Look your best for school, work, and everyday activities in cool styles that are easy to match with your wardrobe favourites      Product Type: Top     Neckline U-Neck     Sleeve: Sleeveless     Extra Details Lace detail, Ruffles     Fit: Regular Fit Product Code: P-77724-11--",Sleeveless Tops,23.95,DV8 Fashion (USA),116329,Women's Tops,204,https://images2.productserve.com/?w=200&h=200&bg=white&trim=5&t=letterbox&url=ssl%3Awww.dv8fashion.com%2FImages%2FModels%2FFull%2F31442.jpg&feedId=102894&k=a36dcfc48df3ca6563e0239d90aee90b9e6dfdec,USD,,12.95,https://www.dv8fashion.com/en/Only-Sharai-Lace-Tank-Top---Cloud-Dancer/m-31442.aspx?PartnerID=4730&utm_source=awin&utm_medium=affiliate&utm_campaign=UnitedStatesUS,,,USD23.95,102894,DV8 Fashion,1,,https://www.dv8fashion.com/Images/Models/Full/31442-1.jpg,https://www.dv8fashion.com/Images/Models/Full/31442-2.jpg,,https://www.dv8fashion.com/Images/Models/Full/31442-3.jpg,Womens,Tops & T-Shirts
https://www.awin1.com/pclick.php?p=41517008395&a=2771700&m=116329,Saint Genies Chiffon Tie Top - Pale Yellow - XS,41517008395,248650AWUS,https://www.dv8fashion.com/Images/Models/Full/34662.jpg,Update your wardrobe with Saint Genies...      Product Type: Top     Sleeves: Singlet     Fabric: Mesh     Extra details: Halter neck tie fastening Product Code: P-82702-25--,Sleeveless Tops,29.95,DV8 Fashion (USA),116329,Women's Tops,204,https://images2.productserve.com/?w=200&h=200&bg=white&trim=5&t=letterbox&url=ssl%3Awww.dv8fashion.com%2FImages%2FModels%2FFull%2F34662.jpg&feedId=102894&k=71699f9ed08d71d06b1076b4e6a4ed871a5d8d9f,USD,,12.95,https://www.dv8fashion.com/en/Saint-Genies-Chiffon-Tie-Top---Pale-Yellow/m-34662.aspx?PartnerID=4730&utm_source=awin&utm_medium=affiliate&utm_campaign=UnitedStatesUS,,,USD29.95,102894,DV8 Fashion,1,,https://www.dv8fashion.com/Images/Models/Full/34662-1.jpg,https://www.dv8fashion.com/Images/Models/Full/34662-2.jpg,,https://www.dv8fashion.com/Images/Models/Full/34662-3.jpg,Womens,Tops & T-Shirts
https://www.awin1.com/pclick.php?p=41493324280&a=2771700&m=116329,Only Sharai Lace Tank Top - Cloud Dancer - L,41493324280,214322AWUS,https://www.dv8fashion.com/Images/Models/Full/31442.jpg,"Look your best for school, work, and everyday activities in cool styles that are easy to match with your wardrobe favourites      Product Type: Top     Neckline U-Neck     Sleeve: Sleeveless     Extra Details Lace detail, Ruffles     Fit: Regular Fit Product Code: P-77724-11--",Sleeveless Tops,23.95,DV8 Fashion (USA),116329,Women's Tops,204,https://images2.productserve.com/?w=200&h=200&bg=white&trim=5&t=letterbox&url=ssl%3Awww.dv8fashion.com%2FImages%2FModels%2FFull%2F31442.jpg&feedId=102894&k=a36dcfc48df3ca6563e0239d90aee90b9e6dfdec,USD,,12.95,https://www.dv8fashion.com/en/Only-Sharai-Lace-Tank-Top---Cloud-Dancer/m-31442.aspx?PartnerID=4730&utm_source=awin&utm_medium=affiliate&utm_campaign=UnitedStatesUS,,,USD23.95,102894,DV8 Fashion,1,,https://www.dv8fashion.com/Images/Models/Full/31442-1.jpg,https://www.dv8fashion.com/Images/Models/Full/31442-2.jpg,,https://www.dv8fashion.com/Images/Models/Full/31442-3.jpg,Womens,Tops & T-Shirts
https://www.awin1.com/pclick.php?p=41493325993&a=2771700&m=116329,Saint Genies Lace Trim Crop Tie Top - Pink - 14,41493325993,246039AWUS,https://www.dv8fashion.com/Images/Models/Full/34404.jpg,Update your look with Saint Genies...       Tie detail crop top   Cami strap style with adjustable straps   Lace trim detail         Product Code: P-82230-38--,Sleeveless Tops,31.95,DV8 Fashion (USA),116329,Women's Tops,204,https://images2.productserve.com/?w=200&h=200&bg=white&trim=5&t=letterbox&url=ssl%3Awww.dv8fashion.com%2FImages%2FModels%2FFull%2F34404.jpg&feedId=102894&k=5e5230a61314a2a5b06fa5b11568bad00b199b63,USD,,12.95,https://www.dv8fashion.com/en/Saint-Genies-Lace-Trim-Crop-Tie-Top---Pink/m-34404.aspx?PartnerID=4730&utm_source=awin&utm_medium=affiliate&utm_campaign=UnitedStatesUS,,,USD31.95,102894,DV8 Fashion,1,,https://www.dv8fashion.com/Images/Models/Full/34404-1.jpg,https://www.dv8fashion.com/Images/Models/Full/34404-2.jpg,,https://www.dv8fashion.com/Images/Models/Full/34404-3.jpg,Womens,Tops & T-Shirts
https://www.awin1.com/pclick.php?p=41493326063&a=2771700&m=116329,Saint Genies Lace Vest Top - White - 14,41493326063,236126AWUS,https://www.dv8fashion.com/Images/Models/Full/33473.jpg,"Make them stare this season in our beaut lace top! Featuring lace material and sleeveless, it&rsquo;s a staple for the upcoming season      White lace fabric     Bodycon Shape     Sleeveless style     V neck Product Code: P-80845-11--",Sleeveless Tops,29.95,DV8 Fashion (USA),116329,Women's Tops,204,https://images2.productserve.com/?w=200&h=200&bg=white&trim=5&t=letterbox&url=ssl%3Awww.dv8fashion.com%2FImages%2FModels%2FFull%2F33473.jpg&feedId=102894&k=f67ac5b62faa792ccaaaf1a9c6d93c3965f035d5,USD,,12.95,https://www.dv8fashion.com/en/Saint-Genies-Lace-Vest-Top---White/m-33473.aspx?PartnerID=4730&utm_source=awin&utm_medium=affiliate&utm_campaign=UnitedStatesUS,,,USD29.95,102894,DV8 Fashion,1,,https://www.dv8fashion.com/Images/Models/Full/33473-1.jpg,https://www.dv8fashion.com/Images/Models/Full/33473-2.jpg,,https://www.dv8fashion.com/Images/Models/Full/33473-3.jpg,Womens,Tops & T-Shirts
https://www.awin1.com/pclick.php?p=41493326000&a=2771700&m=116329,Saint Genies Halter Button Waistcoat Top - Black - 8,41493326000,247716AWUS,https://www.dv8fashion.com/Images/Models/Full/34562.jpg,Get new season ready with this halter top by Saint Genies. This stunning piece is designed to make you stand out wherever you go      Colour: Black     Details: Button fastening with halter strap neckline     Sleeves: Sleeveless     Product type: Top     Fit: Fitted Product Code: P-82574-10--,Sleeveless Tops,40.95,DV8 Fashion (USA),116329,Women's Tops,204,https://images2.productserve.com/?w=200&h=200&bg=white&trim=5&t=letterbox&url=ssl%3Awww.dv8fashion.com%2FImages%2FModels%2FFull%2F34562.jpg&feedId=102894&k=cf4961c3dc8f5b6cfab24f53f57b69ab3a78f330,USD,,12.95,https://www.dv8fashion.com/en/Saint-Genies-Halter-Button-Waistcoat-Top---Black/m-34562.aspx?PartnerID=4730&utm_source=awin&utm_medium=affiliate&utm_campaign=UnitedStatesUS,,,USD40.95,102894,DV8 Fashion,1,,https://www.dv8fashion.com/Images/Models/Full/34562-1.jpg,https://www.dv8fashion.com/Images/Models/Full/34562-2.jpg,,https://www.dv8fashion.com/Images/Models/Full/34562-3.jpg,Womens,Tops & T-Shirts
https://www.awin1.com/pclick.php?p=41493326105&a=2771700&m=116329,Saint Genies Sleeveless Belt Top - Wine - 10,41493326105,235105AWUS,https://www.dv8fashion.com/Images/Models/Full/33385.jpg,Saint Genies women's belt detail top       Tailored top with v neckline   Belt detail   Sleeveless         Product Code: P-80537-47--,Sleeveless Tops,43.95,DV8 Fashion (USA),116329,Women's Tops,204,https://images2.productserve.com/?w=200&h=200&bg=white&trim=5&t=letterbox&url=ssl%3Awww.dv8fashion.com%2FImages%2FModels%2FFull%2F33385.jpg&feedId=102894&k=5e1301769b0c4ab344a5edde42c70b15f839f243,USD,,12.95,https://www.dv8fashion.com/en/Saint-Genies-Sleeveless-Belt-Top---Wine/m-33385.aspx?PartnerID=4730&utm_source=awin&utm_medium=affiliate&utm_campaign=UnitedStatesUS,,,USD43.95,102894,DV8 Fashion,1,,https://www.dv8fashion.com/Images/Models/Full/33385-1.jpg,https://www.dv8fashion.com/Images/Models/Full/33385-2.jpg,,https://www.dv8fashion.com/Images/Models/Full/33385-3.jpg,Womens,Tops & T-Shirts
https://www.awin1.com/pclick.php?p=41493326079&a=2771700&m=116329,Saint Genies Geo Print Halter Tie Top - Rust - 12,41493326079,219302AWUS,https://www.dv8fashion.com/Images/Models/Full/31929.jpg,The crochet look is here to stay. Get the look with our Saint Genies top...      Mulitcolour detailing     Crochet knitted detailing with Aztec stitching     Crop length with halter neck and tie back fastening Product Code: P-78349-41--,Sleeveless Tops,26.95,DV8 Fashion (USA),116329,Women's Tops,204,https://images2.productserve.com/?w=200&h=200&bg=white&trim=5&t=letterbox&url=ssl%3Awww.dv8fashion.com%2FImages%2FModels%2FFull%2F31929.jpg&feedId=102894&k=c78962a1ee296ae6cb22017667e818e1129db59c,USD,,12.95,https://www.dv8fashion.com/en/Saint-Genies-Geo-Print-Halter-Tie-Top---Rust/m-31929.aspx?PartnerID=4730&utm_source=awin&utm_medium=affiliate&utm_campaign=UnitedStatesUS,,,USD26.95,102894,DV8 Fashion,1,,https://www.dv8fashion.com/Images/Models/Full/31929-1.jpg,https://www.dv8fashion.com/Images/Models/Full/31929-2.jpg,,https://www.dv8fashion.com/Images/Models/Full/31929-3.jpg,Womens,Tops & T-Shirts
https://www.awin1.com/pclick.php?p=41493326048&a=2771700&m=116329,Saint Genies Check Waistcoat - Blue / White - 12,41493326048,215240AWUS,https://www.dv8fashion.com/Images/Models/Full/31538.jpg,Update your look with a check waistcoat by Saint Genies      Women&apos;s check waistcoat     All over check print     Button through centre     V Neckline     Tailored style     Cropped length     Solid colourway Product Code: P-77923-56--,Sleeveless Tops,40.95,DV8 Fashion (USA),116329,Women's Tops,204,https://images2.productserve.com/?w=200&h=200&bg=white&trim=5&t=letterbox&url=ssl%3Awww.dv8fashion.com%2FImages%2FModels%2FFull%2F31538.jpg&feedId=102894&k=489a28c5eea6b701a9c6fc409fd9764057ac780e,USD,,12.95,https://www.dv8fashion.com/en/Saint-Genies-Check-Waistcoat---Blue--White/m-31538.aspx?PartnerID=4730&utm_source=awin&utm_medium=affiliate&utm_campaign=UnitedStatesUS,,,USD40.95,102894,DV8 Fashion,1,,https://www.dv8fashion.com/Images/Models/Full/31538-1.jpg,https://www.dv8fashion.com/Images/Models/Full/31538-2.jpg,,https://www.dv8fashion.com/Images/Models/Full/31538-3.jpg,Womens,Tops & T-Shirts
https://www.awin1.com/pclick.php?p=41493326045&a=2771700&m=116329,Saint Genies Square Neck Top - Floral Print - 14,41493326045,214011AWUS,https://www.dv8fashion.com/Images/Models/Full/31411.jpg,Add some florals to your wardrobe with Saint Genies...      Square neck top     Floral print     Zip fastening&nbsp;     Crop topProduct Code: P-77438-38--,Sleeveless Tops,36.95,DV8 Fashion (USA),116329,Women's Tops,204,https://images2.productserve.com/?w=200&h=200&bg=white&trim=5&t=letterbox&url=ssl%3Awww.dv8fashion.com%2FImages%2FModels%2FFull%2F31411.jpg&feedId=102894&k=a79c798cb05e57861bef00cc46ba8671159d4421,USD,,12.95,https://www.dv8fashion.com/en/Saint-Genies-Square-Neck-Top---Floral-Print/m-31411.aspx?PartnerID=4730&utm_source=awin&utm_medium=affiliate&utm_campaign=UnitedStatesUS,,,USD36.95,102894,DV8 Fashion,1,,https://www.dv8fashion.com/Images/Models/Full/31411-1.jpg,https://www.dv8fashion.com/Images/Models/Full/31411-2.jpg,,https://www.dv8fashion.com/Images/Models/Full/31411-3.jpg,Womens,Tops & T-Shirts
https://www.awin1.com/pclick.php?p=41493326106&a=2771700&m=116329,Saint Genies Sleeveless Belt Top - Wine - 14,41493326106,235107AWUS,https://www.dv8fashion.com/Images/Models/Full/33385.jpg,Saint Genies women's belt detail top       Tailored top with v neckline   Belt detail   Sleeveless         Product Code: P-80537-47--,Sleeveless Tops,43.95,DV8 Fashion (USA),116329,Women's Tops,204,https://images2.productserve.com/?w=200&h=200&bg=white&trim=5&t=letterbox&url=ssl%3Awww.dv8fashion.com%2FImages%2FModels%2FFull%2F33385.jpg&feedId=102894&k=5e1301769b0c4ab344a5edde42c70b15f839f243,USD,,12.95,https://www.dv8fashion.com/en/Saint-Genies-Sleeveless-Belt-Top---Wine/m-33385.aspx?PartnerID=4730&utm_source=awin&utm_medium=affiliate&utm_campaign=UnitedStatesUS,,,USD43.95,102894,DV8 Fashion,1,,https://www.dv8fashion.com/Images/Models/Full/33385-1.jpg,https://www.dv8fashion.com/Images/Models/Full/33385-2.jpg,,https://www.dv8fashion.com/Images/Models/Full/33385-3.jpg,Womens,Tops & T-Shirts
https://www.awin1.com/pclick.php?p=41493326047&a=2771700&m=116329,Saint Genies Check Waistcoat - Blue / White - 10,41493326047,215239AWUS,https://www.dv8fashion.com/Images/Models/Full/31538.jpg,Update your look with a check waistcoat by Saint Genies      Women&apos;s check waistcoat     All over check print     Button through centre     V Neckline     Tailored style     Cropped length     Solid colourway Product Code: P-77923-56--,Sleeveless Tops,40.95,DV8 Fashion (USA),116329,Women's Tops,204,https://images2.productserve.com/?w=200&h=200&bg=white&trim=5&t=letterbox&url=ssl%3Awww.dv8fashion.com%2FImages%2FModels%2FFull%2F31538.jpg&feedId=102894&k=489a28c5eea6b701a9c6fc409fd9764057ac780e,USD,,12.95,https://www.dv8fashion.com/en/Saint-Genies-Check-Waistcoat---Blue--White/m-31538.aspx?PartnerID=4730&utm_source=awin&utm_medium=affiliate&utm_campaign=UnitedStatesUS,,,USD40.95,102894,DV8 Fashion,1,,https://www.dv8fashion.com/Images/Models/Full/31538-1.jpg,https://www.dv8fashion.com/Images/Models/Full/31538-2.jpg,,https://www.dv8fashion.com/Images/Models/Full/31538-3.jpg,Womens,Tops & T-Shirts
https://www.awin1.com/pclick.php?p=41493326049&a=2771700&m=116329,Saint Genies Check Waistcoat - Blue / White - 8,41493326049,215246AWUS,https://www.dv8fashion.com/Images/Models/Full/31538.jpg,Update your look with a check waistcoat by Saint Genies      Women&apos;s check waistcoat     All over check print     Button through centre     V Neckline     Tailored style     Cropped length     Solid colourway Product Code: P-77923-56--,Sleeveless Tops,40.95,DV8 Fashion (USA),116329,Women's Tops,204,https://images2.productserve.com/?w=200&h=200&bg=white&trim=5&t=letterbox&url=ssl%3Awww.dv8fashion.com%2FImages%2FModels%2FFull%2F31538.jpg&feedId=102894&k=489a28c5eea6b701a9c6fc409fd9764057ac780e,USD,,12.95,https://www.dv8fashion.com/en/Saint-Genies-Check-Waistcoat---Blue--White/m-31538.aspx?PartnerID=4730&utm_source=awin&utm_medium=affiliate&utm_campaign=UnitedStatesUS,,,USD40.95,102894,DV8 Fashion,1,,https://www.dv8fashion.com/Images/Models/Full/31538-1.jpg,https://www.dv8fashion.com/Images/Models/Full/31538-2.jpg,,https://www.dv8fashion.com/Images/Models/Full/31538-3.jpg,Womens,Tops & T-Shirts
https://www.awin1.com/pclick.php?p=41493326072&a=2771700&m=116329,Saint Genies Buckle Halter Neck Top - Black - 14,41493326072,236976AWUS,https://www.dv8fashion.com/Images/Models/Full/33551.jpg,Get new season ready with this halter top by Saint Genies. This stunning piece is designed to make you stand out wherever you go      Colour: Black     Details: Buckle fastening detail on halter strap     Sleeves: Sleeveless     Product type: Top     Fit: Fitted Product Code: P-80960-10--,Sleeveless Tops,36.95,DV8 Fashion (USA),116329,Women's Tops,204,https://images2.productserve.com/?w=200&h=200&bg=white&trim=5&t=letterbox&url=ssl%3Awww.dv8fashion.com%2FImages%2FModels%2FFull%2F33551.jpg&feedId=102894&k=befeb957fbde9c5de640bafe66df29162e55f20c,USD,,12.95,https://www.dv8fashion.com/en/Saint-Genies-Buckle-Halter-Neck-Top---Black/m-33551.aspx?PartnerID=4730&utm_source=awin&utm_medium=affiliate&utm_campaign=UnitedStatesUS,,,USD36.95,102894,DV8 Fashion,1,,https://www.dv8fashion.com/Images/Models/Full/33551-1.jpg,https://www.dv8fashion.com/Images/Models/Full/33551-2.jpg,,https://www.dv8fashion.com/Images/Models/Full/33551-3.jpg,Womens,Tops & T-Shirts
https://www.awin1.com/pclick.php?p=41493326059&a=2771700&m=116329,Saint Genies Zebra Bandeau Ruched Top - Neon Green - M,41493326059,216245AWUS,https://www.dv8fashion.com/Images/Models/Full/31631.jpg,Bring a touch of animal print to your look with Saint Genies...       Green and black zebra print pattern   Ruched front   Bandeau styling   Cropped fitted style         Product Code: P-78026-45--,Sleeveless Tops,26.95,DV8 Fashion (USA),116329,Women's Tops,204,https://images2.productserve.com/?w=200&h=200&bg=white&trim=5&t=letterbox&url=ssl%3Awww.dv8fashion.com%2FImages%2FModels%2FFull%2F31631.jpg&feedId=102894&k=36e45fdb66e2e4345240310af74e325734cb1e25,USD,,12.95,https://www.dv8fashion.com/en/Saint-Genies-Zebra-Bandeau-Ruched-Top---Neon-Green/m-31631.aspx?PartnerID=4730&utm_source=awin&utm_medium=affiliate&utm_campaign=UnitedStatesUS,,,USD26.95,102894,DV8 Fashion,1,,https://www.dv8fashion.com/Images/Models/Full/31631-1.jpg,https://www.dv8fashion.com/Images/Models/Full/31631-2.jpg,,https://www.dv8fashion.com/Images/Models/Full/31631-3.jpg,Womens,Tops & T-Shirts
https://www.awin1.com/pclick.php?p=41493326044&a=2771700&m=116329,Saint Genies Square Neck Top - Floral Print - 12,41493326044,214010AWUS,https://www.dv8fashion.com/Images/Models/Full/31411.jpg,Add some florals to your wardrobe with Saint Genies...      Square neck top     Floral print     Zip fastening&nbsp;     Crop topProduct Code: P-77438-38--,Sleeveless Tops,36.95,DV8 Fashion (USA),116329,Women's Tops,204,https://images2.productserve.com/?w=200&h=200&bg=white&trim=5&t=letterbox&url=ssl%3Awww.dv8fashion.com%2FImages%2FModels%2FFull%2F31411.jpg&feedId=102894&k=a79c798cb05e57861bef00cc46ba8671159d4421,USD,,12.95,https://www.dv8fashion.com/en/Saint-Genies-Square-Neck-Top---Floral-Print/m-31411.aspx?PartnerID=4730&utm_source=awin&utm_medium=affiliate&utm_campaign=UnitedStatesUS,,,USD36.95,102894,DV8 Fashion,1,,https://www.dv8fashion.com/Images/Models/Full/31411-1.jpg,https://www.dv8fashion.com/Images/Models/Full/31411-2.jpg,,https://www.dv8fashion.com/Images/Models/Full/31411-3.jpg,Womens,Tops & T-Shirts
https://www.awin1.com/pclick.php?p=41493326046&a=2771700&m=116329,Saint Genies Square Neck Top - Floral Print - 8,41493326046,214016AWUS,https://www.dv8fashion.com/Images/Models/Full/31411.jpg,Add some florals to your wardrobe with Saint Genies...      Square neck top     Floral print     Zip fastening&nbsp;     Crop topProduct Code: P-77438-38--,Sleeveless Tops,36.95,DV8 Fashion (USA),116329,Women's Tops,204,https://images2.productserve.com/?w=200&h=200&bg=white&trim=5&t=letterbox&url=ssl%3Awww.dv8fashion.com%2FImages%2FModels%2FFull%2F31411.jpg&feedId=102894&k=a79c798cb05e57861bef00cc46ba8671159d4421,USD,,12.95,https://www.dv8fashion.com/en/Saint-Genies-Square-Neck-Top---Floral-Print/m-31411.aspx?PartnerID=4730&utm_source=awin&utm_medium=affiliate&utm_campaign=UnitedStatesUS,,,USD36.95,102894,DV8 Fashion,1,,https://www.dv8fashion.com/Images/Models/Full/31411-1.jpg,https://www.dv8fashion.com/Images/Models/Full/31411-2.jpg,,https://www.dv8fashion.com/Images/Models/Full/31411-3.jpg,Womens,Tops & T-Shirts
https://www.awin1.com/pclick.php?p=41493326065&a=2771700&m=116329,Saint Genies Lace Vest Top - White - 8,41493326065,236131AWUS,https://www.dv8fashion.com/Images/Models/Full/33473.jpg,"Make them stare this season in our beaut lace top! Featuring lace material and sleeveless, it&rsquo;s a staple for the upcoming season      White lace fabric     Bodycon Shape     Sleeveless style     V neck Product Code: P-80845-11--",Sleeveless Tops,29.95,DV8 Fashion (USA),116329,Women's Tops,204,https://images2.productserve.com/?w=200&h=200&bg=white&trim=5&t=letterbox&url=ssl%3Awww.dv8fashion.com%2FImages%2FModels%2FFull%2F33473.jpg&feedId=102894&k=f67ac5b62faa792ccaaaf1a9c6d93c3965f035d5,USD,,12.95,https://www.dv8fashion.com/en/Saint-Genies-Lace-Vest-Top---White/m-33473.aspx?PartnerID=4730&utm_source=awin&utm_medium=affiliate&utm_campaign=UnitedStatesUS,,,USD29.95,102894,DV8 Fashion,1,,https://www.dv8fashion.com/Images/Models/Full/33473-1.jpg,https://www.dv8fashion.com/Images/Models/Full/33473-2.jpg,,https://www.dv8fashion.com/Images/Models/Full/33473-3.jpg,Womens,Tops & T-Shirts
https://www.awin1.com/pclick.php?p=41493325998&a=2771700&m=116329,Saint Genies Halter Button Waistcoat Top - Black - 14,41493325998,247711AWUS,https://www.dv8fashion.com/Images/Models/Full/34562.jpg,Get new season ready with this halter top by Saint Genies. This stunning piece is designed to make you stand out wherever you go      Colour: Black     Details: Button fastening with halter strap neckline     Sleeves: Sleeveless     Product type: Top     Fit: Fitted Product Code: P-82574-10--,Sleeveless Tops,40.95,DV8 Fashion (USA),116329,Women's Tops,204,https://images2.productserve.com/?w=200&h=200&bg=white&trim=5&t=letterbox&url=ssl%3Awww.dv8fashion.com%2FImages%2FModels%2FFull%2F34562.jpg&feedId=102894&k=cf4961c3dc8f5b6cfab24f53f57b69ab3a78f330,USD,,12.95,https://www.dv8fashion.com/en/Saint-Genies-Halter-Button-Waistcoat-Top---Black/m-34562.aspx?PartnerID=4730&utm_source=awin&utm_medium=affiliate&utm_campaign=UnitedStatesUS,,,USD40.95,102894,DV8 Fashion,1,,https://www.dv8fashion.com/Images/Models/Full/34562-1.jpg,https://www.dv8fashion.com/Images/Models/Full/34562-2.jpg,,https://www.dv8fashion.com/Images/Models/Full/34562-3.jpg,Womens,Tops & T-Shirts
https://www.awin1.com/pclick.php?p=41517008391&a=2771700&m=116329,Saint Genies Chiffon Tie Top - Pale Yellow - L,41517008391,248646AWUS,https://www.dv8fashion.com/Images/Models/Full/34662.jpg,Update your wardrobe with Saint Genies...      Product Type: Top     Sleeves: Singlet     Fabric: Mesh     Extra details: Halter neck tie fastening Product Code: P-82702-25--,Sleeveless Tops,29.95,DV8 Fashion (USA),116329,Women's Tops,204,https://images2.productserve.com/?w=200&h=200&bg=white&trim=5&t=letterbox&url=ssl%3Awww.dv8fashion.com%2FImages%2FModels%2FFull%2F34662.jpg&feedId=102894&k=71699f9ed08d71d06b1076b4e6a4ed871a5d8d9f,USD,,12.95,https://www.dv8fashion.com/en/Saint-Genies-Chiffon-Tie-Top---Pale-Yellow/m-34662.aspx?PartnerID=4730&utm_source=awin&utm_medium=affiliate&utm_campaign=UnitedStatesUS,,,USD29.95,102894,DV8 Fashion,1,,https://www.dv8fashion.com/Images/Models/Full/34662-1.jpg,https://www.dv8fashion.com/Images/Models/Full/34662-2.jpg,,https://www.dv8fashion.com/Images/Models/Full/34662-3.jpg,Womens,Tops & T-Shirts
https://www.awin1.com/pclick.php?p=41493326021&a=2771700&m=116329,Saint Genies Layla Satin Lace Up Back Corset - Teal - XL,41493326021,230278AWUS,https://www.dv8fashion.com/Images/Models/Full/32927.jpg,Introducing the little corset top! The perfect piece to elevate any outfit      Ruched cup     Corset style     Adjustable straps with tie back fastening Product Code: P-79982-45--,Sleeveless Tops,40.95,DV8 Fashion (USA),116329,Women's Tops,204,https://images2.productserve.com/?w=200&h=200&bg=white&trim=5&t=letterbox&url=ssl%3Awww.dv8fashion.com%2FImages%2FModels%2FFull%2F32927.jpg&feedId=102894&k=f69fd05e12205746baa2fa9e09a46acb891d9297,USD,,12.95,https://www.dv8fashion.com/en/Saint-Genies-Layla-Satin-Lace-Up-Back-Corset---Teal/m-32927.aspx?PartnerID=4730&utm_source=awin&utm_medium=affiliate&utm_campaign=UnitedStatesUS,,,USD40.95,102894,DV8 Fashion,1,,https://www.dv8fashion.com/Images/Models/Full/32927-1.jpg,https://www.dv8fashion.com/Images/Models/Full/32927-2.jpg,,https://www.dv8fashion.com/Images/Models/Full/32927-3.jpg,Womens,Tops & T-Shirts
https://www.awin1.com/pclick.php?p=41517008392&a=2771700&m=116329,Saint Genies Chiffon Tie Top - Pale Yellow - M,41517008392,248647AWUS,https://www.dv8fashion.com/Images/Models/Full/34662.jpg,Update your wardrobe with Saint Genies...      Product Type: Top     Sleeves: Singlet     Fabric: Mesh     Extra details: Halter neck tie fastening Product Code: P-82702-25--,Sleeveless Tops,29.95,DV8 Fashion (USA),116329,Women's Tops,204,https://images2.productserve.com/?w=200&h=200&bg=white&trim=5&t=letterbox&url=ssl%3Awww.dv8fashion.com%2FImages%2FModels%2FFull%2F34662.jpg&feedId=102894&k=71699f9ed08d71d06b1076b4e6a4ed871a5d8d9f,USD,,12.95,https://www.dv8fashion.com/en/Saint-Genies-Chiffon-Tie-Top---Pale-Yellow/m-34662.aspx?PartnerID=4730&utm_source=awin&utm_medium=affiliate&utm_campaign=UnitedStatesUS,,,USD29.95,102894,DV8 Fashion,1,,https://www.dv8fashion.com/Images/Models/Full/34662-1.jpg,https://www.dv8fashion.com/Images/Models/Full/34662-2.jpg,,https://www.dv8fashion.com/Images/Models/Full/34662-3.jpg,Womens,Tops & T-Shirts
https://www.awin1.com/pclick.php?p=41517008394&a=2771700&m=116329,Saint Genies Chiffon Tie Top - Pale Yellow - XL,41517008394,248649AWUS,https://www.dv8fashion.com/Images/Models/Full/34662.jpg,Update your wardrobe with Saint Genies...      Product Type: Top     Sleeves: Singlet     Fabric: Mesh     Extra details: Halter neck tie fastening Product Code: P-82702-25--,Sleeveless Tops,29.95,DV8 Fashion (USA),116329,Women's Tops,204,https://images2.productserve.com/?w=200&h=200&bg=white&trim=5&t=letterbox&url=ssl%3Awww.dv8fashion.com%2FImages%2FModels%2FFull%2F34662.jpg&feedId=102894&k=71699f9ed08d71d06b1076b4e6a4ed871a5d8d9f,USD,,12.95,https://www.dv8fashion.com/en/Saint-Genies-Chiffon-Tie-Top---Pale-Yellow/m-34662.aspx?PartnerID=4730&utm_source=awin&utm_medium=affiliate&utm_campaign=UnitedStatesUS,,,USD29.95,102894,DV8 Fashion,1,,https://www.dv8fashion.com/Images/Models/Full/34662-1.jpg,https://www.dv8fashion.com/Images/Models/Full/34662-2.jpg,,https://www.dv8fashion.com/Images/Models/Full/34662-3.jpg,Womens,Tops & T-Shirts
https://www.awin1.com/pclick.php?p=41493325904&a=2771700&m=116329,Tally Weijl Printed Ruched Tube Top - White - L,41493325904,247779AWUS,https://www.dv8fashion.com/Images/Models/Full/34570.jpg,"Update your summer wardrobe with Tally Weijl...      Pattern: Printed     Details: Elasticated bands, Ruched     Product type: Top Product Code: P-82622-11--",Sleeveless Tops,25.95,DV8 Fashion (USA),116329,Women's Tops,204,https://images2.productserve.com/?w=200&h=200&bg=white&trim=5&t=letterbox&url=ssl%3Awww.dv8fashion.com%2FImages%2FModels%2FFull%2F34570.jpg&feedId=102894&k=664081026b63377af6f0b19c53d8516563de4743,USD,,12.95,https://www.dv8fashion.com/en/Tally-Weijl-Printed-Ruched-Tube-Top---White/m-34570.aspx?PartnerID=4730&utm_source=awin&utm_medium=affiliate&utm_campaign=UnitedStatesUS,,,USD25.95,102894,DV8 Fashion,1,,https://www.dv8fashion.com/Images/Models/Full/34570-1.jpg,https://www.dv8fashion.com/Images/Models/Full/34570-2.jpg,,https://www.dv8fashion.com/Images/Models/Full/34570-3.jpg,Womens,Tops & T-Shirts
https://www.awin1.com/pclick.php?p=41493325797&a=2771700&m=116329,Noisy May Selena Tie Top - Tomato - XL,41493325797,247962AWUS,https://www.dv8fashion.com/Images/Models/Full/34588.jpg,Update your look with Noisy May...      Product Type: Top     Neck: V-Neck     Sleeve: Sleeveless     Fit: Tight Fit Product Code: P-82662-21--,Sleeveless Tops,36.95,DV8 Fashion (USA),116329,Women's Tops,204,https://images2.productserve.com/?w=200&h=200&bg=white&trim=5&t=letterbox&url=ssl%3Awww.dv8fashion.com%2FImages%2FModels%2FFull%2F34588.jpg&feedId=102894&k=922c28bcb414840c24ceaae6c64883089bd8847b,USD,,12.95,https://www.dv8fashion.com/en/Noisy-May-Selena-Tie-Top---Tomato/m-34588.aspx?PartnerID=4730&utm_source=awin&utm_medium=affiliate&utm_campaign=UnitedStatesUS,,,USD36.95,102894,DV8 Fashion,1,,https://www.dv8fashion.com/Images/Models/Full/34588-1.jpg,https://www.dv8fashion.com/Images/Models/Full/34588-2.jpg,,https://www.dv8fashion.com/Images/Models/Full/34588-3.jpg,Womens,Tops & T-Shirts
https://www.awin1.com/pclick.php?p=41493325776&a=2771700&m=116329,Noisy May Laika V-Neck Knit Waistcoat - Birch - L,41493325776,245999AWUS,https://www.dv8fashion.com/Images/Models/Full/34400.jpg,With brighter and warmer days ahead it is time for a wardrobe change. Cotton is a breathable and soft fabric made of natural fibres      Product Type: Knitted cardigan     Neck: V-Neck     Sleeve: Sleeveless     Closing: String fastening     Length/Size: Ankle length     Extra details: Knot detail     Fit: Relaxed Fit Product Code: P-82335-34--,Sleeveless Tops,46.95,DV8 Fashion (USA),116329,Women's Tops,204,https://images2.productserve.com/?w=200&h=200&bg=white&trim=5&t=letterbox&url=ssl%3Awww.dv8fashion.com%2FImages%2FModels%2FFull%2F34400.jpg&feedId=102894&k=2a95d7adcded13eac2111761f96d87a7db0132b8,USD,,12.95,https://www.dv8fashion.com/en/Noisy-May-Laika-V-Neck-Knit-Waistcoat---Birch/m-34400.aspx?PartnerID=4730&utm_source=awin&utm_medium=affiliate&utm_campaign=UnitedStatesUS,,,USD46.95,102894,DV8 Fashion,1,,https://www.dv8fashion.com/Images/Models/Full/34400-1.jpg,https://www.dv8fashion.com/Images/Models/Full/34400-2.jpg,,https://www.dv8fashion.com/Images/Models/Full/34400-3.jpg,Womens,Tops & T-Shirts
https://www.awin1.com/pclick.php?p=41493325784&a=2771700&m=116329,Noisy May Stine Embroidery Top - Silver Mink - XS,41493325784,246711AWUS,https://www.dv8fashion.com/Images/Models/Full/34470.jpg,Update your basics with Noisy May...      Product Type: Top     Neck: Crew neck     Sleeve: Straps     Extra Details: Front embroidery     Fit: Slim Fit Product Code: P-82520-13--,Sleeveless Tops,23.95,DV8 Fashion (USA),116329,Women's Tops,204,https://images2.productserve.com/?w=200&h=200&bg=white&trim=5&t=letterbox&url=ssl%3Awww.dv8fashion.com%2FImages%2FModels%2FFull%2F34470.jpg&feedId=102894&k=3d411882f52421d294ec0d1b0b37c043c8cd76f9,USD,,12.95,https://www.dv8fashion.com/en/Noisy-May-Stine-Embroidery-Top---Silver-Mink/m-34470.aspx?PartnerID=4730&utm_source=awin&utm_medium=affiliate&utm_campaign=UnitedStatesUS,,,USD23.95,102894,DV8 Fashion,1,,https://www.dv8fashion.com/Images/Models/Full/34470-1.jpg,https://www.dv8fashion.com/Images/Models/Full/34470-2.jpg,,https://www.dv8fashion.com/Images/Models/Full/34470-3.jpg,Womens,Tops & T-Shirts
https://www.awin1.com/pclick.php?p=41493325807&a=2771700&m=116329,Noisy May Bella Bra Top - Medium Blue Denim - XL,41493325807,216614AWUS,https://www.dv8fashion.com/Images/Models/Full/31669.jpg,Medium blue denim bralette     Plunge cup     String tie halter fastening     Long tie detail around the waist     Regular fit Product Code: P-78109-56--,Sleeveless Tops,26.95,DV8 Fashion (USA),116329,Women's Tops,204,https://images2.productserve.com/?w=200&h=200&bg=white&trim=5&t=letterbox&url=ssl%3Awww.dv8fashion.com%2FImages%2FModels%2FFull%2F31669.jpg&feedId=102894&k=43f939920f7558bb0234b0c4f8d42a6b59bd5ee1,USD,,12.95,https://www.dv8fashion.com/en/Noisy-May-Bella-Bra-Top---Medium-Blue-Denim/m-31669.aspx?PartnerID=4730&utm_source=awin&utm_medium=affiliate&utm_campaign=UnitedStatesUS,,,USD26.95,102894,DV8 Fashion,1,,https://www.dv8fashion.com/Images/Models/Full/31669-1.jpg,https://www.dv8fashion.com/Images/Models/Full/31669-2.jpg,,https://www.dv8fashion.com/Images/Models/Full/31669-3.jpg,Womens,Tops & T-Shirts
https://www.awin1.com/pclick.php?p=41493326223&a=2771700&m=116329,Daisy Street Cut Out Crop Top - Pink - 6,41493326223,215185AWUS,https://www.dv8fashion.com/Images/Models/Full/31530.jpg,A must have summer crop top!      Contrast green detailing     Crop fit     Flower design Product Code: P-77914-38--,Sleeveless Tops,23.95,DV8 Fashion (USA),116329,Women's Tops,204,https://images2.productserve.com/?w=200&h=200&bg=white&trim=5&t=letterbox&url=ssl%3Awww.dv8fashion.com%2FImages%2FModels%2FFull%2F31530.jpg&feedId=102894&k=359d89dc2959da2dd9d6b5339fdccca0802b3f8f,USD,,12.95,https://www.dv8fashion.com/en/Daisy-Street-Cut-Out-Crop-Top---Pink/m-31530.aspx?PartnerID=4730&utm_source=awin&utm_medium=affiliate&utm_campaign=UnitedStatesUS,,,USD23.95,102894,DV8 Fashion,1,,https://www.dv8fashion.com/Images/Models/Full/31530-1.jpg,https://www.dv8fashion.com/Images/Models/Full/31530-2.jpg,,https://www.dv8fashion.com/Images/Models/Full/31530-3.jpg,Womens,Tops & T-Shirts
https://www.awin1.com/pclick.php?p=41493326269&a=2771700&m=116329,Brave Soul Check Bandeau Top - Cream Black - L,41493326269,246214AWUS,https://www.dv8fashion.com/Images/Models/Full/34421.jpg,New season Brave Soul has landed...      Product Type: Top     Sleeves: Sleeveless     Pattern: Check     Details: Tie detail Product Code: P-82349-26--,Sleeveless Tops,22.95,DV8 Fashion (USA),116329,Women's Tops,204,https://images2.productserve.com/?w=200&h=200&bg=white&trim=5&t=letterbox&url=ssl%3Awww.dv8fashion.com%2FImages%2FModels%2FFull%2F34421.jpg&feedId=102894&k=0cceb7b25160089cbb7580dc307b47c2a2300a1e,USD,,12.95,https://www.dv8fashion.com/en/Brave-Soul-Check-Bandeau-Top---Cream-Black/m-34421.aspx?PartnerID=4730&utm_source=awin&utm_medium=affiliate&utm_campaign=UnitedStatesUS,,,USD22.95,102894,DV8 Fashion,1,,https://www.dv8fashion.com/Images/Models/Full/34421-1.jpg,https://www.dv8fashion.com/Images/Models/Full/34421-2.jpg,,https://www.dv8fashion.com/Images/Models/Full/34421-3.jpg,Womens,Tops & T-Shirts
https://www.awin1.com/pclick.php?p=41493325665&a=2771700&m=116329,Only Love Strap Singlet - Black - XS,41493325665,236881AWUS,https://www.dv8fashion.com/Images/Models/Full/33541.jpg,"No wardrobe is complete without soft, timeless, basic styles, perfect for any occasion and season      Product Type: Top     Neck: Round Neck     Sleeve: Sleeveless     Fit: Stretch Fit Product Code: P-81022-10--",Sleeveless Tops,16.95,DV8 Fashion (USA),116329,Women's Tops,204,https://images2.productserve.com/?w=200&h=200&bg=white&trim=5&t=letterbox&url=ssl%3Awww.dv8fashion.com%2FImages%2FModels%2FFull%2F33541.jpg&feedId=102894&k=e9492bbece03ebda5d8977da63a78222eebaee93,USD,,12.95,https://www.dv8fashion.com/en/Only-Love-Strap-Singlet---Black/m-33541.aspx?PartnerID=4730&utm_source=awin&utm_medium=affiliate&utm_campaign=UnitedStatesUS,,,USD16.95,102894,DV8 Fashion,1,,https://www.dv8fashion.com/Images/Models/Full/33541-1.jpg,https://www.dv8fashion.com/Images/Models/Full/33541-2.jpg,,https://www.dv8fashion.com/Images/Models/Full/33541-3.jpg,Womens,Tops & T-Shirts
https://www.awin1.com/pclick.php?p=41493325834&a=2771700&m=116329,Pieces Sanny Cropped Strap Top - Black - M/L,41493325834,207459AWUS,https://www.dv8fashion.com/Images/Models/Full/30781.jpg,"Find your perfect everyday look. With quality styles, you can create timeless, comfortable, and trendy outfits that work every single day of the week. Rib is a soft fabric with visible ribs on its front and back creating a stretchy fabric      Product Type: Tank top     Neck: U-Neck     Sleeve: Sleeveless     Straps: Adjustable straps     Length/Size: Cropped     Lining: Unlined     Fit: Regular Fit Product Code: P-76275-10--",Sleeveless Tops,26.95,DV8 Fashion (USA),116329,Women's Tops,204,https://images2.productserve.com/?w=200&h=200&bg=white&trim=5&t=letterbox&url=ssl%3Awww.dv8fashion.com%2FImages%2FModels%2FFull%2F30781.jpg&feedId=102894&k=28645dfb7e9a947ee901048bfcb01cd36ff9c56c,USD,,12.95,https://www.dv8fashion.com/en/Pieces-Sanny-Cropped-Strap-Top---Black/m-30781.aspx?PartnerID=4730&utm_source=awin&utm_medium=affiliate&utm_campaign=UnitedStatesUS,,,USD26.95,102894,DV8 Fashion,1,,https://www.dv8fashion.com/Images/Models/Full/30781-1.jpg,https://www.dv8fashion.com/Images/Models/Full/30781-2.jpg,,https://www.dv8fashion.com/Images/Models/Full/30781-3.jpg,Womens,Tops & T-Shirts
https://www.awin1.com/pclick.php?p=41493326172&a=2771700&m=116329,Tiffosi Metallic Sleeveless Top - Silver - M,41493326172,219267AWUS,https://www.dv8fashion.com/Images/Models/Full/31925.jpg,Update your wardrobe with Tiffosi...      Ribbed top with sleeveless     Slim fit     Metallic finish Product Code: P-78331-74--,Sleeveless Tops,23.95,DV8 Fashion (USA),116329,Women's Tops,204,https://images2.productserve.com/?w=200&h=200&bg=white&trim=5&t=letterbox&url=ssl%3Awww.dv8fashion.com%2FImages%2FModels%2FFull%2F31925.jpg&feedId=102894&k=784b17c4c4b41391c2911d50e3e35c8139d7b023,USD,,12.95,https://www.dv8fashion.com/en/Tiffosi-Metallic-Sleeveless-Top---Silver/m-31925.aspx?PartnerID=4730&utm_source=awin&utm_medium=affiliate&utm_campaign=UnitedStatesUS,,,USD23.95,102894,DV8 Fashion,1,,https://www.dv8fashion.com/Images/Models/Full/31925-1.jpg,https://www.dv8fashion.com/Images/Models/Full/31925-2.jpg,,https://www.dv8fashion.com/Images/Models/Full/31925-3.jpg,Womens,Tops & T-Shirts
https://www.awin1.com/pclick.php?p=41493325796&a=2771700&m=116329,Noisy May Selena Tie Top - Tomato - M,41493325796,247960AWUS,https://www.dv8fashion.com/Images/Models/Full/34588.jpg,Update your look with Noisy May...      Product Type: Top     Neck: V-Neck     Sleeve: Sleeveless     Fit: Tight Fit Product Code: P-82662-21--,Sleeveless Tops,36.95,DV8 Fashion (USA),116329,Women's Tops,204,https://images2.productserve.com/?w=200&h=200&bg=white&trim=5&t=letterbox&url=ssl%3Awww.dv8fashion.com%2FImages%2FModels%2FFull%2F34588.jpg&feedId=102894&k=922c28bcb414840c24ceaae6c64883089bd8847b,USD,,12.95,https://www.dv8fashion.com/en/Noisy-May-Selena-Tie-Top---Tomato/m-34588.aspx?PartnerID=4730&utm_source=awin&utm_medium=affiliate&utm_campaign=UnitedStatesUS,,,USD36.95,102894,DV8 Fashion,1,,https://www.dv8fashion.com/Images/Models/Full/34588-1.jpg,https://www.dv8fashion.com/Images/Models/Full/34588-2.jpg,,https://www.dv8fashion.com/Images/Models/Full/34588-3.jpg,Womens,Tops & T-Shirts
https://www.awin1.com/pclick.php?p=41493309849&a=2771700&m=116329,Brave Soul Rib Button Vest Top - Red - XS,41493309849,248217AWUS,https://www.dv8fashion.com/Images/Models/Full/34611.jpg,New season Brave Soul has landed...       Product Type: Top   Neck: Crew neck   Sleeve: Sleeveless   Extra details: Button front         Product Code: P-82682-21--,Sleeveless Tops,19.95,DV8 Fashion (USA),116329,Women's Tops,204,https://images2.productserve.com/?w=200&h=200&bg=white&trim=5&t=letterbox&url=ssl%3Awww.dv8fashion.com%2FImages%2FModels%2FFull%2F34611.jpg&feedId=102894&k=ad4b6895f0377081a5b0c23d95a8b5947fc224cf,USD,,12.95,https://www.dv8fashion.com/en/Brave-Soul-Rib-Button-Vest-Top---Red/m-34611.aspx?PartnerID=4730&utm_source=awin&utm_medium=affiliate&utm_campaign=UnitedStatesUS,,,USD19.95,102894,DV8 Fashion,1,,https://www.dv8fashion.com/Images/Models/Full/34611-1.jpg,https://www.dv8fashion.com/Images/Models/Full/34611-2.jpg,,https://www.dv8fashion.com/Images/Models/Full/34611-3.jpg,Womens,Tops & T-Shirts
https://www.awin1.com/pclick.php?p=41493309834&a=2771700&m=116329,Brave Soul Stripe Button Top - Black / White - XL,41493309834,245555AWUS,https://www.dv8fashion.com/Images/Models/Full/34356.jpg,Update your wardrobe with Brave Soul...      Black and white stripe rib fabric     Sleeveless style     Button fastening Product Code: P-82260-10--,Sleeveless Tops,26.95,DV8 Fashion (USA),116329,Women's Tops,204,https://images2.productserve.com/?w=200&h=200&bg=white&trim=5&t=letterbox&url=ssl%3Awww.dv8fashion.com%2FImages%2FModels%2FFull%2F34356.jpg&feedId=102894&k=b3bab02a9ca82dcac98d342f5a9b0b9dd89c6e99,USD,,12.95,https://www.dv8fashion.com/en/Brave-Soul-Stripe-Button-Top---Black--White/m-34356.aspx?PartnerID=4730&utm_source=awin&utm_medium=affiliate&utm_campaign=UnitedStatesUS,,,USD26.95,102894,DV8 Fashion,1,,https://www.dv8fashion.com/Images/Models/Full/34356-1.jpg,https://www.dv8fashion.com/Images/Models/Full/34356-2.jpg,,https://www.dv8fashion.com/Images/Models/Full/34356-3.jpg,Womens,Tops & T-Shirts
https://www.awin1.com/pclick.php?p=41493325659&a=2771700&m=116329,Only Aida Elisa Frill Strap Top - Black - XL,41493325659,237863AWUS,https://www.dv8fashion.com/Images/Models/Full/33634.jpg,"Make the transition easy with spring and summer styles, perfect for the lovely in-between season. Woven fabrics are created by weaving together two or more yarns for a timeless look      Product Type: Top     Neck: V-Neck     Sleeve: Sleeveless     Lining: Polyester lining for a comfortable feel     Fit: Regular Fit Product Code: P-81130-10--",Sleeveless Tops,34.95,DV8 Fashion (USA),116329,Women's Tops,204,https://images2.productserve.com/?w=200&h=200&bg=white&trim=5&t=letterbox&url=ssl%3Awww.dv8fashion.com%2FImages%2FModels%2FFull%2F33634.jpg&feedId=102894&k=d66d99f29f63ad0a8bbc1d09afb669f1de8f608d,USD,,12.95,https://www.dv8fashion.com/en/Only-Aida-Elisa-Frill-Strap-Top---Black/m-33634.aspx?PartnerID=4730&utm_source=awin&utm_medium=affiliate&utm_campaign=UnitedStatesUS,,,USD34.95,102894,DV8 Fashion,1,,https://www.dv8fashion.com/Images/Models/Full/33634-1.jpg,https://www.dv8fashion.com/Images/Models/Full/33634-2.jpg,,https://www.dv8fashion.com/Images/Models/Full/33634-3.jpg,Womens,Tops & T-Shirts
https://www.awin1.com/pclick.php?p=41493325719&a=2771700&m=116329,Only Vilma Cropped Tank Top - Cloud Dancer - L,41493325719,248866AWUS,https://www.dv8fashion.com/Images/Models/Full/34682.jpg,Casual and easy all day wear      Product Type: Tank top     Neck: Round Neck     Sleeve: Sleeveless     Length/Size: Cropped     Fit: Slim Fit Product Code: P-82727-11--,Sleeveless Tops,16.95,DV8 Fashion (USA),116329,Women's Tops,204,https://images2.productserve.com/?w=200&h=200&bg=white&trim=5&t=letterbox&url=ssl%3Awww.dv8fashion.com%2FImages%2FModels%2FFull%2F34682.jpg&feedId=102894&k=ccad001056ccca6206770e7c2dd9d18ec806800d,USD,,12.95,https://www.dv8fashion.com/en/Only-Vilma-Cropped-Tank-Top---Cloud-Dancer/m-34682.aspx?PartnerID=4730&utm_source=awin&utm_medium=affiliate&utm_campaign=UnitedStatesUS,,,USD16.95,102894,DV8 Fashion,1,,https://www.dv8fashion.com/Images/Models/Full/34682-1.jpg,https://www.dv8fashion.com/Images/Models/Full/34682-2.jpg,,https://www.dv8fashion.com/Images/Models/Full/34682-3.jpg,Womens,Tops & T-Shirts
https://www.awin1.com/pclick.php?p=41493325858&a=2771700&m=116329,Pieces May Tank Top - Riverside - M,41493325858,248081AWUS,https://www.dv8fashion.com/Images/Models/Full/34599.jpg,Find casual items that are comfortable and relaxed and can be used all day long. Rib is a soft fabric with visible ribs on its front and back creating a stretchy fabric       Product Type: Tank top   Neck: U-Neck   Sleeve: Sleeveless   Fit: Tight Fit         Product Code: P-82670-55--,Sleeveless Tops,23.95,DV8 Fashion (USA),116329,Women's Tops,204,https://images2.productserve.com/?w=200&h=200&bg=white&trim=5&t=letterbox&url=ssl%3Awww.dv8fashion.com%2FImages%2FModels%2FFull%2F34599.jpg&feedId=102894&k=e468509567faf2b091ba669dfdfd7593c1ca3238,USD,,12.95,https://www.dv8fashion.com/en/Pieces-May-Tank-Top---Riverside/m-34599.aspx?PartnerID=4730&utm_source=awin&utm_medium=affiliate&utm_campaign=UnitedStatesUS,,,USD23.95,102894,DV8 Fashion,1,,https://www.dv8fashion.com/Images/Models/Full/34599-1.jpg,https://www.dv8fashion.com/Images/Models/Full/34599-2.jpg,,https://www.dv8fashion.com/Images/Models/Full/34599-3.jpg,Womens,Tops & T-Shirts
https://www.awin1.com/pclick.php?p=41493325875&a=2771700&m=116329,Pieces May Tank Top - Pink - XL,41493325875,248116AWUS,https://www.dv8fashion.com/Images/Models/Full/34602.jpg,Find casual items that are comfortable and relaxed and can be used all day long. Rib is a soft fabric with visible ribs on its front and back creating a stretchy fabric      Product Type: Tank top     Neck: U-Neck     Sleeve: Sleeveless     Fit: Tight Fit Product Code: P-82673-38--,Sleeveless Tops,23.95,DV8 Fashion (USA),116329,Women's Tops,204,https://images2.productserve.com/?w=200&h=200&bg=white&trim=5&t=letterbox&url=ssl%3Awww.dv8fashion.com%2FImages%2FModels%2FFull%2F34602.jpg&feedId=102894&k=039bc4262716976be4eff46fbb553b5d2fa275c5,USD,,12.95,https://www.dv8fashion.com/en/Pieces-May-Tank-Top---Pink/m-34602.aspx?PartnerID=4730&utm_source=awin&utm_medium=affiliate&utm_campaign=UnitedStatesUS,,,USD23.95,102894,DV8 Fashion,1,,https://www.dv8fashion.com/Images/Models/Full/34602-1.jpg,https://www.dv8fashion.com/Images/Models/Full/34602-2.jpg,,https://www.dv8fashion.com/Images/Models/Full/34602-3.jpg,Womens,Tops & T-Shirts
https://www.awin1.com/pclick.php?p=41493325795&a=2771700&m=116329,Noisy May Selena Tie Top - Tomato - L,41493325795,247959AWUS,https://www.dv8fashion.com/Images/Models/Full/34588.jpg,Update your look with Noisy May...      Product Type: Top     Neck: V-Neck     Sleeve: Sleeveless     Fit: Tight Fit Product Code: P-82662-21--,Sleeveless Tops,36.95,DV8 Fashion (USA),116329,Women's Tops,204,https://images2.productserve.com/?w=200&h=200&bg=white&trim=5&t=letterbox&url=ssl%3Awww.dv8fashion.com%2FImages%2FModels%2FFull%2F34588.jpg&feedId=102894&k=922c28bcb414840c24ceaae6c64883089bd8847b,USD,,12.95,https://www.dv8fashion.com/en/Noisy-May-Selena-Tie-Top---Tomato/m-34588.aspx?PartnerID=4730&utm_source=awin&utm_medium=affiliate&utm_campaign=UnitedStatesUS,,,USD36.95,102894,DV8 Fashion,1,,https://www.dv8fashion.com/Images/Models/Full/34588-1.jpg,https://www.dv8fashion.com/Images/Models/Full/34588-2.jpg,,https://www.dv8fashion.com/Images/Models/Full/34588-3.jpg,Womens,Tops & T-Shirts
https://www.awin1.com/pclick.php?p=41493325809&a=2771700&m=116329,Noisy May Sally S/L O-Neck Knit Top - Sweet Lavender - M,41493325809,218166AWUS,https://www.dv8fashion.com/Images/Models/Full/31819.jpg,"With brighter and warmer days ahead it is time for a wardrobe change. Acrylic is a strong synthetic fiber, which can achieve different looks and handfeel      Product Type: Knitted top     Neck: Round Neck     Sleeve: Sleeveless     Fit: Cropped Fit Product Code: P-78308-22--",Sleeveless Tops,40.95,DV8 Fashion (USA),116329,Women's Tops,204,https://images2.productserve.com/?w=200&h=200&bg=white&trim=5&t=letterbox&url=ssl%3Awww.dv8fashion.com%2FImages%2FModels%2FFull%2F31819.jpg&feedId=102894&k=56d275c4b50b411bf5b86a054dbd78ee879f59a1,USD,,12.95,https://www.dv8fashion.com/en/Noisy-May-Sally-SL-O-Neck-Knit-Top---Sweet-Lavender/m-31819.aspx?PartnerID=4730&utm_source=awin&utm_medium=affiliate&utm_campaign=UnitedStatesUS,,,USD40.95,102894,DV8 Fashion,1,,https://www.dv8fashion.com/Images/Models/Full/31819-1.jpg,https://www.dv8fashion.com/Images/Models/Full/31819-2.jpg,,https://www.dv8fashion.com/Images/Models/Full/31819-3.jpg,Womens,Tops & T-Shirts
https://www.awin1.com/pclick.php?p=41493325808&a=2771700&m=116329,Noisy May Bella Bra Top - Medium Blue Denim - XS,41493325808,216615AWUS,https://www.dv8fashion.com/Images/Models/Full/31669.jpg,Medium blue denim bralette     Plunge cup     String tie halter fastening     Long tie detail around the waist     Regular fit Product Code: P-78109-56--,Sleeveless Tops,26.95,DV8 Fashion (USA),116329,Women's Tops,204,https://images2.productserve.com/?w=200&h=200&bg=white&trim=5&t=letterbox&url=ssl%3Awww.dv8fashion.com%2FImages%2FModels%2FFull%2F31669.jpg&feedId=102894&k=43f939920f7558bb0234b0c4f8d42a6b59bd5ee1,USD,,12.95,https://www.dv8fashion.com/en/Noisy-May-Bella-Bra-Top---Medium-Blue-Denim/m-31669.aspx?PartnerID=4730&utm_source=awin&utm_medium=affiliate&utm_campaign=UnitedStatesUS,,,USD26.95,102894,DV8 Fashion,1,,https://www.dv8fashion.com/Images/Models/Full/31669-1.jpg,https://www.dv8fashion.com/Images/Models/Full/31669-2.jpg,,https://www.dv8fashion.com/Images/Models/Full/31669-3.jpg,Womens,Tops & T-Shirts
https://www.awin1.com/pclick.php?p=41493326221&a=2771700&m=116329,Daisy Street Cut Out Crop Top - Pink - 10,41493326221,215179AWUS,https://www.dv8fashion.com/Images/Models/Full/31530.jpg,A must have summer crop top!      Contrast green detailing     Crop fit     Flower design Product Code: P-77914-38--,Sleeveless Tops,23.95,DV8 Fashion (USA),116329,Women's Tops,204,https://images2.productserve.com/?w=200&h=200&bg=white&trim=5&t=letterbox&url=ssl%3Awww.dv8fashion.com%2FImages%2FModels%2FFull%2F31530.jpg&feedId=102894&k=359d89dc2959da2dd9d6b5339fdccca0802b3f8f,USD,,12.95,https://www.dv8fashion.com/en/Daisy-Street-Cut-Out-Crop-Top---Pink/m-31530.aspx?PartnerID=4730&utm_source=awin&utm_medium=affiliate&utm_campaign=UnitedStatesUS,,,USD23.95,102894,DV8 Fashion,1,,https://www.dv8fashion.com/Images/Models/Full/31530-1.jpg,https://www.dv8fashion.com/Images/Models/Full/31530-2.jpg,,https://www.dv8fashion.com/Images/Models/Full/31530-3.jpg,Womens,Tops & T-Shirts
https://www.awin1.com/pclick.php?p=41493326213&a=2771700&m=116329,Daisy Street Devore Tie Detail Co-Ord Crop Top - Dark Pink - 14,41493326213,220272AWUS,https://www.dv8fashion.com/Images/Models/Full/32015.jpg,Devore Tie Detail Crop Top      Tie up bust     White lace trims     Seams for detailing     Matching co-ord skirt Product Code: P-78621-21--,Sleeveless Tops,46.95,DV8 Fashion (USA),116329,Women's Tops,204,https://images2.productserve.com/?w=200&h=200&bg=white&trim=5&t=letterbox&url=ssl%3Awww.dv8fashion.com%2FImages%2FModels%2FFull%2F32015.jpg&feedId=102894&k=ec8c303ed21659c905b2180384d16f6ab54b686e,USD,,12.95,https://www.dv8fashion.com/en/Daisy-Street-Devore-Tie-Detail-Co-Ord-Crop-Top---Dark-Pink/m-32015.aspx?PartnerID=4730&utm_source=awin&utm_medium=affiliate&utm_campaign=UnitedStatesUS,,,USD46.95,102894,DV8 Fashion,1,,https://www.dv8fashion.com/Images/Models/Full/32015-1.jpg,https://www.dv8fashion.com/Images/Models/Full/32015-2.jpg,,https://www.dv8fashion.com/Images/Models/Full/32015-3.jpg,Womens,Tops & T-Shirts
https://www.awin1.com/pclick.php?p=41493309853&a=2771700&m=116329,Brave Soul Frill Button Top - Baby Blue - XL,41493309853,248227AWUS,https://www.dv8fashion.com/Images/Models/Full/34612.jpg,New season Brave Soul has landed...       Product Type: Top   Neck: V neck   Sleeve: Sleeveless   Extra details: Button front with frill detail         Product Code: P-82681-55--,Sleeveless Tops,36.95,DV8 Fashion (USA),116329,Women's Tops,204,https://images2.productserve.com/?w=200&h=200&bg=white&trim=5&t=letterbox&url=ssl%3Awww.dv8fashion.com%2FImages%2FModels%2FFull%2F34612.jpg&feedId=102894&k=a077715b4bf26a0c9d4f960691f8bcc6b84ebd8d,USD,,12.95,https://www.dv8fashion.com/en/Brave-Soul-Frill-Button-Top---Baby-Blue/m-34612.aspx?PartnerID=4730&utm_source=awin&utm_medium=affiliate&utm_campaign=UnitedStatesUS,,,USD36.95,102894,DV8 Fashion,1,,https://www.dv8fashion.com/Images/Models/Full/34612-1.jpg,https://www.dv8fashion.com/Images/Models/Full/34612-2.jpg,,https://www.dv8fashion.com/Images/Models/Full/34612-3.jpg,Womens,Tops & T-Shirts
https://www.awin1.com/pclick.php?p=41493325699&a=2771700&m=116329,Only Vilma S/L Cropped Tank Top - Firecracker - XL,41493325699,214303AWUS,https://www.dv8fashion.com/Images/Models/Full/31440.jpg,Casual and easy all day wear      Product Type: Tank top     Neck: Round Neck     Sleeve: Sleeveless     Length/Size: Cropped     Fit: Slim Fit Product Code: P-77709-42--,Sleeveless Tops,16.95,DV8 Fashion (USA),116329,Women's Tops,204,https://images2.productserve.com/?w=200&h=200&bg=white&trim=5&t=letterbox&url=ssl%3Awww.dv8fashion.com%2FImages%2FModels%2FFull%2F31440.jpg&feedId=102894&k=057abdac9c22e9ccf0f565dbe145444b515c142e,USD,,12.95,https://www.dv8fashion.com/en/Only-Vilma-SL-Cropped-Tank-Top---Firecracker/m-31440.aspx?PartnerID=4730&utm_source=awin&utm_medium=affiliate&utm_campaign=UnitedStatesUS,,,USD16.95,102894,DV8 Fashion,1,,https://www.dv8fashion.com/Images/Models/Full/31440-1.jpg,https://www.dv8fashion.com/Images/Models/Full/31440-2.jpg,,https://www.dv8fashion.com/Images/Models/Full/31440-3.jpg,Womens,Tops & T-Shirts
https://www.awin1.com/pclick.php?p=41493325666&a=2771700&m=116329,Only Love Strap Singlet - White - L,41493325666,237012AWUS,https://www.dv8fashion.com/Images/Models/Full/33555.jpg,"No wardrobe is complete without soft, timeless, basic styles, perfect for any occasion and season      Product Type: Top     Neck: Round Neck     Sleeve: Sleeveless     Fit: Stretch Fit Product Code: P-81021-11--",Sleeveless Tops,16.95,DV8 Fashion (USA),116329,Women's Tops,204,https://images2.productserve.com/?w=200&h=200&bg=white&trim=5&t=letterbox&url=ssl%3Awww.dv8fashion.com%2FImages%2FModels%2FFull%2F33555.jpg&feedId=102894&k=84b4940caefd0c5c5ac8f0c2640ef96598c6b6b4,USD,,12.95,https://www.dv8fashion.com/en/Only-Love-Strap-Singlet---White/m-33555.aspx?PartnerID=4730&utm_source=awin&utm_medium=affiliate&utm_campaign=UnitedStatesUS,,,USD16.95,102894,DV8 Fashion,1,,https://www.dv8fashion.com/Images/Models/Full/33555-1.jpg,https://www.dv8fashion.com/Images/Models/Full/33555-2.jpg,,https://www.dv8fashion.com/Images/Models/Full/33555-3.jpg,Womens,Tops & T-Shirts
https://www.awin1.com/pclick.php?p=41493325832&a=2771700&m=116329,Pieces Sanny Cropped Strap Top - Silver Mink - S/M,41493325832,207725AWUS,https://www.dv8fashion.com/Images/Models/Full/30805.jpg,"Find your perfect everyday look. With quality styles, you can create timeless, comfortable, and trendy outfits that work every single day of the week. Rib is a soft fabric with visible ribs on its front and back creating a stretchy fabric      Product Type: Tank top     Neck: U-Neck     Sleeve: Sleeveless     Straps: Adjustable straps     Length/Size: Cropped     Lining: Unlined     Fit: Regular Fit Product Code: P-76285-13--",Sleeveless Tops,26.95,DV8 Fashion (USA),116329,Women's Tops,204,https://images2.productserve.com/?w=200&h=200&bg=white&trim=5&t=letterbox&url=ssl%3Awww.dv8fashion.com%2FImages%2FModels%2FFull%2F30805.jpg&feedId=102894&k=4f71a5e80eed60cfa1d80b653ef334b64951061e,USD,,12.95,https://www.dv8fashion.com/en/Pieces-Sanny-Cropped-Strap-Top---Silver-Mink/m-30805.aspx?PartnerID=4730&utm_source=awin&utm_medium=affiliate&utm_campaign=UnitedStatesUS,,,USD26.95,102894,DV8 Fashion,1,,https://www.dv8fashion.com/Images/Models/Full/30805-1.jpg,https://www.dv8fashion.com/Images/Models/Full/30805-2.jpg,,https://www.dv8fashion.com/Images/Models/Full/30805-3.jpg,Womens,Tops & T-Shirts
https://www.awin1.com/pclick.php?p=41537605346&a=2771700&m=116329,Jdy Cathinka O-Neck Top - Cloud Dancer - XL,41537605346,249336AWUS,https://www.dv8fashion.com/Images/Models/Full/34724.jpg,"Look your best for school, work, and everyday activities in cool styles that are easy to match with your wardrobe favourites      Product Type: Top     Neck: Round Neck     Sleeve: Sleeveless     Fit: Regular Fit Product Code: P-82828-11--",Sleeveless Tops,20.95,DV8 Fashion (USA),116329,Women's Tops,204,https://images2.productserve.com/?w=200&h=200&bg=white&trim=5&t=letterbox&url=ssl%3Awww.dv8fashion.com%2FImages%2FModels%2FFull%2F34724.jpg&feedId=102894&k=d7c200ee8bccce2d64f1bd3f182c636639a5cc2c,USD,,12.95,https://www.dv8fashion.com/en/Jdy-Cathinka-O-Neck-Top---Cloud-Dancer/m-34724.aspx?PartnerID=4730&utm_source=awin&utm_medium=affiliate&utm_campaign=UnitedStatesUS,,,USD20.95,102894,DV8 Fashion,1,,https://www.dv8fashion.com/Images/Models/Full/34724-1.jpg,https://www.dv8fashion.com/Images/Models/Full/34724-2.jpg,,https://www.dv8fashion.com/Images/Models/Full/34724-3.jpg,Womens,Tops & T-Shirts
https://www.awin1.com/pclick.php?p=41493325801&a=2771700&m=116329,Noisy May Brandon Brazil Bandeau Top - Blue - L,41493325801,213634AWUS,https://www.dv8fashion.com/Images/Models/Full/31352.jpg,Jersey is a stretchy and soft fabric for a comfortable wear.      Product Type : Tube top     Neck : Off Shoulder     Sleeve : Sleeveless     Length/size : Cropped     Fit : Tight Fit Product Code: P-77538-56--,Sleeveless Tops,20.95,DV8 Fashion (USA),116329,Women's Tops,204,https://images2.productserve.com/?w=200&h=200&bg=white&trim=5&t=letterbox&url=ssl%3Awww.dv8fashion.com%2FImages%2FModels%2FFull%2F31352.jpg&feedId=102894&k=e621b739438b305925c68817c7c88308a981d6e7,USD,,12.95,https://www.dv8fashion.com/en/Noisy-May-Brandon-Brazil-Bandeau-Top---Blue/m-31352.aspx?PartnerID=4730&utm_source=awin&utm_medium=affiliate&utm_campaign=UnitedStatesUS,,,USD20.95,102894,DV8 Fashion,1,,https://www.dv8fashion.com/Images/Models/Full/31352-1.jpg,https://www.dv8fashion.com/Images/Models/Full/31352-2.jpg,,https://www.dv8fashion.com/Images/Models/Full/31352-3.jpg,Womens,Tops & T-Shirts
https://www.awin1.com/pclick.php?p=41493325777&a=2771700&m=116329,Noisy May Laika V-Neck Knit Waistcoat - Birch - M,41493325777,246000AWUS,https://www.dv8fashion.com/Images/Models/Full/34400.jpg,With brighter and warmer days ahead it is time for a wardrobe change. Cotton is a breathable and soft fabric made of natural fibres      Product Type: Knitted cardigan     Neck: V-Neck     Sleeve: Sleeveless     Closing: String fastening     Length/Size: Ankle length     Extra details: Knot detail     Fit: Relaxed Fit Product Code: P-82335-34--,Sleeveless Tops,46.95,DV8 Fashion (USA),116329,Women's Tops,204,https://images2.productserve.com/?w=200&h=200&bg=white&trim=5&t=letterbox&url=ssl%3Awww.dv8fashion.com%2FImages%2FModels%2FFull%2F34400.jpg&feedId=102894&k=2a95d7adcded13eac2111761f96d87a7db0132b8,USD,,12.95,https://www.dv8fashion.com/en/Noisy-May-Laika-V-Neck-Knit-Waistcoat---Birch/m-34400.aspx?PartnerID=4730&utm_source=awin&utm_medium=affiliate&utm_campaign=UnitedStatesUS,,,USD46.95,102894,DV8 Fashion,1,,https://www.dv8fashion.com/Images/Models/Full/34400-1.jpg,https://www.dv8fashion.com/Images/Models/Full/34400-2.jpg,,https://www.dv8fashion.com/Images/Models/Full/34400-3.jpg,Womens,Tops & T-Shirts
https://www.awin1.com/pclick.php?p=41493325789&a=2771700&m=116329,Noisy May Ellie Slit Mesh Top - Bon Bon - XS,41493325789,246722AWUS,https://www.dv8fashion.com/Images/Models/Full/34471.jpg,Update your wardrobe with Noisy May...      Product Type: Top     Sleeves: Singlet     Fabric: Mesh     Extra details: Rhinestone embellishment on front Product Code: P-82521-38--,Sleeveless Tops,36.95,DV8 Fashion (USA),116329,Women's Tops,204,https://images2.productserve.com/?w=200&h=200&bg=white&trim=5&t=letterbox&url=ssl%3Awww.dv8fashion.com%2FImages%2FModels%2FFull%2F34471.jpg&feedId=102894&k=f52d4c75929aa28d15b5c36900353e2e730f6ffe,USD,,12.95,https://www.dv8fashion.com/en/Noisy-May-Ellie-Slit-Mesh-Top---Bon-Bon/m-34471.aspx?PartnerID=4730&utm_source=awin&utm_medium=affiliate&utm_campaign=UnitedStatesUS,,,USD36.95,102894,DV8 Fashion,1,,https://www.dv8fashion.com/Images/Models/Full/34471-1.jpg,https://www.dv8fashion.com/Images/Models/Full/34471-2.jpg,,https://www.dv8fashion.com/Images/Models/Full/34471-3.jpg,Womens,Tops & T-Shirts
https://www.awin1.com/pclick.php?p=41493325814&a=2771700&m=116329,Noisy May Devin Singlet Sequin Top - Black / Silver - XS,41493325814,227314AWUS,https://www.dv8fashion.com/Images/Models/Full/32649.jpg,Get party ready with Noisy May new season collection      Product Type: Top     Neck: Camisole     Sleeve: Sleeveless     Extra details: Sequins     Fit: Loose Fit Product Code: P-79714-10--,Sleeveless Tops,36.95,DV8 Fashion (USA),116329,Women's Tops,204,https://images2.productserve.com/?w=200&h=200&bg=white&trim=5&t=letterbox&url=ssl%3Awww.dv8fashion.com%2FImages%2FModels%2FFull%2F32649.jpg&feedId=102894&k=4da4340b67582863c2979f401a801672dce5f77d,USD,,12.95,https://www.dv8fashion.com/en/Noisy-May-Devin-Singlet-Sequin-Top---Black--Silver/m-32649.aspx?PartnerID=4730&utm_source=awin&utm_medium=affiliate&utm_campaign=UnitedStatesUS,,,USD36.95,102894,DV8 Fashion,1,,https://www.dv8fashion.com/Images/Models/Full/32649-1.jpg,https://www.dv8fashion.com/Images/Models/Full/32649-2.jpg,,https://www.dv8fashion.com/Images/Models/Full/32649-3.jpg,Womens,Tops & T-Shirts
https://www.awin1.com/pclick.php?p=41493309874&a=2771700&m=116329,Brave Soul Ribbed Vest Top - Black - XL,41493309874,205914AWUS,https://www.dv8fashion.com/Images/Models/Full/30627.jpg,Brave Soul Racer Vest      Plain hue     Round neck and sleeveless     Fitted ribbed fabric Product Code: P-75942-10--,Sleeveless Tops,14.95,DV8 Fashion (USA),116329,Women's Tops,204,https://images2.productserve.com/?w=200&h=200&bg=white&trim=5&t=letterbox&url=ssl%3Awww.dv8fashion.com%2FImages%2FModels%2FFull%2F30627.jpg&feedId=102894&k=b76581d26e737e7837e409b85234809113e847bb,USD,,12.95,https://www.dv8fashion.com/en/Brave-Soul-Ribbed-Vest-Top---Black/m-30627.aspx?PartnerID=4730&utm_source=awin&utm_medium=affiliate&utm_campaign=UnitedStatesUS,,,USD14.95,102894,DV8 Fashion,1,,https://www.dv8fashion.com/Images/Models/Full/30627-1.jpg,https://www.dv8fashion.com/Images/Models/Full/30627-2.jpg,,https://www.dv8fashion.com/Images/Models/Full/30627-3.jpg,Womens,Tops & T-Shirts
https://www.awin1.com/pclick.php?p=41493309877&a=2771700&m=116329,Brave Soul Textured Sleeveless Vest Top - Cream - 10,41493309877,211966AWUS,https://www.dv8fashion.com/Images/Models/Full/31199.jpg,Get new season ready with Brave Soul textured sleeveless vest top      Cream textured fabric     Sleeveless vest style     Slim fit Product Code: P-77108-26--,Sleeveless Tops,25.95,DV8 Fashion (USA),116329,Women's Tops,204,https://images2.productserve.com/?w=200&h=200&bg=white&trim=5&t=letterbox&url=ssl%3Awww.dv8fashion.com%2FImages%2FModels%2FFull%2F31199.jpg&feedId=102894&k=ed070d771b77bef5f61fe0814e9270d2ca6673b3,USD,,12.95,https://www.dv8fashion.com/en/Brave-Soul-Textured-Sleeveless-Vest-Top---Cream/m-31199.aspx?PartnerID=4730&utm_source=awin&utm_medium=affiliate&utm_campaign=UnitedStatesUS,,,USD25.95,102894,DV8 Fashion,1,,https://www.dv8fashion.com/Images/Models/Full/31199-1.jpg,https://www.dv8fashion.com/Images/Models/Full/31199-2.jpg,,https://www.dv8fashion.com/Images/Models/Full/31199-3.jpg,Womens,Tops & T-Shirts
https://www.awin1.com/pclick.php?p=41493309858&a=2771700&m=116329,Brave Soul Broderie Top - Baby Blue - XL,41493309858,248836AWUS,https://www.dv8fashion.com/Images/Models/Full/34679.jpg,New season Brave Soul has landed...      Product Type: Top     Sleeve: Sleeveless     Extra details: Broderie Analgise with back tie detail Product Code: P-82740-55--,Sleeveless Tops,36.95,DV8 Fashion (USA),116329,Women's Tops,204,https://images2.productserve.com/?w=200&h=200&bg=white&trim=5&t=letterbox&url=ssl%3Awww.dv8fashion.com%2FImages%2FModels%2FFull%2F34679.jpg&feedId=102894&k=2d52ff79467d9331a1aa40883ee1c1d4928291cf,USD,,12.95,https://www.dv8fashion.com/en/Brave-Soul-Broderie-Top---Baby-Blue/m-34679.aspx?PartnerID=4730&utm_source=awin&utm_medium=affiliate&utm_campaign=UnitedStatesUS,,,USD36.95,102894,DV8 Fashion,1,,https://www.dv8fashion.com/Images/Models/Full/34679-1.jpg,https://www.dv8fashion.com/Images/Models/Full/34679-2.jpg,,https://www.dv8fashion.com/Images/Models/Full/34679-3.jpg,Womens,Tops & T-Shirts
https://www.awin1.com/pclick.php?p=41493309861&a=2771700&m=116329,Brave Soul Check Tie Top - Black White - M,41493309861,248845AWUS,https://www.dv8fashion.com/Images/Models/Full/34680.jpg,New season Brave Soul has landed...      Product Type: Top     Sleeve: Sleeveless     Extra details: Tie front detail Product Code: P-82739-10--,Sleeveless Tops,26.95,DV8 Fashion (USA),116329,Women's Tops,204,https://images2.productserve.com/?w=200&h=200&bg=white&trim=5&t=letterbox&url=ssl%3Awww.dv8fashion.com%2FImages%2FModels%2FFull%2F34680.jpg&feedId=102894&k=c6eebb1c73ef09f8c6e1ea1991dcc78a012939ae,USD,,12.95,https://www.dv8fashion.com/en/Brave-Soul-Check-Tie-Top---Black-White/m-34680.aspx?PartnerID=4730&utm_source=awin&utm_medium=affiliate&utm_campaign=UnitedStatesUS,,,USD26.95,102894,DV8 Fashion,1,,https://www.dv8fashion.com/Images/Models/Full/34680-1.jpg,https://www.dv8fashion.com/Images/Models/Full/34680-2.jpg,,https://www.dv8fashion.com/Images/Models/Full/34680-3.jpg,Womens,Tops & T-Shirts
https://www.awin1.com/pclick.php?p=41493325647&a=2771700&m=116329,Vila Babia O-Neck S/L Top - Eggnog - S,41493325647,207393AWUS,https://www.dv8fashion.com/Images/Models/Full/30774.jpg,Product Type: Top     Neck: Round Neck     Sleeve: Sleeveless     Fit: Tight Fit Product Code: P-76259-11--,Sleeveless Tops,31.95,DV8 Fashion (USA),116329,Women's Tops,204,https://images2.productserve.com/?w=200&h=200&bg=white&trim=5&t=letterbox&url=ssl%3Awww.dv8fashion.com%2FImages%2FModels%2FFull%2F30774.jpg&feedId=102894&k=4e4f4bd97eb3fe791db561ac1ba9ad102ba3c7c5,USD,,12.95,https://www.dv8fashion.com/en/Vila-Babia-O-Neck-SL-Top---Eggnog/m-30774.aspx?PartnerID=4730&utm_source=awin&utm_medium=affiliate&utm_campaign=UnitedStatesUS,,,USD31.95,102894,DV8 Fashion,1,,https://www.dv8fashion.com/Images/Models/Full/30774-1.jpg,https://www.dv8fashion.com/Images/Models/Full/30774-2.jpg,,https://www.dv8fashion.com/Images/Models/Full/30774-3.jpg,Womens,Tops & T-Shirts
https://www.awin1.com/pclick.php?p=41493325700&a=2771700&m=116329,Only Shelly Life S/L Top - Cloud Dancer - L,41493325700,216929AWUS,https://www.dv8fashion.com/Images/Models/Full/31698.jpg,"Change your everyday outfit in a second by adding a feminine top for a soft, clean expression      Product Type: Top     Neck: Round Neck     Sleeve: Sleeveless     Length/Size: Cropped     Fit: Regular Fit     Attachment comp: Cotton Product Code: P-78148-11--",Sleeveless Tops,31.95,DV8 Fashion (USA),116329,Women's Tops,204,https://images2.productserve.com/?w=200&h=200&bg=white&trim=5&t=letterbox&url=ssl%3Awww.dv8fashion.com%2FImages%2FModels%2FFull%2F31698.jpg&feedId=102894&k=d660819e2675f3df45aca19261fe06b6b2b923f1,USD,,12.95,https://www.dv8fashion.com/en/Only-Shelly-Life-SL-Top---Cloud-Dancer/m-31698.aspx?PartnerID=4730&utm_source=awin&utm_medium=affiliate&utm_campaign=UnitedStatesUS,,,USD31.95,102894,DV8 Fashion,1,,https://www.dv8fashion.com/Images/Models/Full/31698-1.jpg,https://www.dv8fashion.com/Images/Models/Full/31698-2.jpg,,https://www.dv8fashion.com/Images/Models/Full/31698-3.jpg,Womens,Tops & T-Shirts
https://www.awin1.com/pclick.php?p=41493325698&a=2771700&m=116329,Only Vilma S/L Cropped Tank Top - Firecracker - S,41493325698,214302AWUS,https://www.dv8fashion.com/Images/Models/Full/31440.jpg,Casual and easy all day wear      Product Type: Tank top     Neck: Round Neck     Sleeve: Sleeveless     Length/Size: Cropped     Fit: Slim Fit Product Code: P-77709-42--,Sleeveless Tops,16.95,DV8 Fashion (USA),116329,Women's Tops,204,https://images2.productserve.com/?w=200&h=200&bg=white&trim=5&t=letterbox&url=ssl%3Awww.dv8fashion.com%2FImages%2FModels%2FFull%2F31440.jpg&feedId=102894&k=057abdac9c22e9ccf0f565dbe145444b515c142e,USD,,12.95,https://www.dv8fashion.com/en/Only-Vilma-SL-Cropped-Tank-Top---Firecracker/m-31440.aspx?PartnerID=4730&utm_source=awin&utm_medium=affiliate&utm_campaign=UnitedStatesUS,,,USD16.95,102894,DV8 Fashion,1,,https://www.dv8fashion.com/Images/Models/Full/31440-1.jpg,https://www.dv8fashion.com/Images/Models/Full/31440-2.jpg,,https://www.dv8fashion.com/Images/Models/Full/31440-3.jpg,Womens,Tops & T-Shirts
https://www.awin1.com/pclick.php?p=41493325704&a=2771700&m=116329,Only Vilma Cropped Tank Top - Clear Sky - L,41493325704,246574AWUS,https://www.dv8fashion.com/Images/Models/Full/34457.jpg,"No wardrobe is complete without soft, timeless, basic styles, perfect for any occasion and season      Product Type: Tank top     Neck: Round Neck     Sleeve: Sleeveless     Length/Size: Cropped     Fit: Slim Fit Product Code: P-82413-61--",Sleeveless Tops,16.95,DV8 Fashion (USA),116329,Women's Tops,204,https://images2.productserve.com/?w=200&h=200&bg=white&trim=5&t=letterbox&url=ssl%3Awww.dv8fashion.com%2FImages%2FModels%2FFull%2F34457.jpg&feedId=102894&k=3eb30f161316ec31e557c49b8214d3b1033cff1c,USD,,12.95,https://www.dv8fashion.com/en/Only-Vilma-Cropped-Tank-Top---Clear-Sky/m-34457.aspx?PartnerID=4730&utm_source=awin&utm_medium=affiliate&utm_campaign=UnitedStatesUS,,,USD16.95,102894,DV8 Fashion,1,,https://www.dv8fashion.com/Images/Models/Full/34457-1.jpg,https://www.dv8fashion.com/Images/Models/Full/34457-2.jpg,,https://www.dv8fashion.com/Images/Models/Full/34457-3.jpg,Womens,Tops & T-Shirts
https://www.awin1.com/pclick.php?p=41493325852&a=2771700&m=116329,Pieces May Tank Top - Black - L,41493325852,248069AWUS,https://www.dv8fashion.com/Images/Models/Full/34598.jpg,Find casual items that are comfortable and relaxed and can be used all day long. Rib is a soft fabric with visible ribs on its front and back creating a stretchy fabric      Product Type: Tank top     Neck: U-Neck     Sleeve: Sleeveless     Fit: Tight Fit Product Code: P-82669-10--,Sleeveless Tops,23.95,DV8 Fashion (USA),116329,Women's Tops,204,https://images2.productserve.com/?w=200&h=200&bg=white&trim=5&t=letterbox&url=ssl%3Awww.dv8fashion.com%2FImages%2FModels%2FFull%2F34598.jpg&feedId=102894&k=acb8b66782c41e44c3c0e173740d0830d70ca0a1,USD,,12.95,https://www.dv8fashion.com/en/Pieces-May-Tank-Top---Black/m-34598.aspx?PartnerID=4730&utm_source=awin&utm_medium=affiliate&utm_campaign=UnitedStatesUS,,,USD23.95,102894,DV8 Fashion,1,,https://www.dv8fashion.com/Images/Models/Full/34598-1.jpg,https://www.dv8fashion.com/Images/Models/Full/34598-2.jpg,,https://www.dv8fashion.com/Images/Models/Full/34598-3.jpg,Womens,Tops & T-Shirts
https://www.awin1.com/pclick.php?p=41493325865&a=2771700&m=116329,Pieces May Tank Top - White Black Trim - XL,41493325865,248094AWUS,https://www.dv8fashion.com/Images/Models/Full/34600.jpg,Find casual items that are comfortable and relaxed and can be used all day long. Rib is a soft fabric with visible ribs on its front and back creating a stretchy fabric      Product Type: Tank top     Neck: U-Neck     Sleeve: Sleeveless     Fit: Tight Fit Product Code: P-82672-11--,Sleeveless Tops,23.95,DV8 Fashion (USA),116329,Women's Tops,204,https://images2.productserve.com/?w=200&h=200&bg=white&trim=5&t=letterbox&url=ssl%3Awww.dv8fashion.com%2FImages%2FModels%2FFull%2F34600.jpg&feedId=102894&k=2ebd58a9813b472c02df640dab4173a15ed12628,USD,,12.95,https://www.dv8fashion.com/en/Pieces-May-Tank-Top---White-Black-Trim/m-34600.aspx?PartnerID=4730&utm_source=awin&utm_medium=affiliate&utm_campaign=UnitedStatesUS,,,USD23.95,102894,DV8 Fashion,1,,https://www.dv8fashion.com/Images/Models/Full/34600-1.jpg,https://www.dv8fashion.com/Images/Models/Full/34600-2.jpg,,https://www.dv8fashion.com/Images/Models/Full/34600-3.jpg,Womens,Tops & T-Shirts
https://www.awin1.com/pclick.php?p=41493325845&a=2771700&m=116329,Pieces Sastina Cropped Top - Cloud Dancer - XL,41493325845,248017AWUS,https://www.dv8fashion.com/Images/Models/Full/34593.jpg,"Embrace the heat. The styles for summer are lightweight, flowy, and comfortable with a flattering and feminine touch. Cotton fabric is a natural and comfortable fabric       Product Type: Blouse   Neck: V-Neck   Sleeve: Sleeveless   Length/Size: Cropped   Extra details: Drawstring detail   Fit: Regular Fit         Product Code: P-82665-11--",Sleeveless Tops,36.95,DV8 Fashion (USA),116329,Women's Tops,204,https://images2.productserve.com/?w=200&h=200&bg=white&trim=5&t=letterbox&url=ssl%3Awww.dv8fashion.com%2FImages%2FModels%2FFull%2F34593.jpg&feedId=102894&k=dc432c5973f100b492f00bc2358d3612ebcb943c,USD,,12.95,https://www.dv8fashion.com/en/Pieces-Sastina-Cropped-Top---Cloud-Dancer/m-34593.aspx?PartnerID=4730&utm_source=awin&utm_medium=affiliate&utm_campaign=UnitedStatesUS,,,USD36.95,102894,DV8 Fashion,1,,https://www.dv8fashion.com/Images/Models/Full/34593-1.jpg,https://www.dv8fashion.com/Images/Models/Full/34593-2.jpg,,https://www.dv8fashion.com/Images/Models/Full/34593-3.jpg,Womens,Tops & T-Shirts
https://www.awin1.com/pclick.php?p=41493326174&a=2771700&m=116329,Tiffosi Metallic Sleeveless Top - Silver - XL,41493326174,219269AWUS,https://www.dv8fashion.com/Images/Models/Full/31925.jpg,Update your wardrobe with Tiffosi...      Ribbed top with sleeveless     Slim fit     Metallic finish Product Code: P-78331-74--,Sleeveless Tops,23.95,DV8 Fashion (USA),116329,Women's Tops,204,https://images2.productserve.com/?w=200&h=200&bg=white&trim=5&t=letterbox&url=ssl%3Awww.dv8fashion.com%2FImages%2FModels%2FFull%2F31925.jpg&feedId=102894&k=784b17c4c4b41391c2911d50e3e35c8139d7b023,USD,,12.95,https://www.dv8fashion.com/en/Tiffosi-Metallic-Sleeveless-Top---Silver/m-31925.aspx?PartnerID=4730&utm_source=awin&utm_medium=affiliate&utm_campaign=UnitedStatesUS,,,USD23.95,102894,DV8 Fashion,1,,https://www.dv8fashion.com/Images/Models/Full/31925-1.jpg,https://www.dv8fashion.com/Images/Models/Full/31925-2.jpg,,https://www.dv8fashion.com/Images/Models/Full/31925-3.jpg,Womens,Tops & T-Shirts
https://www.awin1.com/pclick.php?p=41493326175&a=2771700&m=116329,Tiffosi Metallic Sleeveless Top - Silver - XS,41493326175,219270AWUS,https://www.dv8fashion.com/Images/Models/Full/31925.jpg,Update your wardrobe with Tiffosi...      Ribbed top with sleeveless     Slim fit     Metallic finish Product Code: P-78331-74--,Sleeveless Tops,23.95,DV8 Fashion (USA),116329,Women's Tops,204,https://images2.productserve.com/?w=200&h=200&bg=white&trim=5&t=letterbox&url=ssl%3Awww.dv8fashion.com%2FImages%2FModels%2FFull%2F31925.jpg&feedId=102894&k=784b17c4c4b41391c2911d50e3e35c8139d7b023,USD,,12.95,https://www.dv8fashion.com/en/Tiffosi-Metallic-Sleeveless-Top---Silver/m-31925.aspx?PartnerID=4730&utm_source=awin&utm_medium=affiliate&utm_campaign=UnitedStatesUS,,,USD23.95,102894,DV8 Fashion,1,,https://www.dv8fashion.com/Images/Models/Full/31925-1.jpg,https://www.dv8fashion.com/Images/Models/Full/31925-2.jpg,,https://www.dv8fashion.com/Images/Models/Full/31925-3.jpg,Womens,Tops & T-Shirts
https://www.awin1.com/pclick.php?p=41493325800&a=2771700&m=116329,Noisy May Brandon Bandeau Top - Tangerine - XL,41493325800,213958AWUS,https://www.dv8fashion.com/Images/Models/Full/31405.jpg,Detail Type: Tube top     Fabric: Jersey is a stretchy and soft fabric for a comfortable wear     Length/Size: Cropped     Fit: Tight Fit     Neck type: Off Shoulder     Sleeve length: Sleeveless (S/L) Product Code: P-77539-42--,Sleeveless Tops,14.95,DV8 Fashion (USA),116329,Women's Tops,204,https://images2.productserve.com/?w=200&h=200&bg=white&trim=5&t=letterbox&url=ssl%3Awww.dv8fashion.com%2FImages%2FModels%2FFull%2F31405.jpg&feedId=102894&k=42c05c5e1c122c8f7b16697e62d56a499a8c0b72,USD,,12.95,https://www.dv8fashion.com/en/Noisy-May-Brandon-Bandeau-Top---Tangerine/m-31405.aspx?PartnerID=4730&utm_source=awin&utm_medium=affiliate&utm_campaign=UnitedStatesUS,,,USD14.95,102894,DV8 Fashion,1,,https://www.dv8fashion.com/Images/Models/Full/31405-1.jpg,https://www.dv8fashion.com/Images/Models/Full/31405-2.jpg,,https://www.dv8fashion.com/Images/Models/Full/31405-3.jpg,Womens,Tops & T-Shirts
https://www.awin1.com/pclick.php?p=41493325805&a=2771700&m=116329,Noisy May Bella Bra Top - Medium Blue Denim - M,41493325805,216612AWUS,https://www.dv8fashion.com/Images/Models/Full/31669.jpg,Medium blue denim bralette     Plunge cup     String tie halter fastening     Long tie detail around the waist     Regular fit Product Code: P-78109-56--,Sleeveless Tops,26.95,DV8 Fashion (USA),116329,Women's Tops,204,https://images2.productserve.com/?w=200&h=200&bg=white&trim=5&t=letterbox&url=ssl%3Awww.dv8fashion.com%2FImages%2FModels%2FFull%2F31669.jpg&feedId=102894&k=43f939920f7558bb0234b0c4f8d42a6b59bd5ee1,USD,,12.95,https://www.dv8fashion.com/en/Noisy-May-Bella-Bra-Top---Medium-Blue-Denim/m-31669.aspx?PartnerID=4730&utm_source=awin&utm_medium=affiliate&utm_campaign=UnitedStatesUS,,,USD26.95,102894,DV8 Fashion,1,,https://www.dv8fashion.com/Images/Models/Full/31669-1.jpg,https://www.dv8fashion.com/Images/Models/Full/31669-2.jpg,,https://www.dv8fashion.com/Images/Models/Full/31669-3.jpg,Womens,Tops & T-Shirts
https://www.awin1.com/pclick.php?p=41493326194&a=2771700&m=116329,Jdy Sabrina Life S/L Knot Top - Patina Green - XS,41493326194,211806AWUS,https://www.dv8fashion.com/Images/Models/Full/31181.jpg,Casual and easy all day wear. Rib knit      Product Type: Knitted top     Neck: V-Neck     Sleeve: Sleeveless     Length/size: Short Product Code: P-77064-45--,Sleeveless Tops,36.95,DV8 Fashion (USA),116329,Women's Tops,204,https://images2.productserve.com/?w=200&h=200&bg=white&trim=5&t=letterbox&url=ssl%3Awww.dv8fashion.com%2FImages%2FModels%2FFull%2F31181.jpg&feedId=102894&k=698b48dd1edfb2e4a1dd781096ee8064550bee15,USD,,12.95,https://www.dv8fashion.com/en/Jdy-Sabrina-Life-SL-Knot-Top---Patina-Green/m-31181.aspx?PartnerID=4730&utm_source=awin&utm_medium=affiliate&utm_campaign=UnitedStatesUS,,,USD36.95,102894,DV8 Fashion,1,,https://www.dv8fashion.com/Images/Models/Full/31181-1.jpg,https://www.dv8fashion.com/Images/Models/Full/31181-2.jpg,,https://www.dv8fashion.com/Images/Models/Full/31181-3.jpg,Womens,Tops & T-Shirts
https://www.awin1.com/pclick.php?p=41493309850&a=2771700&m=116329,Brave Soul Frill Button Top - Baby Blue - L,41493309850,248224AWUS,https://www.dv8fashion.com/Images/Models/Full/34612.jpg,New season Brave Soul has landed...       Product Type: Top   Neck: V neck   Sleeve: Sleeveless   Extra details: Button front with frill detail         Product Code: P-82681-55--,Sleeveless Tops,36.95,DV8 Fashion (USA),116329,Women's Tops,204,https://images2.productserve.com/?w=200&h=200&bg=white&trim=5&t=letterbox&url=ssl%3Awww.dv8fashion.com%2FImages%2FModels%2FFull%2F34612.jpg&feedId=102894&k=a077715b4bf26a0c9d4f960691f8bcc6b84ebd8d,USD,,12.95,https://www.dv8fashion.com/en/Brave-Soul-Frill-Button-Top---Baby-Blue/m-34612.aspx?PartnerID=4730&utm_source=awin&utm_medium=affiliate&utm_campaign=UnitedStatesUS,,,USD36.95,102894,DV8 Fashion,1,,https://www.dv8fashion.com/Images/Models/Full/34612-1.jpg,https://www.dv8fashion.com/Images/Models/Full/34612-2.jpg,,https://www.dv8fashion.com/Images/Models/Full/34612-3.jpg,Womens,Tops & T-Shirts
https://www.awin1.com/pclick.php?p=41493325664&a=2771700&m=116329,Only Love Strap Singlet - Black - XL,41493325664,236880AWUS,https://www.dv8fashion.com/Images/Models/Full/33541.jpg,"No wardrobe is complete without soft, timeless, basic styles, perfect for any occasion and season      Product Type: Top     Neck: Round Neck     Sleeve: Sleeveless     Fit: Stretch Fit Product Code: P-81022-10--",Sleeveless Tops,16.95,DV8 Fashion (USA),116329,Women's Tops,204,https://images2.productserve.com/?w=200&h=200&bg=white&trim=5&t=letterbox&url=ssl%3Awww.dv8fashion.com%2FImages%2FModels%2FFull%2F33541.jpg&feedId=102894&k=e9492bbece03ebda5d8977da63a78222eebaee93,USD,,12.95,https://www.dv8fashion.com/en/Only-Love-Strap-Singlet---Black/m-33541.aspx?PartnerID=4730&utm_source=awin&utm_medium=affiliate&utm_campaign=UnitedStatesUS,,,USD16.95,102894,DV8 Fashion,1,,https://www.dv8fashion.com/Images/Models/Full/33541-1.jpg,https://www.dv8fashion.com/Images/Models/Full/33541-2.jpg,,https://www.dv8fashion.com/Images/Models/Full/33541-3.jpg,Womens,Tops & T-Shirts
https://www.awin1.com/pclick.php?p=41493325707&a=2771700&m=116329,Only Vilma Cropped Tank Top - Clear Sky - XL,41493325707,246577AWUS,https://www.dv8fashion.com/Images/Models/Full/34457.jpg,"No wardrobe is complete without soft, timeless, basic styles, perfect for any occasion and season      Product Type: Tank top     Neck: Round Neck     Sleeve: Sleeveless     Length/Size: Cropped     Fit: Slim Fit Product Code: P-82413-61--",Sleeveless Tops,16.95,DV8 Fashion (USA),116329,Women's Tops,204,https://images2.productserve.com/?w=200&h=200&bg=white&trim=5&t=letterbox&url=ssl%3Awww.dv8fashion.com%2FImages%2FModels%2FFull%2F34457.jpg&feedId=102894&k=3eb30f161316ec31e557c49b8214d3b1033cff1c,USD,,12.95,https://www.dv8fashion.com/en/Only-Vilma-Cropped-Tank-Top---Clear-Sky/m-34457.aspx?PartnerID=4730&utm_source=awin&utm_medium=affiliate&utm_campaign=UnitedStatesUS,,,USD16.95,102894,DV8 Fashion,1,,https://www.dv8fashion.com/Images/Models/Full/34457-1.jpg,https://www.dv8fashion.com/Images/Models/Full/34457-2.jpg,,https://www.dv8fashion.com/Images/Models/Full/34457-3.jpg,Womens,Tops & T-Shirts
https://www.awin1.com/pclick.php?p=41493325848&a=2771700&m=116329,Pieces Amar Sl Knit Top - Eggnog - M,41493325848,213843AWUS,https://www.dv8fashion.com/Images/Models/Full/31395.jpg,"Embrace the heat. The styles for summer are lightweight, flowy, and comfortable with a flattering and feminine touch      Product Type: Tank top     Neck: High neck     Sleeve: Sleeveless     Fit: Regular Fit Product Code: P-77572-64--",Sleeveless Tops,39.95,DV8 Fashion (USA),116329,Women's Tops,204,https://images2.productserve.com/?w=200&h=200&bg=white&trim=5&t=letterbox&url=ssl%3Awww.dv8fashion.com%2FImages%2FModels%2FFull%2F31395.jpg&feedId=102894&k=1fdbf6d84b78f89d681ca205e8b37fe7410b6f10,USD,,12.95,https://www.dv8fashion.com/en/Pieces-Amar-Sl-Knit-Top---Eggnog/m-31395.aspx?PartnerID=4730&utm_source=awin&utm_medium=affiliate&utm_campaign=UnitedStatesUS,,,USD39.95,102894,DV8 Fashion,1,,https://www.dv8fashion.com/Images/Models/Full/31395-1.jpg,https://www.dv8fashion.com/Images/Models/Full/31395-2.jpg,,https://www.dv8fashion.com/Images/Models/Full/31395-3.jpg,Womens,Tops & T-Shirts
https://www.awin1.com/pclick.php?p=41493325780&a=2771700&m=116329,Noisy May Stine Embroidery Top - Silver Mink - L,41493325780,246707AWUS,https://www.dv8fashion.com/Images/Models/Full/34470.jpg,Update your basics with Noisy May...      Product Type: Top     Neck: Crew neck     Sleeve: Straps     Extra Details: Front embroidery     Fit: Slim Fit Product Code: P-82520-13--,Sleeveless Tops,23.95,DV8 Fashion (USA),116329,Women's Tops,204,https://images2.productserve.com/?w=200&h=200&bg=white&trim=5&t=letterbox&url=ssl%3Awww.dv8fashion.com%2FImages%2FModels%2FFull%2F34470.jpg&feedId=102894&k=3d411882f52421d294ec0d1b0b37c043c8cd76f9,USD,,12.95,https://www.dv8fashion.com/en/Noisy-May-Stine-Embroidery-Top---Silver-Mink/m-34470.aspx?PartnerID=4730&utm_source=awin&utm_medium=affiliate&utm_campaign=UnitedStatesUS,,,USD23.95,102894,DV8 Fashion,1,,https://www.dv8fashion.com/Images/Models/Full/34470-1.jpg,https://www.dv8fashion.com/Images/Models/Full/34470-2.jpg,,https://www.dv8fashion.com/Images/Models/Full/34470-3.jpg,Womens,Tops & T-Shirts
https://www.awin1.com/pclick.php?p=41493326219&a=2771700&m=116329,Daisy Street Stripe Knit Rib Bandeau - Stone - 10,41493326219,215149AWUS,https://www.dv8fashion.com/Images/Models/Full/31527.jpg,Basic cropped sleeveless top in stone stripe knit fabric      Colour: stone stripe     Length: cropped     Sleeves: sleeveless     Fit: Basic Product Code: P-77915-34--,Sleeveless Tops,36.95,DV8 Fashion (USA),116329,Women's Tops,204,https://images2.productserve.com/?w=200&h=200&bg=white&trim=5&t=letterbox&url=ssl%3Awww.dv8fashion.com%2FImages%2FModels%2FFull%2F31527.jpg&feedId=102894&k=05db44da2d57e1e59d7ee6d42de0fa02098cf05f,USD,,12.95,https://www.dv8fashion.com/en/Daisy-Street-Stripe-Knit-Rib-Bandeau---Stone/m-31527.aspx?PartnerID=4730&utm_source=awin&utm_medium=affiliate&utm_campaign=UnitedStatesUS,,,USD36.95,102894,DV8 Fashion,1,,https://www.dv8fashion.com/Images/Models/Full/31527-1.jpg,https://www.dv8fashion.com/Images/Models/Full/31527-2.jpg,,https://www.dv8fashion.com/Images/Models/Full/31527-3.jpg,Womens,Tops & T-Shirts
https://www.awin1.com/pclick.php?p=41493309882&a=2771700&m=116329,Brave Soul Rib Sleeveless Top - Grey - 12,41493309882,211991AWUS,https://www.dv8fashion.com/Images/Models/Full/31202.jpg,Update your basics with Brave Soul sleeveless rib crew neck top      Grey cotton mix rib fabric     Crew neck and short sleeves     Slim fit Product Code: P-77114-62--,Sleeveless Tops,19.95,DV8 Fashion (USA),116329,Women's Tops,204,https://images2.productserve.com/?w=200&h=200&bg=white&trim=5&t=letterbox&url=ssl%3Awww.dv8fashion.com%2FImages%2FModels%2FFull%2F31202.jpg&feedId=102894&k=184348e82497e254601bd4322d199a930e94f4db,USD,,12.95,https://www.dv8fashion.com/en/Brave-Soul-Rib-Sleeveless-Top---Grey/m-31202.aspx?PartnerID=4730&utm_source=awin&utm_medium=affiliate&utm_campaign=UnitedStatesUS,,,USD19.95,102894,DV8 Fashion,1,,https://www.dv8fashion.com/Images/Models/Full/31202-1.jpg,https://www.dv8fashion.com/Images/Models/Full/31202-2.jpg,,https://www.dv8fashion.com/Images/Models/Full/31202-3.jpg,Womens,Tops & T-Shirts
https://www.awin1.com/pclick.php?p=41493326285&a=2771700&m=116329,Brave Soul Mandy Floral Tie Top - Yellow - S,41493326285,246987AWUS,https://www.dv8fashion.com/Images/Models/Full/34490.jpg,Update your wardrobe with Brave Soul...      Product Type: Top     Sleeves: Singlet     Fabric: Floral Mesh     Extra details: Tie front with ruffle detailing Product Code: P-82542-25--,Sleeveless Tops,36.95,DV8 Fashion (USA),116329,Women's Tops,204,https://images2.productserve.com/?w=200&h=200&bg=white&trim=5&t=letterbox&url=ssl%3Awww.dv8fashion.com%2FImages%2FModels%2FFull%2F34490.jpg&feedId=102894&k=83b1a7a47349dde6d89e70f28cd8476ae094e141,USD,,12.95,https://www.dv8fashion.com/en/Brave-Soul-Mandy-Floral-Tie-Top---Yellow/m-34490.aspx?PartnerID=4730&utm_source=awin&utm_medium=affiliate&utm_campaign=UnitedStatesUS,,,USD36.95,102894,DV8 Fashion,1,,https://www.dv8fashion.com/Images/Models/Full/34490-1.jpg,https://www.dv8fashion.com/Images/Models/Full/34490-2.jpg,,https://www.dv8fashion.com/Images/Models/Full/34490-3.jpg,Womens,Tops & T-Shirts
https://www.awin1.com/pclick.php?p=41493309860&a=2771700&m=116329,Brave Soul Check Tie Top - Black White - L,41493309860,248844AWUS,https://www.dv8fashion.com/Images/Models/Full/34680.jpg,New season Brave Soul has landed...      Product Type: Top     Sleeve: Sleeveless     Extra details: Tie front detail Product Code: P-82739-10--,Sleeveless Tops,26.95,DV8 Fashion (USA),116329,Women's Tops,204,https://images2.productserve.com/?w=200&h=200&bg=white&trim=5&t=letterbox&url=ssl%3Awww.dv8fashion.com%2FImages%2FModels%2FFull%2F34680.jpg&feedId=102894&k=c6eebb1c73ef09f8c6e1ea1991dcc78a012939ae,USD,,12.95,https://www.dv8fashion.com/en/Brave-Soul-Check-Tie-Top---Black-White/m-34680.aspx?PartnerID=4730&utm_source=awin&utm_medium=affiliate&utm_campaign=UnitedStatesUS,,,USD26.95,102894,DV8 Fashion,1,,https://www.dv8fashion.com/Images/Models/Full/34680-1.jpg,https://www.dv8fashion.com/Images/Models/Full/34680-2.jpg,,https://www.dv8fashion.com/Images/Models/Full/34680-3.jpg,Womens,Tops & T-Shirts
https://www.awin1.com/pclick.php?p=41493325668&a=2771700&m=116329,Only Love Strap Singlet - White - S,41493325668,237014AWUS,https://www.dv8fashion.com/Images/Models/Full/33555.jpg,"No wardrobe is complete without soft, timeless, basic styles, perfect for any occasion and season      Product Type: Top     Neck: Round Neck     Sleeve: Sleeveless     Fit: Stretch Fit Product Code: P-81021-11--",Sleeveless Tops,16.95,DV8 Fashion (USA),116329,Women's Tops,204,https://images2.productserve.com/?w=200&h=200&bg=white&trim=5&t=letterbox&url=ssl%3Awww.dv8fashion.com%2FImages%2FModels%2FFull%2F33555.jpg&feedId=102894&k=84b4940caefd0c5c5ac8f0c2640ef96598c6b6b4,USD,,12.95,https://www.dv8fashion.com/en/Only-Love-Strap-Singlet---White/m-33555.aspx?PartnerID=4730&utm_source=awin&utm_medium=affiliate&utm_campaign=UnitedStatesUS,,,USD16.95,102894,DV8 Fashion,1,,https://www.dv8fashion.com/Images/Models/Full/33555-1.jpg,https://www.dv8fashion.com/Images/Models/Full/33555-2.jpg,,https://www.dv8fashion.com/Images/Models/Full/33555-3.jpg,Womens,Tops & T-Shirts
https://www.awin1.com/pclick.php?p=41493325709&a=2771700&m=116329,Only Nova Life Tie Vest - Cloud Dancer - L,41493325709,246596AWUS,https://www.dv8fashion.com/Images/Models/Full/34459.jpg,"Change your everyday outfit in a second by adding a feminine top for a soft, clean expression      Product Type: Top     Neck: V-Neck     Sleeve: Sleeveless     Closing: String fastening     Fit: Regular Fit Product Code: P-82415-11--",Sleeveless Tops,29.95,DV8 Fashion (USA),116329,Women's Tops,204,https://images2.productserve.com/?w=200&h=200&bg=white&trim=5&t=letterbox&url=ssl%3Awww.dv8fashion.com%2FImages%2FModels%2FFull%2F34459.jpg&feedId=102894&k=a31da4c606586f9822e84cdb4a16aaecbf940209,USD,,12.95,https://www.dv8fashion.com/en/Only-Nova-Life-Tie-Vest---Cloud-Dancer/m-34459.aspx?PartnerID=4730&utm_source=awin&utm_medium=affiliate&utm_campaign=UnitedStatesUS,,,USD29.95,102894,DV8 Fashion,1,,https://www.dv8fashion.com/Images/Models/Full/34459-1.jpg,https://www.dv8fashion.com/Images/Models/Full/34459-2.jpg,,https://www.dv8fashion.com/Images/Models/Full/34459-3.jpg,Womens,Tops & T-Shirts
https://www.awin1.com/pclick.php?p=41493325851&a=2771700&m=116329,Pieces Amar Sl Knit Top - Eggnog - XS,41493325851,213846AWUS,https://www.dv8fashion.com/Images/Models/Full/31395.jpg,"Embrace the heat. The styles for summer are lightweight, flowy, and comfortable with a flattering and feminine touch      Product Type: Tank top     Neck: High neck     Sleeve: Sleeveless     Fit: Regular Fit Product Code: P-77572-64--",Sleeveless Tops,39.95,DV8 Fashion (USA),116329,Women's Tops,204,https://images2.productserve.com/?w=200&h=200&bg=white&trim=5&t=letterbox&url=ssl%3Awww.dv8fashion.com%2FImages%2FModels%2FFull%2F31395.jpg&feedId=102894&k=1fdbf6d84b78f89d681ca205e8b37fe7410b6f10,USD,,12.95,https://www.dv8fashion.com/en/Pieces-Amar-Sl-Knit-Top---Eggnog/m-31395.aspx?PartnerID=4730&utm_source=awin&utm_medium=affiliate&utm_campaign=UnitedStatesUS,,,USD39.95,102894,DV8 Fashion,1,,https://www.dv8fashion.com/Images/Models/Full/31395-1.jpg,https://www.dv8fashion.com/Images/Models/Full/31395-2.jpg,,https://www.dv8fashion.com/Images/Models/Full/31395-3.jpg,Womens,Tops & T-Shirts
https://www.awin1.com/pclick.php?p=41493325859&a=2771700&m=116329,Pieces May Tank Top - Riverside - S,41493325859,248082AWUS,https://www.dv8fashion.com/Images/Models/Full/34599.jpg,Find casual items that are comfortable and relaxed and can be used all day long. Rib is a soft fabric with visible ribs on its front and back creating a stretchy fabric       Product Type: Tank top   Neck: U-Neck   Sleeve: Sleeveless   Fit: Tight Fit         Product Code: P-82670-55--,Sleeveless Tops,23.95,DV8 Fashion (USA),116329,Women's Tops,204,https://images2.productserve.com/?w=200&h=200&bg=white&trim=5&t=letterbox&url=ssl%3Awww.dv8fashion.com%2FImages%2FModels%2FFull%2F34599.jpg&feedId=102894&k=e468509567faf2b091ba669dfdfd7593c1ca3238,USD,,12.95,https://www.dv8fashion.com/en/Pieces-May-Tank-Top---Riverside/m-34599.aspx?PartnerID=4730&utm_source=awin&utm_medium=affiliate&utm_campaign=UnitedStatesUS,,,USD23.95,102894,DV8 Fashion,1,,https://www.dv8fashion.com/Images/Models/Full/34599-1.jpg,https://www.dv8fashion.com/Images/Models/Full/34599-2.jpg,,https://www.dv8fashion.com/Images/Models/Full/34599-3.jpg,Womens,Tops & T-Shirts
https://www.awin1.com/pclick.php?p=41493325912&a=2771700&m=116329,Tally Weijl Off Shoulder Basic Top - Navy - L,41493325912,248657AWUS,https://www.dv8fashion.com/Images/Models/Full/34663.jpg,"Show off your chic and feminine side with this basic blue off-the-shoulder top, the perfect piece to elevate your look with ease. Its cropped cut highlights your waist, creating a modern and trendy silhouette, ideal for sunny days or hanging out with friends. The solid blue color makes it a versatile must-have, easy to pair with high-waisted jeans, a flowy skirt, or wide-leg pants      Pattern: Plain     Color: Blue     Length: Cropped     Sleeves: Off Shoulder     Product type: Top     Fit: Basic Product Code: P-82718-12--",Sleeveless Tops,23.95,DV8 Fashion (USA),116329,Women's Tops,204,https://images2.productserve.com/?w=200&h=200&bg=white&trim=5&t=letterbox&url=ssl%3Awww.dv8fashion.com%2FImages%2FModels%2FFull%2F34663.jpg&feedId=102894&k=64993a7854dff4dc349fb9c78954eec349aac4ed,USD,,12.95,https://www.dv8fashion.com/en/Tally-Weijl-Off-Shoulder-Basic-Top---Navy/m-34663.aspx?PartnerID=4730&utm_source=awin&utm_medium=affiliate&utm_campaign=UnitedStatesUS,,,USD23.95,102894,DV8 Fashion,1,,https://www.dv8fashion.com/Images/Models/Full/34663-1.jpg,https://www.dv8fashion.com/Images/Models/Full/34663-2.jpg,,https://www.dv8fashion.com/Images/Models/Full/34663-3.jpg,Womens,Tops & T-Shirts
https://www.awin1.com/pclick.php?p=41493325782&a=2771700&m=116329,Noisy May Stine Embroidery Top - Silver Mink - S,41493325782,246709AWUS,https://www.dv8fashion.com/Images/Models/Full/34470.jpg,Update your basics with Noisy May...      Product Type: Top     Neck: Crew neck     Sleeve: Straps     Extra Details: Front embroidery     Fit: Slim Fit Product Code: P-82520-13--,Sleeveless Tops,23.95,DV8 Fashion (USA),116329,Women's Tops,204,https://images2.productserve.com/?w=200&h=200&bg=white&trim=5&t=letterbox&url=ssl%3Awww.dv8fashion.com%2FImages%2FModels%2FFull%2F34470.jpg&feedId=102894&k=3d411882f52421d294ec0d1b0b37c043c8cd76f9,USD,,12.95,https://www.dv8fashion.com/en/Noisy-May-Stine-Embroidery-Top---Silver-Mink/m-34470.aspx?PartnerID=4730&utm_source=awin&utm_medium=affiliate&utm_campaign=UnitedStatesUS,,,USD23.95,102894,DV8 Fashion,1,,https://www.dv8fashion.com/Images/Models/Full/34470-1.jpg,https://www.dv8fashion.com/Images/Models/Full/34470-2.jpg,,https://www.dv8fashion.com/Images/Models/Full/34470-3.jpg,Womens,Tops & T-Shirts
https://www.awin1.com/pclick.php?p=41493325788&a=2771700&m=116329,Noisy May Ellie Slit Mesh Top - Bon Bon - XL,41493325788,246721AWUS,https://www.dv8fashion.com/Images/Models/Full/34471.jpg,Update your wardrobe with Noisy May...      Product Type: Top     Sleeves: Singlet     Fabric: Mesh     Extra details: Rhinestone embellishment on front Product Code: P-82521-38--,Sleeveless Tops,36.95,DV8 Fashion (USA),116329,Women's Tops,204,https://images2.productserve.com/?w=200&h=200&bg=white&trim=5&t=letterbox&url=ssl%3Awww.dv8fashion.com%2FImages%2FModels%2FFull%2F34471.jpg&feedId=102894&k=f52d4c75929aa28d15b5c36900353e2e730f6ffe,USD,,12.95,https://www.dv8fashion.com/en/Noisy-May-Ellie-Slit-Mesh-Top---Bon-Bon/m-34471.aspx?PartnerID=4730&utm_source=awin&utm_medium=affiliate&utm_campaign=UnitedStatesUS,,,USD36.95,102894,DV8 Fashion,1,,https://www.dv8fashion.com/Images/Models/Full/34471-1.jpg,https://www.dv8fashion.com/Images/Models/Full/34471-2.jpg,,https://www.dv8fashion.com/Images/Models/Full/34471-3.jpg,Womens,Tops & T-Shirts
https://www.awin1.com/pclick.php?p=41493325810&a=2771700&m=116329,Noisy May Sally S/L O-Neck Knit Top - Sweet Lavender - S,41493325810,218167AWUS,https://www.dv8fashion.com/Images/Models/Full/31819.jpg,"With brighter and warmer days ahead it is time for a wardrobe change. Acrylic is a strong synthetic fiber, which can achieve different looks and handfeel      Product Type: Knitted top     Neck: Round Neck     Sleeve: Sleeveless     Fit: Cropped Fit Product Code: P-78308-22--",Sleeveless Tops,40.95,DV8 Fashion (USA),116329,Women's Tops,204,https://images2.productserve.com/?w=200&h=200&bg=white&trim=5&t=letterbox&url=ssl%3Awww.dv8fashion.com%2FImages%2FModels%2FFull%2F31819.jpg&feedId=102894&k=56d275c4b50b411bf5b86a054dbd78ee879f59a1,USD,,12.95,https://www.dv8fashion.com/en/Noisy-May-Sally-SL-O-Neck-Knit-Top---Sweet-Lavender/m-31819.aspx?PartnerID=4730&utm_source=awin&utm_medium=affiliate&utm_campaign=UnitedStatesUS,,,USD40.95,102894,DV8 Fashion,1,,https://www.dv8fashion.com/Images/Models/Full/31819-1.jpg,https://www.dv8fashion.com/Images/Models/Full/31819-2.jpg,,https://www.dv8fashion.com/Images/Models/Full/31819-3.jpg,Womens,Tops & T-Shirts
https://www.awin1.com/pclick.php?p=41493325813&a=2771700&m=116329,Noisy May Devin Singlet Sequin Top - Black / Silver - S,41493325813,227312AWUS,https://www.dv8fashion.com/Images/Models/Full/32649.jpg,Get party ready with Noisy May new season collection      Product Type: Top     Neck: Camisole     Sleeve: Sleeveless     Extra details: Sequins     Fit: Loose Fit Product Code: P-79714-10--,Sleeveless Tops,36.95,DV8 Fashion (USA),116329,Women's Tops,204,https://images2.productserve.com/?w=200&h=200&bg=white&trim=5&t=letterbox&url=ssl%3Awww.dv8fashion.com%2FImages%2FModels%2FFull%2F32649.jpg&feedId=102894&k=4da4340b67582863c2979f401a801672dce5f77d,USD,,12.95,https://www.dv8fashion.com/en/Noisy-May-Devin-Singlet-Sequin-Top---Black--Silver/m-32649.aspx?PartnerID=4730&utm_source=awin&utm_medium=affiliate&utm_campaign=UnitedStatesUS,,,USD36.95,102894,DV8 Fashion,1,,https://www.dv8fashion.com/Images/Models/Full/32649-1.jpg,https://www.dv8fashion.com/Images/Models/Full/32649-2.jpg,,https://www.dv8fashion.com/Images/Models/Full/32649-3.jpg,Womens,Tops & T-Shirts
https://www.awin1.com/pclick.php?p=41493309857&a=2771700&m=116329,Brave Soul Broderie Top - Baby Blue - S,41493309857,248835AWUS,https://www.dv8fashion.com/Images/Models/Full/34679.jpg,New season Brave Soul has landed...      Product Type: Top     Sleeve: Sleeveless     Extra details: Broderie Analgise with back tie detail Product Code: P-82740-55--,Sleeveless Tops,36.95,DV8 Fashion (USA),116329,Women's Tops,204,https://images2.productserve.com/?w=200&h=200&bg=white&trim=5&t=letterbox&url=ssl%3Awww.dv8fashion.com%2FImages%2FModels%2FFull%2F34679.jpg&feedId=102894&k=2d52ff79467d9331a1aa40883ee1c1d4928291cf,USD,,12.95,https://www.dv8fashion.com/en/Brave-Soul-Broderie-Top---Baby-Blue/m-34679.aspx?PartnerID=4730&utm_source=awin&utm_medium=affiliate&utm_campaign=UnitedStatesUS,,,USD36.95,102894,DV8 Fashion,1,,https://www.dv8fashion.com/Images/Models/Full/34679-1.jpg,https://www.dv8fashion.com/Images/Models/Full/34679-2.jpg,,https://www.dv8fashion.com/Images/Models/Full/34679-3.jpg,Womens,Tops & T-Shirts
https://www.awin1.com/pclick.php?p=41493325648&a=2771700&m=116329,Vila Babia O-Neck S/L Top - Eggnog - XS,41493325648,207395AWUS,https://www.dv8fashion.com/Images/Models/Full/30774.jpg,Product Type: Top     Neck: Round Neck     Sleeve: Sleeveless     Fit: Tight Fit Product Code: P-76259-11--,Sleeveless Tops,31.95,DV8 Fashion (USA),116329,Women's Tops,204,https://images2.productserve.com/?w=200&h=200&bg=white&trim=5&t=letterbox&url=ssl%3Awww.dv8fashion.com%2FImages%2FModels%2FFull%2F30774.jpg&feedId=102894&k=4e4f4bd97eb3fe791db561ac1ba9ad102ba3c7c5,USD,,12.95,https://www.dv8fashion.com/en/Vila-Babia-O-Neck-SL-Top---Eggnog/m-30774.aspx?PartnerID=4730&utm_source=awin&utm_medium=affiliate&utm_campaign=UnitedStatesUS,,,USD31.95,102894,DV8 Fashion,1,,https://www.dv8fashion.com/Images/Models/Full/30774-1.jpg,https://www.dv8fashion.com/Images/Models/Full/30774-2.jpg,,https://www.dv8fashion.com/Images/Models/Full/30774-3.jpg,Womens,Tops & T-Shirts
https://www.awin1.com/pclick.php?p=41493325696&a=2771700&m=116329,Only Vilma S/L Cropped Tank Top - Firecracker - L,41493325696,214300AWUS,https://www.dv8fashion.com/Images/Models/Full/31440.jpg,Casual and easy all day wear      Product Type: Tank top     Neck: Round Neck     Sleeve: Sleeveless     Length/Size: Cropped     Fit: Slim Fit Product Code: P-77709-42--,Sleeveless Tops,16.95,DV8 Fashion (USA),116329,Women's Tops,204,https://images2.productserve.com/?w=200&h=200&bg=white&trim=5&t=letterbox&url=ssl%3Awww.dv8fashion.com%2FImages%2FModels%2FFull%2F31440.jpg&feedId=102894&k=057abdac9c22e9ccf0f565dbe145444b515c142e,USD,,12.95,https://www.dv8fashion.com/en/Only-Vilma-SL-Cropped-Tank-Top---Firecracker/m-31440.aspx?PartnerID=4730&utm_source=awin&utm_medium=affiliate&utm_campaign=UnitedStatesUS,,,USD16.95,102894,DV8 Fashion,1,,https://www.dv8fashion.com/Images/Models/Full/31440-1.jpg,https://www.dv8fashion.com/Images/Models/Full/31440-2.jpg,,https://www.dv8fashion.com/Images/Models/Full/31440-3.jpg,Womens,Tops & T-Shirts
https://www.awin1.com/pclick.php?p=41493325857&a=2771700&m=116329,Pieces May Tank Top - Riverside - L,41493325857,248080AWUS,https://www.dv8fashion.com/Images/Models/Full/34599.jpg,Find casual items that are comfortable and relaxed and can be used all day long. Rib is a soft fabric with visible ribs on its front and back creating a stretchy fabric       Product Type: Tank top   Neck: U-Neck   Sleeve: Sleeveless   Fit: Tight Fit         Product Code: P-82670-55--,Sleeveless Tops,23.95,DV8 Fashion (USA),116329,Women's Tops,204,https://images2.productserve.com/?w=200&h=200&bg=white&trim=5&t=letterbox&url=ssl%3Awww.dv8fashion.com%2FImages%2FModels%2FFull%2F34599.jpg&feedId=102894&k=e468509567faf2b091ba669dfdfd7593c1ca3238,USD,,12.95,https://www.dv8fashion.com/en/Pieces-May-Tank-Top---Riverside/m-34599.aspx?PartnerID=4730&utm_source=awin&utm_medium=affiliate&utm_campaign=UnitedStatesUS,,,USD23.95,102894,DV8 Fashion,1,,https://www.dv8fashion.com/Images/Models/Full/34599-1.jpg,https://www.dv8fashion.com/Images/Models/Full/34599-2.jpg,,https://www.dv8fashion.com/Images/Models/Full/34599-3.jpg,Womens,Tops & T-Shirts
https://www.awin1.com/pclick.php?p=41493325862&a=2771700&m=116329,Pieces May Tank Top - White Black Trim - L,41493325862,248091AWUS,https://www.dv8fashion.com/Images/Models/Full/34600.jpg,Find casual items that are comfortable and relaxed and can be used all day long. Rib is a soft fabric with visible ribs on its front and back creating a stretchy fabric      Product Type: Tank top     Neck: U-Neck     Sleeve: Sleeveless     Fit: Tight Fit Product Code: P-82672-11--,Sleeveless Tops,23.95,DV8 Fashion (USA),116329,Women's Tops,204,https://images2.productserve.com/?w=200&h=200&bg=white&trim=5&t=letterbox&url=ssl%3Awww.dv8fashion.com%2FImages%2FModels%2FFull%2F34600.jpg&feedId=102894&k=2ebd58a9813b472c02df640dab4173a15ed12628,USD,,12.95,https://www.dv8fashion.com/en/Pieces-May-Tank-Top---White-Black-Trim/m-34600.aspx?PartnerID=4730&utm_source=awin&utm_medium=affiliate&utm_campaign=UnitedStatesUS,,,USD23.95,102894,DV8 Fashion,1,,https://www.dv8fashion.com/Images/Models/Full/34600-1.jpg,https://www.dv8fashion.com/Images/Models/Full/34600-2.jpg,,https://www.dv8fashion.com/Images/Models/Full/34600-3.jpg,Womens,Tops & T-Shirts
https://www.awin1.com/pclick.php?p=41493325876&a=2771700&m=116329,Pieces May Tank Top - Pink - XS,41493325876,248117AWUS,https://www.dv8fashion.com/Images/Models/Full/34602.jpg,Find casual items that are comfortable and relaxed and can be used all day long. Rib is a soft fabric with visible ribs on its front and back creating a stretchy fabric      Product Type: Tank top     Neck: U-Neck     Sleeve: Sleeveless     Fit: Tight Fit Product Code: P-82673-38--,Sleeveless Tops,23.95,DV8 Fashion (USA),116329,Women's Tops,204,https://images2.productserve.com/?w=200&h=200&bg=white&trim=5&t=letterbox&url=ssl%3Awww.dv8fashion.com%2FImages%2FModels%2FFull%2F34602.jpg&feedId=102894&k=039bc4262716976be4eff46fbb553b5d2fa275c5,USD,,12.95,https://www.dv8fashion.com/en/Pieces-May-Tank-Top---Pink/m-34602.aspx?PartnerID=4730&utm_source=awin&utm_medium=affiliate&utm_campaign=UnitedStatesUS,,,USD23.95,102894,DV8 Fashion,1,,https://www.dv8fashion.com/Images/Models/Full/34602-1.jpg,https://www.dv8fashion.com/Images/Models/Full/34602-2.jpg,,https://www.dv8fashion.com/Images/Models/Full/34602-3.jpg,Womens,Tops & T-Shirts
https://www.awin1.com/pclick.php?p=41493325612&a=2771700&m=116329,Veromoda Ginny Sl O-Neck Crop Top - Eggnog / Black - S,41493325612,207598AWUS,https://www.dv8fashion.com/Images/Models/Full/30794.jpg,"A wardrobe staple that will work through all seasons giving your look a comfortable, cosy vibe. If you ask us, a knitted top is a popular style all year round! Find the one that suits you and maybe style it with a pair of jeans. Psst&hellip; adjust your shoes for the season to make sure, your look turns heads      Product Type: Knitted pullover     Neck: Round Neck     Sleeve: Sleeveless     Length/Size: Cropped Product Code: P-76278-26--",Sleeveless Tops,31.95,DV8 Fashion (USA),116329,Women's Tops,204,https://images2.productserve.com/?w=200&h=200&bg=white&trim=5&t=letterbox&url=ssl%3Awww.dv8fashion.com%2FImages%2FModels%2FFull%2F30794.jpg&feedId=102894&k=f1d187df27b3dd633cd8fb9d3e75868ecbbfda83,USD,,12.95,https://www.dv8fashion.com/en/Veromoda-Ginny-Sl-O-Neck-Crop-Top---Eggnog--Black/m-30794.aspx?PartnerID=4730&utm_source=awin&utm_medium=affiliate&utm_campaign=UnitedStatesUS,,,USD31.95,102894,DV8 Fashion,1,,https://www.dv8fashion.com/Images/Models/Full/30794-1.jpg,https://www.dv8fashion.com/Images/Models/Full/30794-2.jpg,,https://www.dv8fashion.com/Images/Models/Full/30794-3.jpg,Womens,Tops & T-Shirts
https://www.awin1.com/pclick.php?p=41493325785&a=2771700&m=116329,Noisy May Ellie Slit Mesh Top - Bon Bon - L,41493325785,246718AWUS,https://www.dv8fashion.com/Images/Models/Full/34471.jpg,Update your wardrobe with Noisy May...      Product Type: Top     Sleeves: Singlet     Fabric: Mesh     Extra details: Rhinestone embellishment on front Product Code: P-82521-38--,Sleeveless Tops,36.95,DV8 Fashion (USA),116329,Women's Tops,204,https://images2.productserve.com/?w=200&h=200&bg=white&trim=5&t=letterbox&url=ssl%3Awww.dv8fashion.com%2FImages%2FModels%2FFull%2F34471.jpg&feedId=102894&k=f52d4c75929aa28d15b5c36900353e2e730f6ffe,USD,,12.95,https://www.dv8fashion.com/en/Noisy-May-Ellie-Slit-Mesh-Top---Bon-Bon/m-34471.aspx?PartnerID=4730&utm_source=awin&utm_medium=affiliate&utm_campaign=UnitedStatesUS,,,USD36.95,102894,DV8 Fashion,1,,https://www.dv8fashion.com/Images/Models/Full/34471-1.jpg,https://www.dv8fashion.com/Images/Models/Full/34471-2.jpg,,https://www.dv8fashion.com/Images/Models/Full/34471-3.jpg,Womens,Tops & T-Shirts
https://www.awin1.com/pclick.php?p=41493325786&a=2771700&m=116329,Noisy May Ellie Slit Mesh Top - Bon Bon - M,41493325786,246719AWUS,https://www.dv8fashion.com/Images/Models/Full/34471.jpg,Update your wardrobe with Noisy May...      Product Type: Top     Sleeves: Singlet     Fabric: Mesh     Extra details: Rhinestone embellishment on front Product Code: P-82521-38--,Sleeveless Tops,36.95,DV8 Fashion (USA),116329,Women's Tops,204,https://images2.productserve.com/?w=200&h=200&bg=white&trim=5&t=letterbox&url=ssl%3Awww.dv8fashion.com%2FImages%2FModels%2FFull%2F34471.jpg&feedId=102894&k=f52d4c75929aa28d15b5c36900353e2e730f6ffe,USD,,12.95,https://www.dv8fashion.com/en/Noisy-May-Ellie-Slit-Mesh-Top---Bon-Bon/m-34471.aspx?PartnerID=4730&utm_source=awin&utm_medium=affiliate&utm_campaign=UnitedStatesUS,,,USD36.95,102894,DV8 Fashion,1,,https://www.dv8fashion.com/Images/Models/Full/34471-1.jpg,https://www.dv8fashion.com/Images/Models/Full/34471-2.jpg,,https://www.dv8fashion.com/Images/Models/Full/34471-3.jpg,Womens,Tops & T-Shirts
https://www.awin1.com/pclick.php?p=41493325812&a=2771700&m=116329,Noisy May Devin Singlet Sequin Top - Black / Silver - M,41493325812,227311AWUS,https://www.dv8fashion.com/Images/Models/Full/32649.jpg,Get party ready with Noisy May new season collection      Product Type: Top     Neck: Camisole     Sleeve: Sleeveless     Extra details: Sequins     Fit: Loose Fit Product Code: P-79714-10--,Sleeveless Tops,36.95,DV8 Fashion (USA),116329,Women's Tops,204,https://images2.productserve.com/?w=200&h=200&bg=white&trim=5&t=letterbox&url=ssl%3Awww.dv8fashion.com%2FImages%2FModels%2FFull%2F32649.jpg&feedId=102894&k=4da4340b67582863c2979f401a801672dce5f77d,USD,,12.95,https://www.dv8fashion.com/en/Noisy-May-Devin-Singlet-Sequin-Top---Black--Silver/m-32649.aspx?PartnerID=4730&utm_source=awin&utm_medium=affiliate&utm_campaign=UnitedStatesUS,,,USD36.95,102894,DV8 Fashion,1,,https://www.dv8fashion.com/Images/Models/Full/32649-1.jpg,https://www.dv8fashion.com/Images/Models/Full/32649-2.jpg,,https://www.dv8fashion.com/Images/Models/Full/32649-3.jpg,Womens,Tops & T-Shirts
https://www.awin1.com/pclick.php?p=41493309878&a=2771700&m=116329,Brave Soul Textured Sleeveless Vest Top - Cream - 12,41493309878,211967AWUS,https://www.dv8fashion.com/Images/Models/Full/31199.jpg,Get new season ready with Brave Soul textured sleeveless vest top      Cream textured fabric     Sleeveless vest style     Slim fit Product Code: P-77108-26--,Sleeveless Tops,25.95,DV8 Fashion (USA),116329,Women's Tops,204,https://images2.productserve.com/?w=200&h=200&bg=white&trim=5&t=letterbox&url=ssl%3Awww.dv8fashion.com%2FImages%2FModels%2FFull%2F31199.jpg&feedId=102894&k=ed070d771b77bef5f61fe0814e9270d2ca6673b3,USD,,12.95,https://www.dv8fashion.com/en/Brave-Soul-Textured-Sleeveless-Vest-Top---Cream/m-31199.aspx?PartnerID=4730&utm_source=awin&utm_medium=affiliate&utm_campaign=UnitedStatesUS,,,USD25.95,102894,DV8 Fashion,1,,https://www.dv8fashion.com/Images/Models/Full/31199-1.jpg,https://www.dv8fashion.com/Images/Models/Full/31199-2.jpg,,https://www.dv8fashion.com/Images/Models/Full/31199-3.jpg,Womens,Tops & T-Shirts
https://www.awin1.com/pclick.php?p=41493309879&a=2771700&m=116329,Brave Soul Textured Sleeveless Vest Top - Cream - 14,41493309879,211968AWUS,https://www.dv8fashion.com/Images/Models/Full/31199.jpg,Get new season ready with Brave Soul textured sleeveless vest top      Cream textured fabric     Sleeveless vest style     Slim fit Product Code: P-77108-26--,Sleeveless Tops,25.95,DV8 Fashion (USA),116329,Women's Tops,204,https://images2.productserve.com/?w=200&h=200&bg=white&trim=5&t=letterbox&url=ssl%3Awww.dv8fashion.com%2FImages%2FModels%2FFull%2F31199.jpg&feedId=102894&k=ed070d771b77bef5f61fe0814e9270d2ca6673b3,USD,,12.95,https://www.dv8fashion.com/en/Brave-Soul-Textured-Sleeveless-Vest-Top---Cream/m-31199.aspx?PartnerID=4730&utm_source=awin&utm_medium=affiliate&utm_campaign=UnitedStatesUS,,,USD25.95,102894,DV8 Fashion,1,,https://www.dv8fashion.com/Images/Models/Full/31199-1.jpg,https://www.dv8fashion.com/Images/Models/Full/31199-2.jpg,,https://www.dv8fashion.com/Images/Models/Full/31199-3.jpg,Womens,Tops & T-Shirts
https://www.awin1.com/pclick.php?p=41493325658&a=2771700&m=116329,Only Aida Elisa Frill Strap Top - Black - S,41493325658,237862AWUS,https://www.dv8fashion.com/Images/Models/Full/33634.jpg,"Make the transition easy with spring and summer styles, perfect for the lovely in-between season. Woven fabrics are created by weaving together two or more yarns for a timeless look      Product Type: Top     Neck: V-Neck     Sleeve: Sleeveless     Lining: Polyester lining for a comfortable feel     Fit: Regular Fit Product Code: P-81130-10--",Sleeveless Tops,34.95,DV8 Fashion (USA),116329,Women's Tops,204,https://images2.productserve.com/?w=200&h=200&bg=white&trim=5&t=letterbox&url=ssl%3Awww.dv8fashion.com%2FImages%2FModels%2FFull%2F33634.jpg&feedId=102894&k=d66d99f29f63ad0a8bbc1d09afb669f1de8f608d,USD,,12.95,https://www.dv8fashion.com/en/Only-Aida-Elisa-Frill-Strap-Top---Black/m-33634.aspx?PartnerID=4730&utm_source=awin&utm_medium=affiliate&utm_campaign=UnitedStatesUS,,,USD34.95,102894,DV8 Fashion,1,,https://www.dv8fashion.com/Images/Models/Full/33634-1.jpg,https://www.dv8fashion.com/Images/Models/Full/33634-2.jpg,,https://www.dv8fashion.com/Images/Models/Full/33634-3.jpg,Womens,Tops & T-Shirts
https://www.awin1.com/pclick.php?p=41493325705&a=2771700&m=116329,Only Vilma Cropped Tank Top - Clear Sky - M,41493325705,246575AWUS,https://www.dv8fashion.com/Images/Models/Full/34457.jpg,"No wardrobe is complete without soft, timeless, basic styles, perfect for any occasion and season      Product Type: Tank top     Neck: Round Neck     Sleeve: Sleeveless     Length/Size: Cropped     Fit: Slim Fit Product Code: P-82413-61--",Sleeveless Tops,16.95,DV8 Fashion (USA),116329,Women's Tops,204,https://images2.productserve.com/?w=200&h=200&bg=white&trim=5&t=letterbox&url=ssl%3Awww.dv8fashion.com%2FImages%2FModels%2FFull%2F34457.jpg&feedId=102894&k=3eb30f161316ec31e557c49b8214d3b1033cff1c,USD,,12.95,https://www.dv8fashion.com/en/Only-Vilma-Cropped-Tank-Top---Clear-Sky/m-34457.aspx?PartnerID=4730&utm_source=awin&utm_medium=affiliate&utm_campaign=UnitedStatesUS,,,USD16.95,102894,DV8 Fashion,1,,https://www.dv8fashion.com/Images/Models/Full/34457-1.jpg,https://www.dv8fashion.com/Images/Models/Full/34457-2.jpg,,https://www.dv8fashion.com/Images/Models/Full/34457-3.jpg,Womens,Tops & T-Shirts
https://www.awin1.com/pclick.php?p=41493325706&a=2771700&m=116329,Only Vilma Cropped Tank Top - Clear Sky - S,41493325706,246576AWUS,https://www.dv8fashion.com/Images/Models/Full/34457.jpg,"No wardrobe is complete without soft, timeless, basic styles, perfect for any occasion and season      Product Type: Tank top     Neck: Round Neck     Sleeve: Sleeveless     Length/Size: Cropped     Fit: Slim Fit Product Code: P-82413-61--",Sleeveless Tops,16.95,DV8 Fashion (USA),116329,Women's Tops,204,https://images2.productserve.com/?w=200&h=200&bg=white&trim=5&t=letterbox&url=ssl%3Awww.dv8fashion.com%2FImages%2FModels%2FFull%2F34457.jpg&feedId=102894&k=3eb30f161316ec31e557c49b8214d3b1033cff1c,USD,,12.95,https://www.dv8fashion.com/en/Only-Vilma-Cropped-Tank-Top---Clear-Sky/m-34457.aspx?PartnerID=4730&utm_source=awin&utm_medium=affiliate&utm_campaign=UnitedStatesUS,,,USD16.95,102894,DV8 Fashion,1,,https://www.dv8fashion.com/Images/Models/Full/34457-1.jpg,https://www.dv8fashion.com/Images/Models/Full/34457-2.jpg,,https://www.dv8fashion.com/Images/Models/Full/34457-3.jpg,Womens,Tops & T-Shirts
https://www.awin1.com/pclick.php?p=41493325849&a=2771700&m=116329,Pieces Amar Sl Knit Top - Eggnog - S,41493325849,213844AWUS,https://www.dv8fashion.com/Images/Models/Full/31395.jpg,"Embrace the heat. The styles for summer are lightweight, flowy, and comfortable with a flattering and feminine touch      Product Type: Tank top     Neck: High neck     Sleeve: Sleeveless     Fit: Regular Fit Product Code: P-77572-64--",Sleeveless Tops,39.95,DV8 Fashion (USA),116329,Women's Tops,204,https://images2.productserve.com/?w=200&h=200&bg=white&trim=5&t=letterbox&url=ssl%3Awww.dv8fashion.com%2FImages%2FModels%2FFull%2F31395.jpg&feedId=102894&k=1fdbf6d84b78f89d681ca205e8b37fe7410b6f10,USD,,12.95,https://www.dv8fashion.com/en/Pieces-Amar-Sl-Knit-Top---Eggnog/m-31395.aspx?PartnerID=4730&utm_source=awin&utm_medium=affiliate&utm_campaign=UnitedStatesUS,,,USD39.95,102894,DV8 Fashion,1,,https://www.dv8fashion.com/Images/Models/Full/31395-1.jpg,https://www.dv8fashion.com/Images/Models/Full/31395-2.jpg,,https://www.dv8fashion.com/Images/Models/Full/31395-3.jpg,Womens,Tops & T-Shirts
https://www.awin1.com/pclick.php?p=41493325850&a=2771700&m=116329,Pieces Amar Sl Knit Top - Eggnog - XL,41493325850,213845AWUS,https://www.dv8fashion.com/Images/Models/Full/31395.jpg,"Embrace the heat. The styles for summer are lightweight, flowy, and comfortable with a flattering and feminine touch      Product Type: Tank top     Neck: High neck     Sleeve: Sleeveless     Fit: Regular Fit Product Code: P-77572-64--",Sleeveless Tops,39.95,DV8 Fashion (USA),116329,Women's Tops,204,https://images2.productserve.com/?w=200&h=200&bg=white&trim=5&t=letterbox&url=ssl%3Awww.dv8fashion.com%2FImages%2FModels%2FFull%2F31395.jpg&feedId=102894&k=1fdbf6d84b78f89d681ca205e8b37fe7410b6f10,USD,,12.95,https://www.dv8fashion.com/en/Pieces-Amar-Sl-Knit-Top---Eggnog/m-31395.aspx?PartnerID=4730&utm_source=awin&utm_medium=affiliate&utm_campaign=UnitedStatesUS,,,USD39.95,102894,DV8 Fashion,1,,https://www.dv8fashion.com/Images/Models/Full/31395-1.jpg,https://www.dv8fashion.com/Images/Models/Full/31395-2.jpg,,https://www.dv8fashion.com/Images/Models/Full/31395-3.jpg,Womens,Tops & T-Shirts
https://www.awin1.com/pclick.php?p=41493325853&a=2771700&m=116329,Pieces May Tank Top - Black - M,41493325853,248070AWUS,https://www.dv8fashion.com/Images/Models/Full/34598.jpg,Find casual items that are comfortable and relaxed and can be used all day long. Rib is a soft fabric with visible ribs on its front and back creating a stretchy fabric      Product Type: Tank top     Neck: U-Neck     Sleeve: Sleeveless     Fit: Tight Fit Product Code: P-82669-10--,Sleeveless Tops,23.95,DV8 Fashion (USA),116329,Women's Tops,204,https://images2.productserve.com/?w=200&h=200&bg=white&trim=5&t=letterbox&url=ssl%3Awww.dv8fashion.com%2FImages%2FModels%2FFull%2F34598.jpg&feedId=102894&k=acb8b66782c41e44c3c0e173740d0830d70ca0a1,USD,,12.95,https://www.dv8fashion.com/en/Pieces-May-Tank-Top---Black/m-34598.aspx?PartnerID=4730&utm_source=awin&utm_medium=affiliate&utm_campaign=UnitedStatesUS,,,USD23.95,102894,DV8 Fashion,1,,https://www.dv8fashion.com/Images/Models/Full/34598-1.jpg,https://www.dv8fashion.com/Images/Models/Full/34598-2.jpg,,https://www.dv8fashion.com/Images/Models/Full/34598-3.jpg,Womens,Tops & T-Shirts
https://www.awin1.com/pclick.php?p=41493309880&a=2771700&m=116329,Brave Soul Textured Sleeveless Vest Top - Cream - 6,41493309880,211972AWUS,https://www.dv8fashion.com/Images/Models/Full/31199.jpg,Get new season ready with Brave Soul textured sleeveless vest top      Cream textured fabric     Sleeveless vest style     Slim fit Product Code: P-77108-26--,Sleeveless Tops,25.95,DV8 Fashion (USA),116329,Women's Tops,204,https://images2.productserve.com/?w=200&h=200&bg=white&trim=5&t=letterbox&url=ssl%3Awww.dv8fashion.com%2FImages%2FModels%2FFull%2F31199.jpg&feedId=102894&k=ed070d771b77bef5f61fe0814e9270d2ca6673b3,USD,,12.95,https://www.dv8fashion.com/en/Brave-Soul-Textured-Sleeveless-Vest-Top---Cream/m-31199.aspx?PartnerID=4730&utm_source=awin&utm_medium=affiliate&utm_campaign=UnitedStatesUS,,,USD25.95,102894,DV8 Fashion,1,,https://www.dv8fashion.com/Images/Models/Full/31199-1.jpg,https://www.dv8fashion.com/Images/Models/Full/31199-2.jpg,,https://www.dv8fashion.com/Images/Models/Full/31199-3.jpg,Womens,Tops & T-Shirts
https://www.awin1.com/pclick.php?p=41493326284&a=2771700&m=116329,Brave Soul Mandy Floral Tie Top - Yellow - M,41493326284,246986AWUS,https://www.dv8fashion.com/Images/Models/Full/34490.jpg,Update your wardrobe with Brave Soul...      Product Type: Top     Sleeves: Singlet     Fabric: Floral Mesh     Extra details: Tie front with ruffle detailing Product Code: P-82542-25--,Sleeveless Tops,36.95,DV8 Fashion (USA),116329,Women's Tops,204,https://images2.productserve.com/?w=200&h=200&bg=white&trim=5&t=letterbox&url=ssl%3Awww.dv8fashion.com%2FImages%2FModels%2FFull%2F34490.jpg&feedId=102894&k=83b1a7a47349dde6d89e70f28cd8476ae094e141,USD,,12.95,https://www.dv8fashion.com/en/Brave-Soul-Mandy-Floral-Tie-Top---Yellow/m-34490.aspx?PartnerID=4730&utm_source=awin&utm_medium=affiliate&utm_campaign=UnitedStatesUS,,,USD36.95,102894,DV8 Fashion,1,,https://www.dv8fashion.com/Images/Models/Full/34490-1.jpg,https://www.dv8fashion.com/Images/Models/Full/34490-2.jpg,,https://www.dv8fashion.com/Images/Models/Full/34490-3.jpg,Womens,Tops & T-Shirts
https://www.awin1.com/pclick.php?p=41493326287&a=2771700&m=116329,Brave Soul Mandy Floral Tie Top - Yellow - XS,41493326287,246989AWUS,https://www.dv8fashion.com/Images/Models/Full/34490.jpg,Update your wardrobe with Brave Soul...      Product Type: Top     Sleeves: Singlet     Fabric: Floral Mesh     Extra details: Tie front with ruffle detailing Product Code: P-82542-25--,Sleeveless Tops,36.95,DV8 Fashion (USA),116329,Women's Tops,204,https://images2.productserve.com/?w=200&h=200&bg=white&trim=5&t=letterbox&url=ssl%3Awww.dv8fashion.com%2FImages%2FModels%2FFull%2F34490.jpg&feedId=102894&k=83b1a7a47349dde6d89e70f28cd8476ae094e141,USD,,12.95,https://www.dv8fashion.com/en/Brave-Soul-Mandy-Floral-Tie-Top---Yellow/m-34490.aspx?PartnerID=4730&utm_source=awin&utm_medium=affiliate&utm_campaign=UnitedStatesUS,,,USD36.95,102894,DV8 Fashion,1,,https://www.dv8fashion.com/Images/Models/Full/34490-1.jpg,https://www.dv8fashion.com/Images/Models/Full/34490-2.jpg,,https://www.dv8fashion.com/Images/Models/Full/34490-3.jpg,Womens,Tops & T-Shirts
https://www.awin1.com/pclick.php?p=41493309845&a=2771700&m=116329,Brave Soul Rib Button Vest Top - Red - L,41493309845,248213AWUS,https://www.dv8fashion.com/Images/Models/Full/34611.jpg,New season Brave Soul has landed...       Product Type: Top   Neck: Crew neck   Sleeve: Sleeveless   Extra details: Button front         Product Code: P-82682-21--,Sleeveless Tops,19.95,DV8 Fashion (USA),116329,Women's Tops,204,https://images2.productserve.com/?w=200&h=200&bg=white&trim=5&t=letterbox&url=ssl%3Awww.dv8fashion.com%2FImages%2FModels%2FFull%2F34611.jpg&feedId=102894&k=ad4b6895f0377081a5b0c23d95a8b5947fc224cf,USD,,12.95,https://www.dv8fashion.com/en/Brave-Soul-Rib-Button-Vest-Top---Red/m-34611.aspx?PartnerID=4730&utm_source=awin&utm_medium=affiliate&utm_campaign=UnitedStatesUS,,,USD19.95,102894,DV8 Fashion,1,,https://www.dv8fashion.com/Images/Models/Full/34611-1.jpg,https://www.dv8fashion.com/Images/Models/Full/34611-2.jpg,,https://www.dv8fashion.com/Images/Models/Full/34611-3.jpg,Womens,Tops & T-Shirts
https://www.awin1.com/pclick.php?p=41493325835&a=2771700&m=116329,Pieces Sanny Cropped Strap Top - Black - S/M,41493325835,207460AWUS,https://www.dv8fashion.com/Images/Models/Full/30781.jpg,"Find your perfect everyday look. With quality styles, you can create timeless, comfortable, and trendy outfits that work every single day of the week. Rib is a soft fabric with visible ribs on its front and back creating a stretchy fabric      Product Type: Tank top     Neck: U-Neck     Sleeve: Sleeveless     Straps: Adjustable straps     Length/Size: Cropped     Lining: Unlined     Fit: Regular Fit Product Code: P-76275-10--",Sleeveless Tops,26.95,DV8 Fashion (USA),116329,Women's Tops,204,https://images2.productserve.com/?w=200&h=200&bg=white&trim=5&t=letterbox&url=ssl%3Awww.dv8fashion.com%2FImages%2FModels%2FFull%2F30781.jpg&feedId=102894&k=28645dfb7e9a947ee901048bfcb01cd36ff9c56c,USD,,12.95,https://www.dv8fashion.com/en/Pieces-Sanny-Cropped-Strap-Top---Black/m-30781.aspx?PartnerID=4730&utm_source=awin&utm_medium=affiliate&utm_campaign=UnitedStatesUS,,,USD26.95,102894,DV8 Fashion,1,,https://www.dv8fashion.com/Images/Models/Full/30781-1.jpg,https://www.dv8fashion.com/Images/Models/Full/30781-2.jpg,,https://www.dv8fashion.com/Images/Models/Full/30781-3.jpg,Womens,Tops & T-Shirts
https://www.awin1.com/pclick.php?p=41493325863&a=2771700&m=116329,Pieces May Tank Top - White Black Trim - M,41493325863,248092AWUS,https://www.dv8fashion.com/Images/Models/Full/34600.jpg,Find casual items that are comfortable and relaxed and can be used all day long. Rib is a soft fabric with visible ribs on its front and back creating a stretchy fabric      Product Type: Tank top     Neck: U-Neck     Sleeve: Sleeveless     Fit: Tight Fit Product Code: P-82672-11--,Sleeveless Tops,23.95,DV8 Fashion (USA),116329,Women's Tops,204,https://images2.productserve.com/?w=200&h=200&bg=white&trim=5&t=letterbox&url=ssl%3Awww.dv8fashion.com%2FImages%2FModels%2FFull%2F34600.jpg&feedId=102894&k=2ebd58a9813b472c02df640dab4173a15ed12628,USD,,12.95,https://www.dv8fashion.com/en/Pieces-May-Tank-Top---White-Black-Trim/m-34600.aspx?PartnerID=4730&utm_source=awin&utm_medium=affiliate&utm_campaign=UnitedStatesUS,,,USD23.95,102894,DV8 Fashion,1,,https://www.dv8fashion.com/Images/Models/Full/34600-1.jpg,https://www.dv8fashion.com/Images/Models/Full/34600-2.jpg,,https://www.dv8fashion.com/Images/Models/Full/34600-3.jpg,Womens,Tops & T-Shirts
https://www.awin1.com/pclick.php?p=41493325842&a=2771700&m=116329,Pieces Sastina Cropped Top - Cloud Dancer - L,41493325842,248014AWUS,https://www.dv8fashion.com/Images/Models/Full/34593.jpg,"Embrace the heat. The styles for summer are lightweight, flowy, and comfortable with a flattering and feminine touch. Cotton fabric is a natural and comfortable fabric       Product Type: Blouse   Neck: V-Neck   Sleeve: Sleeveless   Length/Size: Cropped   Extra details: Drawstring detail   Fit: Regular Fit         Product Code: P-82665-11--",Sleeveless Tops,36.95,DV8 Fashion (USA),116329,Women's Tops,204,https://images2.productserve.com/?w=200&h=200&bg=white&trim=5&t=letterbox&url=ssl%3Awww.dv8fashion.com%2FImages%2FModels%2FFull%2F34593.jpg&feedId=102894&k=dc432c5973f100b492f00bc2358d3612ebcb943c,USD,,12.95,https://www.dv8fashion.com/en/Pieces-Sastina-Cropped-Top---Cloud-Dancer/m-34593.aspx?PartnerID=4730&utm_source=awin&utm_medium=affiliate&utm_campaign=UnitedStatesUS,,,USD36.95,102894,DV8 Fashion,1,,https://www.dv8fashion.com/Images/Models/Full/34593-1.jpg,https://www.dv8fashion.com/Images/Models/Full/34593-2.jpg,,https://www.dv8fashion.com/Images/Models/Full/34593-3.jpg,Womens,Tops & T-Shirts
https://www.awin1.com/pclick.php?p=41493325838&a=2771700&m=116329,Pieces Therese Pointelle Singlet Top - Bright White - M,41493325838,248768AWUS,https://www.dv8fashion.com/Images/Models/Full/34673.jpg,Elevate your style with our stunning top by Pieces...      Pointelle fabric     Bow on front     Thin straps Product Code: P-82725-11--,Sleeveless Tops,20.95,DV8 Fashion (USA),116329,Women's Tops,204,https://images2.productserve.com/?w=200&h=200&bg=white&trim=5&t=letterbox&url=ssl%3Awww.dv8fashion.com%2FImages%2FModels%2FFull%2F34673.jpg&feedId=102894&k=d39ef07acefb210bcba578fae1aa9faa4e88c2b6,USD,,12.95,https://www.dv8fashion.com/en/Pieces-Therese-Pointelle-Singlet-Top---Bright-White/m-34673.aspx?PartnerID=4730&utm_source=awin&utm_medium=affiliate&utm_campaign=UnitedStatesUS,,,USD20.95,102894,DV8 Fashion,1,,https://www.dv8fashion.com/Images/Models/Full/34673-1.jpg,https://www.dv8fashion.com/Images/Models/Full/34673-2.jpg,,https://www.dv8fashion.com/Images/Models/Full/34673-3.jpg,Womens,Tops & T-Shirts
https://www.awin1.com/pclick.php?p=41493325840&a=2771700&m=116329,Pieces Therese Pointelle Singlet Top - Bright White - XL,41493325840,248770AWUS,https://www.dv8fashion.com/Images/Models/Full/34673.jpg,Elevate your style with our stunning top by Pieces...      Pointelle fabric     Bow on front     Thin straps Product Code: P-82725-11--,Sleeveless Tops,20.95,DV8 Fashion (USA),116329,Women's Tops,204,https://images2.productserve.com/?w=200&h=200&bg=white&trim=5&t=letterbox&url=ssl%3Awww.dv8fashion.com%2FImages%2FModels%2FFull%2F34673.jpg&feedId=102894&k=d39ef07acefb210bcba578fae1aa9faa4e88c2b6,USD,,12.95,https://www.dv8fashion.com/en/Pieces-Therese-Pointelle-Singlet-Top---Bright-White/m-34673.aspx?PartnerID=4730&utm_source=awin&utm_medium=affiliate&utm_campaign=UnitedStatesUS,,,USD20.95,102894,DV8 Fashion,1,,https://www.dv8fashion.com/Images/Models/Full/34673-1.jpg,https://www.dv8fashion.com/Images/Models/Full/34673-2.jpg,,https://www.dv8fashion.com/Images/Models/Full/34673-3.jpg,Womens,Tops & T-Shirts
https://www.awin1.com/pclick.php?p=41493325610&a=2771700&m=116329,Veromoda Ginny Sl O-Neck Crop Top - Eggnog / Black - L,41493325610,207596AWUS,https://www.dv8fashion.com/Images/Models/Full/30794.jpg,"A wardrobe staple that will work through all seasons giving your look a comfortable, cosy vibe. If you ask us, a knitted top is a popular style all year round! Find the one that suits you and maybe style it with a pair of jeans. Psst&hellip; adjust your shoes for the season to make sure, your look turns heads      Product Type: Knitted pullover     Neck: Round Neck     Sleeve: Sleeveless     Length/Size: Cropped Product Code: P-76278-26--",Sleeveless Tops,31.95,DV8 Fashion (USA),116329,Women's Tops,204,https://images2.productserve.com/?w=200&h=200&bg=white&trim=5&t=letterbox&url=ssl%3Awww.dv8fashion.com%2FImages%2FModels%2FFull%2F30794.jpg&feedId=102894&k=f1d187df27b3dd633cd8fb9d3e75868ecbbfda83,USD,,12.95,https://www.dv8fashion.com/en/Veromoda-Ginny-Sl-O-Neck-Crop-Top---Eggnog--Black/m-30794.aspx?PartnerID=4730&utm_source=awin&utm_medium=affiliate&utm_campaign=UnitedStatesUS,,,USD31.95,102894,DV8 Fashion,1,,https://www.dv8fashion.com/Images/Models/Full/30794-1.jpg,https://www.dv8fashion.com/Images/Models/Full/30794-2.jpg,,https://www.dv8fashion.com/Images/Models/Full/30794-3.jpg,Womens,Tops & T-Shirts
https://www.awin1.com/pclick.php?p=41493325905&a=2771700&m=116329,Tally Weijl Printed Ruched Tube Top - White - M,41493325905,247780AWUS,https://www.dv8fashion.com/Images/Models/Full/34570.jpg,"Update your summer wardrobe with Tally Weijl...      Pattern: Printed     Details: Elasticated bands, Ruched     Product type: Top Product Code: P-82622-11--",Sleeveless Tops,25.95,DV8 Fashion (USA),116329,Women's Tops,204,https://images2.productserve.com/?w=200&h=200&bg=white&trim=5&t=letterbox&url=ssl%3Awww.dv8fashion.com%2FImages%2FModels%2FFull%2F34570.jpg&feedId=102894&k=664081026b63377af6f0b19c53d8516563de4743,USD,,12.95,https://www.dv8fashion.com/en/Tally-Weijl-Printed-Ruched-Tube-Top---White/m-34570.aspx?PartnerID=4730&utm_source=awin&utm_medium=affiliate&utm_campaign=UnitedStatesUS,,,USD25.95,102894,DV8 Fashion,1,,https://www.dv8fashion.com/Images/Models/Full/34570-1.jpg,https://www.dv8fashion.com/Images/Models/Full/34570-2.jpg,,https://www.dv8fashion.com/Images/Models/Full/34570-3.jpg,Womens,Tops & T-Shirts
https://www.awin1.com/pclick.php?p=41493325895&a=2771700&m=116329,Tally Weijl Strappy Diamonte Top - Black - M,41493325895,247523AWUS,https://www.dv8fashion.com/Images/Models/Full/34539.jpg,Update your wardrobe with Tally Weijl...      Product Type: Top     Sleeves: Singlet     Fabric: Mesh     Extra details: Rhinestone embellishment on front Product Code: P-82618-10--,Sleeveless Tops,39.95,DV8 Fashion (USA),116329,Women's Tops,204,https://images2.productserve.com/?w=200&h=200&bg=white&trim=5&t=letterbox&url=ssl%3Awww.dv8fashion.com%2FImages%2FModels%2FFull%2F34539.jpg&feedId=102894&k=8391ea5b2ab400b080361765e2cbffb22a85d206,USD,,12.95,https://www.dv8fashion.com/en/Tally-Weijl-Strappy-Diamonte-Top---Black/m-34539.aspx?PartnerID=4730&utm_source=awin&utm_medium=affiliate&utm_campaign=UnitedStatesUS,,,USD39.95,102894,DV8 Fashion,1,,https://www.dv8fashion.com/Images/Models/Full/34539-1.jpg,https://www.dv8fashion.com/Images/Models/Full/34539-2.jpg,,https://www.dv8fashion.com/Images/Models/Full/34539-3.jpg,Womens,Tops & T-Shirts
https://www.awin1.com/pclick.php?p=41493326220&a=2771700&m=116329,Daisy Street Stripe Knit Rib Bandeau - Stone - 12,41493326220,215150AWUS,https://www.dv8fashion.com/Images/Models/Full/31527.jpg,Basic cropped sleeveless top in stone stripe knit fabric      Colour: stone stripe     Length: cropped     Sleeves: sleeveless     Fit: Basic Product Code: P-77915-34--,Sleeveless Tops,36.95,DV8 Fashion (USA),116329,Women's Tops,204,https://images2.productserve.com/?w=200&h=200&bg=white&trim=5&t=letterbox&url=ssl%3Awww.dv8fashion.com%2FImages%2FModels%2FFull%2F31527.jpg&feedId=102894&k=05db44da2d57e1e59d7ee6d42de0fa02098cf05f,USD,,12.95,https://www.dv8fashion.com/en/Daisy-Street-Stripe-Knit-Rib-Bandeau---Stone/m-31527.aspx?PartnerID=4730&utm_source=awin&utm_medium=affiliate&utm_campaign=UnitedStatesUS,,,USD36.95,102894,DV8 Fashion,1,,https://www.dv8fashion.com/Images/Models/Full/31527-1.jpg,https://www.dv8fashion.com/Images/Models/Full/31527-2.jpg,,https://www.dv8fashion.com/Images/Models/Full/31527-3.jpg,Womens,Tops & T-Shirts
https://www.awin1.com/pclick.php?p=41493325701&a=2771700&m=116329,Only Shelly Life S/L Top - Cloud Dancer - M,41493325701,216930AWUS,https://www.dv8fashion.com/Images/Models/Full/31698.jpg,"Change your everyday outfit in a second by adding a feminine top for a soft, clean expression      Product Type: Top     Neck: Round Neck     Sleeve: Sleeveless     Length/Size: Cropped     Fit: Regular Fit     Attachment comp: Cotton Product Code: P-78148-11--",Sleeveless Tops,31.95,DV8 Fashion (USA),116329,Women's Tops,204,https://images2.productserve.com/?w=200&h=200&bg=white&trim=5&t=letterbox&url=ssl%3Awww.dv8fashion.com%2FImages%2FModels%2FFull%2F31698.jpg&feedId=102894&k=d660819e2675f3df45aca19261fe06b6b2b923f1,USD,,12.95,https://www.dv8fashion.com/en/Only-Shelly-Life-SL-Top---Cloud-Dancer/m-31698.aspx?PartnerID=4730&utm_source=awin&utm_medium=affiliate&utm_campaign=UnitedStatesUS,,,USD31.95,102894,DV8 Fashion,1,,https://www.dv8fashion.com/Images/Models/Full/31698-1.jpg,https://www.dv8fashion.com/Images/Models/Full/31698-2.jpg,,https://www.dv8fashion.com/Images/Models/Full/31698-3.jpg,Womens,Tops & T-Shirts
https://www.awin1.com/pclick.php?p=41493325686&a=2771700&m=116329,Only Vilma S/L Cropped Tank Top - Spring Bouquet - L,41493325686,211673AWUS,https://www.dv8fashion.com/Images/Models/Full/31167.jpg,Casual and easy all day wear      Product Type: Tank top     Neck: Round Neck     Sleeve: Sleeveless     Length/Size: Cropped     Fit: Slim Fit Product Code: P-77067-45--,Sleeveless Tops,16.95,DV8 Fashion (USA),116329,Women's Tops,204,https://images2.productserve.com/?w=200&h=200&bg=white&trim=5&t=letterbox&url=ssl%3Awww.dv8fashion.com%2FImages%2FModels%2FFull%2F31167.jpg&feedId=102894&k=e0f6246336032617d802d7eed17aa9febcecef9f,USD,,12.95,https://www.dv8fashion.com/en/Only-Vilma-SL-Cropped-Tank-Top---Spring-Bouquet/m-31167.aspx?PartnerID=4730&utm_source=awin&utm_medium=affiliate&utm_campaign=UnitedStatesUS,,,USD16.95,102894,DV8 Fashion,1,,https://www.dv8fashion.com/Images/Models/Full/31167-1.jpg,https://www.dv8fashion.com/Images/Models/Full/31167-2.jpg,,https://www.dv8fashion.com/Images/Models/Full/31167-3.jpg,Womens,Tops & T-Shirts
https://www.awin1.com/pclick.php?p=41493325720&a=2771700&m=116329,Only Vilma Cropped Tank Top - Cloud Dancer - M,41493325720,248867AWUS,https://www.dv8fashion.com/Images/Models/Full/34682.jpg,Casual and easy all day wear      Product Type: Tank top     Neck: Round Neck     Sleeve: Sleeveless     Length/Size: Cropped     Fit: Slim Fit Product Code: P-82727-11--,Sleeveless Tops,16.95,DV8 Fashion (USA),116329,Women's Tops,204,https://images2.productserve.com/?w=200&h=200&bg=white&trim=5&t=letterbox&url=ssl%3Awww.dv8fashion.com%2FImages%2FModels%2FFull%2F34682.jpg&feedId=102894&k=ccad001056ccca6206770e7c2dd9d18ec806800d,USD,,12.95,https://www.dv8fashion.com/en/Only-Vilma-Cropped-Tank-Top---Cloud-Dancer/m-34682.aspx?PartnerID=4730&utm_source=awin&utm_medium=affiliate&utm_campaign=UnitedStatesUS,,,USD16.95,102894,DV8 Fashion,1,,https://www.dv8fashion.com/Images/Models/Full/34682-1.jpg,https://www.dv8fashion.com/Images/Models/Full/34682-2.jpg,,https://www.dv8fashion.com/Images/Models/Full/34682-3.jpg,Womens,Tops & T-Shirts
https://www.awin1.com/pclick.php?p=41493325877&a=2771700&m=116329,Pieces Agnes Smock Bandeau Top - Raw Cotton - L,41493325877,213872AWUS,https://www.dv8fashion.com/Images/Models/Full/31398.jpg,With trendy seasonal swimwear and beachwear you are sure to become the best-dressed at the beach. Shop all the different styles suitable for hot summer days and pack them into your suitcase. Cotton fabric is a natural and comfortable fabric      Detail Type: Tube top     Neck: Off Shoulder     Sleeve: Sleeveless (S/L)     Fit: Regular Fit Product Code: P-77575-34--,Sleeveless Tops,36.95,DV8 Fashion (USA),116329,Women's Tops,204,https://images2.productserve.com/?w=200&h=200&bg=white&trim=5&t=letterbox&url=ssl%3Awww.dv8fashion.com%2FImages%2FModels%2FFull%2F31398.jpg&feedId=102894&k=f0b1f9cfb5f071da7cea9390e192d14448d01dec,USD,,12.95,https://www.dv8fashion.com/en/Pieces-Agnes-Smock-Bandeau-Top---Raw-Cotton/m-31398.aspx?PartnerID=4730&utm_source=awin&utm_medium=affiliate&utm_campaign=UnitedStatesUS,,,USD36.95,102894,DV8 Fashion,1,,https://www.dv8fashion.com/Images/Models/Full/31398-1.jpg,https://www.dv8fashion.com/Images/Models/Full/31398-2.jpg,,https://www.dv8fashion.com/Images/Models/Full/31398-3.jpg,Womens,Tops & T-Shirts
https://www.awin1.com/pclick.php?p=41493325878&a=2771700&m=116329,Pieces Agnes Smock Bandeau Top - Raw Cotton - XL,41493325878,213875AWUS,https://www.dv8fashion.com/Images/Models/Full/31398.jpg,With trendy seasonal swimwear and beachwear you are sure to become the best-dressed at the beach. Shop all the different styles suitable for hot summer days and pack them into your suitcase. Cotton fabric is a natural and comfortable fabric      Detail Type: Tube top     Neck: Off Shoulder     Sleeve: Sleeveless (S/L)     Fit: Regular Fit Product Code: P-77575-34--,Sleeveless Tops,36.95,DV8 Fashion (USA),116329,Women's Tops,204,https://images2.productserve.com/?w=200&h=200&bg=white&trim=5&t=letterbox&url=ssl%3Awww.dv8fashion.com%2FImages%2FModels%2FFull%2F31398.jpg&feedId=102894&k=f0b1f9cfb5f071da7cea9390e192d14448d01dec,USD,,12.95,https://www.dv8fashion.com/en/Pieces-Agnes-Smock-Bandeau-Top---Raw-Cotton/m-31398.aspx?PartnerID=4730&utm_source=awin&utm_medium=affiliate&utm_campaign=UnitedStatesUS,,,USD36.95,102894,DV8 Fashion,1,,https://www.dv8fashion.com/Images/Models/Full/31398-1.jpg,https://www.dv8fashion.com/Images/Models/Full/31398-2.jpg,,https://www.dv8fashion.com/Images/Models/Full/31398-3.jpg,Womens,Tops & T-Shirts
https://www.awin1.com/pclick.php?p=41493325827&a=2771700&m=116329,Pieces Madison Draped Top - Lollipop - XL,41493325827,234910AWUS,https://www.dv8fashion.com/Images/Models/Full/33364.jpg,"Jersey is a soft, stretchy fabric, that ensures comfort      Product Type: Blouse     Neck: Round Neck     Sleeve: Sleeveless     Fit: Slim Fit Product Code: P-80692-21--",Sleeveless Tops,29.95,DV8 Fashion (USA),116329,Women's Tops,204,https://images2.productserve.com/?w=200&h=200&bg=white&trim=5&t=letterbox&url=ssl%3Awww.dv8fashion.com%2FImages%2FModels%2FFull%2F33364.jpg&feedId=102894&k=c5021e8a10bc08f3663134e5a8a102a759b6511d,USD,,12.95,https://www.dv8fashion.com/en/Pieces-Madison-Draped-Top---Lollipop/m-33364.aspx?PartnerID=4730&utm_source=awin&utm_medium=affiliate&utm_campaign=UnitedStatesUS,,,USD29.95,102894,DV8 Fashion,1,,https://www.dv8fashion.com/Images/Models/Full/33364-1.jpg,https://www.dv8fashion.com/Images/Models/Full/33364-2.jpg,,https://www.dv8fashion.com/Images/Models/Full/33364-3.jpg,Womens,Tops & T-Shirts
https://www.awin1.com/pclick.php?p=41493325856&a=2771700&m=116329,Pieces May Tank Top - Black - XS,41493325856,248073AWUS,https://www.dv8fashion.com/Images/Models/Full/34598.jpg,Find casual items that are comfortable and relaxed and can be used all day long. Rib is a soft fabric with visible ribs on its front and back creating a stretchy fabric      Product Type: Tank top     Neck: U-Neck     Sleeve: Sleeveless     Fit: Tight Fit Product Code: P-82669-10--,Sleeveless Tops,23.95,DV8 Fashion (USA),116329,Women's Tops,204,https://images2.productserve.com/?w=200&h=200&bg=white&trim=5&t=letterbox&url=ssl%3Awww.dv8fashion.com%2FImages%2FModels%2FFull%2F34598.jpg&feedId=102894&k=acb8b66782c41e44c3c0e173740d0830d70ca0a1,USD,,12.95,https://www.dv8fashion.com/en/Pieces-May-Tank-Top---Black/m-34598.aspx?PartnerID=4730&utm_source=awin&utm_medium=affiliate&utm_campaign=UnitedStatesUS,,,USD23.95,102894,DV8 Fashion,1,,https://www.dv8fashion.com/Images/Models/Full/34598-1.jpg,https://www.dv8fashion.com/Images/Models/Full/34598-2.jpg,,https://www.dv8fashion.com/Images/Models/Full/34598-3.jpg,Womens,Tops & T-Shirts
https://www.awin1.com/pclick.php?p=41531473781&a=2771700&m=116329,Tally Weijl Strappy Diamonte Top - Black - L,41531473781,247522AWUS,https://www.dv8fashion.com/Images/Models/Full/34539.jpg,Update your wardrobe with Tally Weijl...      Product Type: Top     Sleeves: Singlet     Fabric: Mesh     Extra details: Rhinestone embellishment on front Product Code: P-82618-10--,Sleeveless Tops,39.95,DV8 Fashion (USA),116329,Women's Tops,204,https://images2.productserve.com/?w=200&h=200&bg=white&trim=5&t=letterbox&url=ssl%3Awww.dv8fashion.com%2FImages%2FModels%2FFull%2F34539.jpg&feedId=102894&k=8391ea5b2ab400b080361765e2cbffb22a85d206,USD,,12.95,https://www.dv8fashion.com/en/Tally-Weijl-Strappy-Diamonte-Top---Black/m-34539.aspx?PartnerID=4730&utm_source=awin&utm_medium=affiliate&utm_campaign=UnitedStatesUS,,,USD39.95,102894,DV8 Fashion,1,,https://www.dv8fashion.com/Images/Models/Full/34539-1.jpg,https://www.dv8fashion.com/Images/Models/Full/34539-2.jpg,,https://www.dv8fashion.com/Images/Models/Full/34539-3.jpg,Womens,Tops & T-Shirts
https://www.awin1.com/pclick.php?p=41493325906&a=2771700&m=116329,Tally Weijl Printed Ruched Tube Top - White - S,41493325906,247781AWUS,https://www.dv8fashion.com/Images/Models/Full/34570.jpg,"Update your summer wardrobe with Tally Weijl...      Pattern: Printed     Details: Elasticated bands, Ruched     Product type: Top Product Code: P-82622-11--",Sleeveless Tops,25.95,DV8 Fashion (USA),116329,Women's Tops,204,https://images2.productserve.com/?w=200&h=200&bg=white&trim=5&t=letterbox&url=ssl%3Awww.dv8fashion.com%2FImages%2FModels%2FFull%2F34570.jpg&feedId=102894&k=664081026b63377af6f0b19c53d8516563de4743,USD,,12.95,https://www.dv8fashion.com/en/Tally-Weijl-Printed-Ruched-Tube-Top---White/m-34570.aspx?PartnerID=4730&utm_source=awin&utm_medium=affiliate&utm_campaign=UnitedStatesUS,,,USD25.95,102894,DV8 Fashion,1,,https://www.dv8fashion.com/Images/Models/Full/34570-1.jpg,https://www.dv8fashion.com/Images/Models/Full/34570-2.jpg,,https://www.dv8fashion.com/Images/Models/Full/34570-3.jpg,Womens,Tops & T-Shirts
https://www.awin1.com/pclick.php?p=41517008397&a=2771700&m=116329,Noisy May Sally S/L O-Neck Knit Top - Sweet Lavender - XS,41517008397,218169AWUS,https://www.dv8fashion.com/Images/Models/Full/31819.jpg,"With brighter and warmer days ahead it is time for a wardrobe change. Acrylic is a strong synthetic fiber, which can achieve different looks and handfeel      Product Type: Knitted top     Neck: Round Neck     Sleeve: Sleeveless     Fit: Cropped Fit Product Code: P-78308-22--",Sleeveless Tops,40.95,DV8 Fashion (USA),116329,Women's Tops,204,https://images2.productserve.com/?w=200&h=200&bg=white&trim=5&t=letterbox&url=ssl%3Awww.dv8fashion.com%2FImages%2FModels%2FFull%2F31819.jpg&feedId=102894&k=56d275c4b50b411bf5b86a054dbd78ee879f59a1,USD,,12.95,https://www.dv8fashion.com/en/Noisy-May-Sally-SL-O-Neck-Knit-Top---Sweet-Lavender/m-31819.aspx?PartnerID=4730&utm_source=awin&utm_medium=affiliate&utm_campaign=UnitedStatesUS,,,USD40.95,102894,DV8 Fashion,1,,https://www.dv8fashion.com/Images/Models/Full/31819-1.jpg,https://www.dv8fashion.com/Images/Models/Full/31819-2.jpg,,https://www.dv8fashion.com/Images/Models/Full/31819-3.jpg,Womens,Tops & T-Shirts
https://www.awin1.com/pclick.php?p=41493325806&a=2771700&m=116329,Noisy May Bella Bra Top - Medium Blue Denim - S,41493325806,216613AWUS,https://www.dv8fashion.com/Images/Models/Full/31669.jpg,Medium blue denim bralette     Plunge cup     String tie halter fastening     Long tie detail around the waist     Regular fit Product Code: P-78109-56--,Sleeveless Tops,26.95,DV8 Fashion (USA),116329,Women's Tops,204,https://images2.productserve.com/?w=200&h=200&bg=white&trim=5&t=letterbox&url=ssl%3Awww.dv8fashion.com%2FImages%2FModels%2FFull%2F31669.jpg&feedId=102894&k=43f939920f7558bb0234b0c4f8d42a6b59bd5ee1,USD,,12.95,https://www.dv8fashion.com/en/Noisy-May-Bella-Bra-Top---Medium-Blue-Denim/m-31669.aspx?PartnerID=4730&utm_source=awin&utm_medium=affiliate&utm_campaign=UnitedStatesUS,,,USD26.95,102894,DV8 Fashion,1,,https://www.dv8fashion.com/Images/Models/Full/31669-1.jpg,https://www.dv8fashion.com/Images/Models/Full/31669-2.jpg,,https://www.dv8fashion.com/Images/Models/Full/31669-3.jpg,Womens,Tops & T-Shirts
https://www.awin1.com/pclick.php?p=41493325697&a=2771700&m=116329,Only Vilma S/L Cropped Tank Top - Firecracker - M,41493325697,214301AWUS,https://www.dv8fashion.com/Images/Models/Full/31440.jpg,Casual and easy all day wear      Product Type: Tank top     Neck: Round Neck     Sleeve: Sleeveless     Length/Size: Cropped     Fit: Slim Fit Product Code: P-77709-42--,Sleeveless Tops,16.95,DV8 Fashion (USA),116329,Women's Tops,204,https://images2.productserve.com/?w=200&h=200&bg=white&trim=5&t=letterbox&url=ssl%3Awww.dv8fashion.com%2FImages%2FModels%2FFull%2F31440.jpg&feedId=102894&k=057abdac9c22e9ccf0f565dbe145444b515c142e,USD,,12.95,https://www.dv8fashion.com/en/Only-Vilma-SL-Cropped-Tank-Top---Firecracker/m-31440.aspx?PartnerID=4730&utm_source=awin&utm_medium=affiliate&utm_campaign=UnitedStatesUS,,,USD16.95,102894,DV8 Fashion,1,,https://www.dv8fashion.com/Images/Models/Full/31440-1.jpg,https://www.dv8fashion.com/Images/Models/Full/31440-2.jpg,,https://www.dv8fashion.com/Images/Models/Full/31440-3.jpg,Womens,Tops & T-Shirts
https://www.awin1.com/pclick.php?p=41493325661&a=2771700&m=116329,Only Love Strap Singlet - Black - L,41493325661,236877AWUS,https://www.dv8fashion.com/Images/Models/Full/33541.jpg,"No wardrobe is complete without soft, timeless, basic styles, perfect for any occasion and season      Product Type: Top     Neck: Round Neck     Sleeve: Sleeveless     Fit: Stretch Fit Product Code: P-81022-10--",Sleeveless Tops,16.95,DV8 Fashion (USA),116329,Women's Tops,204,https://images2.productserve.com/?w=200&h=200&bg=white&trim=5&t=letterbox&url=ssl%3Awww.dv8fashion.com%2FImages%2FModels%2FFull%2F33541.jpg&feedId=102894&k=e9492bbece03ebda5d8977da63a78222eebaee93,USD,,12.95,https://www.dv8fashion.com/en/Only-Love-Strap-Singlet---Black/m-33541.aspx?PartnerID=4730&utm_source=awin&utm_medium=affiliate&utm_campaign=UnitedStatesUS,,,USD16.95,102894,DV8 Fashion,1,,https://www.dv8fashion.com/Images/Models/Full/33541-1.jpg,https://www.dv8fashion.com/Images/Models/Full/33541-2.jpg,,https://www.dv8fashion.com/Images/Models/Full/33541-3.jpg,Womens,Tops & T-Shirts
https://www.awin1.com/pclick.php?p=41493325662&a=2771700&m=116329,Only Love Strap Singlet - Black - M,41493325662,236878AWUS,https://www.dv8fashion.com/Images/Models/Full/33541.jpg,"No wardrobe is complete without soft, timeless, basic styles, perfect for any occasion and season      Product Type: Top     Neck: Round Neck     Sleeve: Sleeveless     Fit: Stretch Fit Product Code: P-81022-10--",Sleeveless Tops,16.95,DV8 Fashion (USA),116329,Women's Tops,204,https://images2.productserve.com/?w=200&h=200&bg=white&trim=5&t=letterbox&url=ssl%3Awww.dv8fashion.com%2FImages%2FModels%2FFull%2F33541.jpg&feedId=102894&k=e9492bbece03ebda5d8977da63a78222eebaee93,USD,,12.95,https://www.dv8fashion.com/en/Only-Love-Strap-Singlet---Black/m-33541.aspx?PartnerID=4730&utm_source=awin&utm_medium=affiliate&utm_campaign=UnitedStatesUS,,,USD16.95,102894,DV8 Fashion,1,,https://www.dv8fashion.com/Images/Models/Full/33541-1.jpg,https://www.dv8fashion.com/Images/Models/Full/33541-2.jpg,,https://www.dv8fashion.com/Images/Models/Full/33541-3.jpg,Womens,Tops & T-Shirts
https://www.awin1.com/pclick.php?p=41493325712&a=2771700&m=116329,Only Nova Life Tie Vest - Cloud Dancer - XL,41493325712,246599AWUS,https://www.dv8fashion.com/Images/Models/Full/34459.jpg,"Change your everyday outfit in a second by adding a feminine top for a soft, clean expression      Product Type: Top     Neck: V-Neck     Sleeve: Sleeveless     Closing: String fastening     Fit: Regular Fit Product Code: P-82415-11--",Sleeveless Tops,29.95,DV8 Fashion (USA),116329,Women's Tops,204,https://images2.productserve.com/?w=200&h=200&bg=white&trim=5&t=letterbox&url=ssl%3Awww.dv8fashion.com%2FImages%2FModels%2FFull%2F34459.jpg&feedId=102894&k=a31da4c606586f9822e84cdb4a16aaecbf940209,USD,,12.95,https://www.dv8fashion.com/en/Only-Nova-Life-Tie-Vest---Cloud-Dancer/m-34459.aspx?PartnerID=4730&utm_source=awin&utm_medium=affiliate&utm_campaign=UnitedStatesUS,,,USD29.95,102894,DV8 Fashion,1,,https://www.dv8fashion.com/Images/Models/Full/34459-1.jpg,https://www.dv8fashion.com/Images/Models/Full/34459-2.jpg,,https://www.dv8fashion.com/Images/Models/Full/34459-3.jpg,Womens,Tops & T-Shirts
https://www.awin1.com/pclick.php?p=41493325611&a=2771700&m=116329,Veromoda Ginny Sl O-Neck Crop Top - Eggnog / Black - M,41493325611,207597AWUS,https://www.dv8fashion.com/Images/Models/Full/30794.jpg,"A wardrobe staple that will work through all seasons giving your look a comfortable, cosy vibe. If you ask us, a knitted top is a popular style all year round! Find the one that suits you and maybe style it with a pair of jeans. Psst&hellip; adjust your shoes for the season to make sure, your look turns heads      Product Type: Knitted pullover     Neck: Round Neck     Sleeve: Sleeveless     Length/Size: Cropped Product Code: P-76278-26--",Sleeveless Tops,31.95,DV8 Fashion (USA),116329,Women's Tops,204,https://images2.productserve.com/?w=200&h=200&bg=white&trim=5&t=letterbox&url=ssl%3Awww.dv8fashion.com%2FImages%2FModels%2FFull%2F30794.jpg&feedId=102894&k=f1d187df27b3dd633cd8fb9d3e75868ecbbfda83,USD,,12.95,https://www.dv8fashion.com/en/Veromoda-Ginny-Sl-O-Neck-Crop-Top---Eggnog--Black/m-30794.aspx?PartnerID=4730&utm_source=awin&utm_medium=affiliate&utm_campaign=UnitedStatesUS,,,USD31.95,102894,DV8 Fashion,1,,https://www.dv8fashion.com/Images/Models/Full/30794-1.jpg,https://www.dv8fashion.com/Images/Models/Full/30794-2.jpg,,https://www.dv8fashion.com/Images/Models/Full/30794-3.jpg,Womens,Tops & T-Shirts
https://www.awin1.com/pclick.php?p=41493326173&a=2771700&m=116329,Tiffosi Metallic Sleeveless Top - Silver - S,41493326173,219268AWUS,https://www.dv8fashion.com/Images/Models/Full/31925.jpg,Update your wardrobe with Tiffosi...      Ribbed top with sleeveless     Slim fit     Metallic finish Product Code: P-78331-74--,Sleeveless Tops,23.95,DV8 Fashion (USA),116329,Women's Tops,204,https://images2.productserve.com/?w=200&h=200&bg=white&trim=5&t=letterbox&url=ssl%3Awww.dv8fashion.com%2FImages%2FModels%2FFull%2F31925.jpg&feedId=102894&k=784b17c4c4b41391c2911d50e3e35c8139d7b023,USD,,12.95,https://www.dv8fashion.com/en/Tiffosi-Metallic-Sleeveless-Top---Silver/m-31925.aspx?PartnerID=4730&utm_source=awin&utm_medium=affiliate&utm_campaign=UnitedStatesUS,,,USD23.95,102894,DV8 Fashion,1,,https://www.dv8fashion.com/Images/Models/Full/31925-1.jpg,https://www.dv8fashion.com/Images/Models/Full/31925-2.jpg,,https://www.dv8fashion.com/Images/Models/Full/31925-3.jpg,Womens,Tops & T-Shirts
https://www.awin1.com/pclick.php?p=41493325802&a=2771700&m=116329,Noisy May Brandon Brazil Bandeau Top - Blue - M,41493325802,213635AWUS,https://www.dv8fashion.com/Images/Models/Full/31352.jpg,Jersey is a stretchy and soft fabric for a comfortable wear.      Product Type : Tube top     Neck : Off Shoulder     Sleeve : Sleeveless     Length/size : Cropped     Fit : Tight Fit Product Code: P-77538-56--,Sleeveless Tops,20.95,DV8 Fashion (USA),116329,Women's Tops,204,https://images2.productserve.com/?w=200&h=200&bg=white&trim=5&t=letterbox&url=ssl%3Awww.dv8fashion.com%2FImages%2FModels%2FFull%2F31352.jpg&feedId=102894&k=e621b739438b305925c68817c7c88308a981d6e7,USD,,12.95,https://www.dv8fashion.com/en/Noisy-May-Brandon-Brazil-Bandeau-Top---Blue/m-31352.aspx?PartnerID=4730&utm_source=awin&utm_medium=affiliate&utm_campaign=UnitedStatesUS,,,USD20.95,102894,DV8 Fashion,1,,https://www.dv8fashion.com/Images/Models/Full/31352-1.jpg,https://www.dv8fashion.com/Images/Models/Full/31352-2.jpg,,https://www.dv8fashion.com/Images/Models/Full/31352-3.jpg,Womens,Tops & T-Shirts
https://www.awin1.com/pclick.php?p=41493325803&a=2771700&m=116329,Noisy May Brandon Brazil Bandeau Top - Blue - XL,41493325803,213637AWUS,https://www.dv8fashion.com/Images/Models/Full/31352.jpg,Jersey is a stretchy and soft fabric for a comfortable wear.      Product Type : Tube top     Neck : Off Shoulder     Sleeve : Sleeveless     Length/size : Cropped     Fit : Tight Fit Product Code: P-77538-56--,Sleeveless Tops,20.95,DV8 Fashion (USA),116329,Women's Tops,204,https://images2.productserve.com/?w=200&h=200&bg=white&trim=5&t=letterbox&url=ssl%3Awww.dv8fashion.com%2FImages%2FModels%2FFull%2F31352.jpg&feedId=102894&k=e621b739438b305925c68817c7c88308a981d6e7,USD,,12.95,https://www.dv8fashion.com/en/Noisy-May-Brandon-Brazil-Bandeau-Top---Blue/m-31352.aspx?PartnerID=4730&utm_source=awin&utm_medium=affiliate&utm_campaign=UnitedStatesUS,,,USD20.95,102894,DV8 Fashion,1,,https://www.dv8fashion.com/Images/Models/Full/31352-1.jpg,https://www.dv8fashion.com/Images/Models/Full/31352-2.jpg,,https://www.dv8fashion.com/Images/Models/Full/31352-3.jpg,Womens,Tops & T-Shirts
https://www.awin1.com/pclick.php?p=41493309855&a=2771700&m=116329,Brave Soul Broderie Top - Baby Blue - L,41493309855,248833AWUS,https://www.dv8fashion.com/Images/Models/Full/34679.jpg,New season Brave Soul has landed...      Product Type: Top     Sleeve: Sleeveless     Extra details: Broderie Analgise with back tie detail Product Code: P-82740-55--,Sleeveless Tops,36.95,DV8 Fashion (USA),116329,Women's Tops,204,https://images2.productserve.com/?w=200&h=200&bg=white&trim=5&t=letterbox&url=ssl%3Awww.dv8fashion.com%2FImages%2FModels%2FFull%2F34679.jpg&feedId=102894&k=2d52ff79467d9331a1aa40883ee1c1d4928291cf,USD,,12.95,https://www.dv8fashion.com/en/Brave-Soul-Broderie-Top---Baby-Blue/m-34679.aspx?PartnerID=4730&utm_source=awin&utm_medium=affiliate&utm_campaign=UnitedStatesUS,,,USD36.95,102894,DV8 Fashion,1,,https://www.dv8fashion.com/Images/Models/Full/34679-1.jpg,https://www.dv8fashion.com/Images/Models/Full/34679-2.jpg,,https://www.dv8fashion.com/Images/Models/Full/34679-3.jpg,Womens,Tops & T-Shirts
https://www.awin1.com/pclick.php?p=41493325660&a=2771700&m=116329,Only Aida Elisa Frill Strap Top - Black - XS,41493325660,237864AWUS,https://www.dv8fashion.com/Images/Models/Full/33634.jpg,"Make the transition easy with spring and summer styles, perfect for the lovely in-between season. Woven fabrics are created by weaving together two or more yarns for a timeless look      Product Type: Top     Neck: V-Neck     Sleeve: Sleeveless     Lining: Polyester lining for a comfortable feel     Fit: Regular Fit Product Code: P-81130-10--",Sleeveless Tops,34.95,DV8 Fashion (USA),116329,Women's Tops,204,https://images2.productserve.com/?w=200&h=200&bg=white&trim=5&t=letterbox&url=ssl%3Awww.dv8fashion.com%2FImages%2FModels%2FFull%2F33634.jpg&feedId=102894&k=d66d99f29f63ad0a8bbc1d09afb669f1de8f608d,USD,,12.95,https://www.dv8fashion.com/en/Only-Aida-Elisa-Frill-Strap-Top---Black/m-33634.aspx?PartnerID=4730&utm_source=awin&utm_medium=affiliate&utm_campaign=UnitedStatesUS,,,USD34.95,102894,DV8 Fashion,1,,https://www.dv8fashion.com/Images/Models/Full/33634-1.jpg,https://www.dv8fashion.com/Images/Models/Full/33634-2.jpg,,https://www.dv8fashion.com/Images/Models/Full/33634-3.jpg,Womens,Tops & T-Shirts
https://www.awin1.com/pclick.php?p=41493325847&a=2771700&m=116329,Pieces Amar Sl Knit Top - Eggnog - L,41493325847,213842AWUS,https://www.dv8fashion.com/Images/Models/Full/31395.jpg,"Embrace the heat. The styles for summer are lightweight, flowy, and comfortable with a flattering and feminine touch      Product Type: Tank top     Neck: High neck     Sleeve: Sleeveless     Fit: Regular Fit Product Code: P-77572-64--",Sleeveless Tops,39.95,DV8 Fashion (USA),116329,Women's Tops,204,https://images2.productserve.com/?w=200&h=200&bg=white&trim=5&t=letterbox&url=ssl%3Awww.dv8fashion.com%2FImages%2FModels%2FFull%2F31395.jpg&feedId=102894&k=1fdbf6d84b78f89d681ca205e8b37fe7410b6f10,USD,,12.95,https://www.dv8fashion.com/en/Pieces-Amar-Sl-Knit-Top---Eggnog/m-31395.aspx?PartnerID=4730&utm_source=awin&utm_medium=affiliate&utm_campaign=UnitedStatesUS,,,USD39.95,102894,DV8 Fashion,1,,https://www.dv8fashion.com/Images/Models/Full/31395-1.jpg,https://www.dv8fashion.com/Images/Models/Full/31395-2.jpg,,https://www.dv8fashion.com/Images/Models/Full/31395-3.jpg,Womens,Tops & T-Shirts
https://www.awin1.com/pclick.php?p=41493325854&a=2771700&m=116329,Pieces May Tank Top - Black - S,41493325854,248071AWUS,https://www.dv8fashion.com/Images/Models/Full/34598.jpg,Find casual items that are comfortable and relaxed and can be used all day long. Rib is a soft fabric with visible ribs on its front and back creating a stretchy fabric      Product Type: Tank top     Neck: U-Neck     Sleeve: Sleeveless     Fit: Tight Fit Product Code: P-82669-10--,Sleeveless Tops,23.95,DV8 Fashion (USA),116329,Women's Tops,204,https://images2.productserve.com/?w=200&h=200&bg=white&trim=5&t=letterbox&url=ssl%3Awww.dv8fashion.com%2FImages%2FModels%2FFull%2F34598.jpg&feedId=102894&k=acb8b66782c41e44c3c0e173740d0830d70ca0a1,USD,,12.95,https://www.dv8fashion.com/en/Pieces-May-Tank-Top---Black/m-34598.aspx?PartnerID=4730&utm_source=awin&utm_medium=affiliate&utm_campaign=UnitedStatesUS,,,USD23.95,102894,DV8 Fashion,1,,https://www.dv8fashion.com/Images/Models/Full/34598-1.jpg,https://www.dv8fashion.com/Images/Models/Full/34598-2.jpg,,https://www.dv8fashion.com/Images/Models/Full/34598-3.jpg,Womens,Tops & T-Shirts
https://www.awin1.com/pclick.php?p=41493325864&a=2771700&m=116329,Pieces May Tank Top - White Black Trim - S,41493325864,248093AWUS,https://www.dv8fashion.com/Images/Models/Full/34600.jpg,Find casual items that are comfortable and relaxed and can be used all day long. Rib is a soft fabric with visible ribs on its front and back creating a stretchy fabric      Product Type: Tank top     Neck: U-Neck     Sleeve: Sleeveless     Fit: Tight Fit Product Code: P-82672-11--,Sleeveless Tops,23.95,DV8 Fashion (USA),116329,Women's Tops,204,https://images2.productserve.com/?w=200&h=200&bg=white&trim=5&t=letterbox&url=ssl%3Awww.dv8fashion.com%2FImages%2FModels%2FFull%2F34600.jpg&feedId=102894&k=2ebd58a9813b472c02df640dab4173a15ed12628,USD,,12.95,https://www.dv8fashion.com/en/Pieces-May-Tank-Top---White-Black-Trim/m-34600.aspx?PartnerID=4730&utm_source=awin&utm_medium=affiliate&utm_campaign=UnitedStatesUS,,,USD23.95,102894,DV8 Fashion,1,,https://www.dv8fashion.com/Images/Models/Full/34600-1.jpg,https://www.dv8fashion.com/Images/Models/Full/34600-2.jpg,,https://www.dv8fashion.com/Images/Models/Full/34600-3.jpg,Womens,Tops & T-Shirts
https://www.awin1.com/pclick.php?p=41493325843&a=2771700&m=116329,Pieces Sastina Cropped Top - Cloud Dancer - M,41493325843,248015AWUS,https://www.dv8fashion.com/Images/Models/Full/34593.jpg,"Embrace the heat. The styles for summer are lightweight, flowy, and comfortable with a flattering and feminine touch. Cotton fabric is a natural and comfortable fabric       Product Type: Blouse   Neck: V-Neck   Sleeve: Sleeveless   Length/Size: Cropped   Extra details: Drawstring detail   Fit: Regular Fit         Product Code: P-82665-11--",Sleeveless Tops,36.95,DV8 Fashion (USA),116329,Women's Tops,204,https://images2.productserve.com/?w=200&h=200&bg=white&trim=5&t=letterbox&url=ssl%3Awww.dv8fashion.com%2FImages%2FModels%2FFull%2F34593.jpg&feedId=102894&k=dc432c5973f100b492f00bc2358d3612ebcb943c,USD,,12.95,https://www.dv8fashion.com/en/Pieces-Sastina-Cropped-Top---Cloud-Dancer/m-34593.aspx?PartnerID=4730&utm_source=awin&utm_medium=affiliate&utm_campaign=UnitedStatesUS,,,USD36.95,102894,DV8 Fashion,1,,https://www.dv8fashion.com/Images/Models/Full/34593-1.jpg,https://www.dv8fashion.com/Images/Models/Full/34593-2.jpg,,https://www.dv8fashion.com/Images/Models/Full/34593-3.jpg,Womens,Tops & T-Shirts
https://www.awin1.com/pclick.php?p=41493325846&a=2771700&m=116329,Pieces Sastina Cropped Top - Cloud Dancer - XS,41493325846,248018AWUS,https://www.dv8fashion.com/Images/Models/Full/34593.jpg,"Embrace the heat. The styles for summer are lightweight, flowy, and comfortable with a flattering and feminine touch. Cotton fabric is a natural and comfortable fabric       Product Type: Blouse   Neck: V-Neck   Sleeve: Sleeveless   Length/Size: Cropped   Extra details: Drawstring detail   Fit: Regular Fit         Product Code: P-82665-11--",Sleeveless Tops,36.95,DV8 Fashion (USA),116329,Women's Tops,204,https://images2.productserve.com/?w=200&h=200&bg=white&trim=5&t=letterbox&url=ssl%3Awww.dv8fashion.com%2FImages%2FModels%2FFull%2F34593.jpg&feedId=102894&k=dc432c5973f100b492f00bc2358d3612ebcb943c,USD,,12.95,https://www.dv8fashion.com/en/Pieces-Sastina-Cropped-Top---Cloud-Dancer/m-34593.aspx?PartnerID=4730&utm_source=awin&utm_medium=affiliate&utm_campaign=UnitedStatesUS,,,USD36.95,102894,DV8 Fashion,1,,https://www.dv8fashion.com/Images/Models/Full/34593-1.jpg,https://www.dv8fashion.com/Images/Models/Full/34593-2.jpg,,https://www.dv8fashion.com/Images/Models/Full/34593-3.jpg,Womens,Tops & T-Shirts
https://www.awin1.com/pclick.php?p=41493325722&a=2771700&m=116329,Only Vilma Cropped Tank Top - Cloud Dancer - XS,41493325722,248870AWUS,https://www.dv8fashion.com/Images/Models/Full/34682.jpg,Casual and easy all day wear      Product Type: Tank top     Neck: Round Neck     Sleeve: Sleeveless     Length/Size: Cropped     Fit: Slim Fit Product Code: P-82727-11--,Sleeveless Tops,16.95,DV8 Fashion (USA),116329,Women's Tops,204,https://images2.productserve.com/?w=200&h=200&bg=white&trim=5&t=letterbox&url=ssl%3Awww.dv8fashion.com%2FImages%2FModels%2FFull%2F34682.jpg&feedId=102894&k=ccad001056ccca6206770e7c2dd9d18ec806800d,USD,,12.95,https://www.dv8fashion.com/en/Only-Vilma-Cropped-Tank-Top---Cloud-Dancer/m-34682.aspx?PartnerID=4730&utm_source=awin&utm_medium=affiliate&utm_campaign=UnitedStatesUS,,,USD16.95,102894,DV8 Fashion,1,,https://www.dv8fashion.com/Images/Models/Full/34682-1.jpg,https://www.dv8fashion.com/Images/Models/Full/34682-2.jpg,,https://www.dv8fashion.com/Images/Models/Full/34682-3.jpg,Womens,Tops & T-Shirts
https://www.awin1.com/pclick.php?p=41564813994&a=2771700&m=116329,Only Vilma Cropped Tank Top - Cloud Dancer - XL,41564813994,248869AWUS,https://www.dv8fashion.com/Images/Models/Full/34682.jpg,Casual and easy all day wear      Product Type: Tank top     Neck: Round Neck     Sleeve: Sleeveless     Length/Size: Cropped     Fit: Slim Fit Product Code: P-82727-11--,Sleeveless Tops,16.95,DV8 Fashion (USA),116329,Women's Tops,204,https://images2.productserve.com/?w=200&h=200&bg=white&trim=5&t=letterbox&url=ssl%3Awww.dv8fashion.com%2FImages%2FModels%2FFull%2F34682.jpg&feedId=102894&k=ccad001056ccca6206770e7c2dd9d18ec806800d,USD,,12.95,https://www.dv8fashion.com/en/Only-Vilma-Cropped-Tank-Top---Cloud-Dancer/m-34682.aspx?PartnerID=4730&utm_source=awin&utm_medium=affiliate&utm_campaign=UnitedStatesUS,,,USD16.95,102894,DV8 Fashion,1,,https://www.dv8fashion.com/Images/Models/Full/34682-1.jpg,https://www.dv8fashion.com/Images/Models/Full/34682-2.jpg,,https://www.dv8fashion.com/Images/Models/Full/34682-3.jpg,Womens,Tops & T-Shirts
https://www.awin1.com/pclick.php?p=41593351690&a=2771700&m=116329,Saint Genies Devore Co-Ord Top With Lace Trim - Pink - XL,41593351690,250014AWUS,https://www.dv8fashion.com/Images/Models/Full/34786.jpg,Devore Tie Detail Crop Top      Tie up bust     Pink lace trims     Seams for detailing     Matching co-ord skirt Product Code: P-82773-38--,Sleeveless Tops,46.95,DV8 Fashion (USA),116329,Women's Tops,204,https://images2.productserve.com/?w=200&h=200&bg=white&trim=5&t=letterbox&url=ssl%3Awww.dv8fashion.com%2FImages%2FModels%2FFull%2F34786.jpg&feedId=102894&k=b9ef2eab02338874a8cb1fa11863b7632e643a7f,USD,,12.95,https://www.dv8fashion.com/en/Saint-Genies-Devore-Co-Ord-Top-With-Lace-Trim---Pink/m-34786.aspx?PartnerID=4730&utm_source=awin&utm_medium=affiliate&utm_campaign=UnitedStatesUS,,,USD46.95,102894,DV8 Fashion,1,,https://www.dv8fashion.com/Images/Models/Full/34786-1.jpg,https://www.dv8fashion.com/Images/Models/Full/34786-2.jpg,,https://www.dv8fashion.com/Images/Models/Full/34786-3.jpg,Womens,Tops & T-Shirts
https://www.awin1.com/pclick.php?p=41582883470&a=2771700&m=116329,Tally Weijl Halter Neck Knitted Top With Strass - Blue - L,41582883470,249646AWUS,https://www.dv8fashion.com/Images/Models/Full/34751.jpg,"Add a touch of sparkle to your summer wardrobe with this Halter Neck Knitted Blue Top, featuring dazzling strass details that catch the light just right. The fitted, cropped design hugs your silhouette and shows off your figure perfectly       Neckline: Halter   Pattern: Plain   Color: Blue   Details: Strass   Length: Cropped   Sleeves: Sleeveless   Product type: Top   Fit: Fitted         Product Code: P-82895-61--",Sleeveless Tops,39.95,DV8 Fashion (USA),116329,Women's Tops,204,https://images2.productserve.com/?w=200&h=200&bg=white&trim=5&t=letterbox&url=ssl%3Awww.dv8fashion.com%2FImages%2FModels%2FFull%2F34751.jpg&feedId=102894&k=e89010374e7e4451baaafa39fd532ba16b8fb1d5,USD,,12.95,https://www.dv8fashion.com/en/Tally-Weijl-Halter-Neck-Knitted-Top-With-Strass---Blue/m-34751.aspx?PartnerID=4730&utm_source=awin&utm_medium=affiliate&utm_campaign=UnitedStatesUS,,,USD39.95,102894,DV8 Fashion,1,,https://www.dv8fashion.com/Images/Models/Full/34751-1.jpg,https://www.dv8fashion.com/Images/Models/Full/34751-2.jpg,,https://www.dv8fashion.com/Images/Models/Full/34751-3.jpg,Womens,Tops & T-Shirts
https://www.awin1.com/pclick.php?p=41593351688&a=2771700&m=116329,Saint Genies Devore Co-Ord Top With Lace Trim - Pink - M,41593351688,250012AWUS,https://www.dv8fashion.com/Images/Models/Full/34786.jpg,Devore Tie Detail Crop Top      Tie up bust     Pink lace trims     Seams for detailing     Matching co-ord skirt Product Code: P-82773-38--,Sleeveless Tops,46.95,DV8 Fashion (USA),116329,Women's Tops,204,https://images2.productserve.com/?w=200&h=200&bg=white&trim=5&t=letterbox&url=ssl%3Awww.dv8fashion.com%2FImages%2FModels%2FFull%2F34786.jpg&feedId=102894&k=b9ef2eab02338874a8cb1fa11863b7632e643a7f,USD,,12.95,https://www.dv8fashion.com/en/Saint-Genies-Devore-Co-Ord-Top-With-Lace-Trim---Pink/m-34786.aspx?PartnerID=4730&utm_source=awin&utm_medium=affiliate&utm_campaign=UnitedStatesUS,,,USD46.95,102894,DV8 Fashion,1,,https://www.dv8fashion.com/Images/Models/Full/34786-1.jpg,https://www.dv8fashion.com/Images/Models/Full/34786-2.jpg,,https://www.dv8fashion.com/Images/Models/Full/34786-3.jpg,Womens,Tops & T-Shirts
https://www.awin1.com/pclick.php?p=41593351682&a=2771700&m=116329,Saint Genies Satin Lace Trim Top - Pink - L,41593351682,249944AWUS,https://www.dv8fashion.com/Images/Models/Full/34779.jpg,Get new season ready with Saint Genies...      Satin fabric     Lace trim detail     Cami strap Product Code: P-82774-38--,Sleeveless Tops,34.95,DV8 Fashion (USA),116329,Women's Tops,204,https://images2.productserve.com/?w=200&h=200&bg=white&trim=5&t=letterbox&url=ssl%3Awww.dv8fashion.com%2FImages%2FModels%2FFull%2F34779.jpg&feedId=102894&k=46c5bbe7a0354a1633efbac35000accca618e668,USD,,12.95,https://www.dv8fashion.com/en/Saint-Genies-Satin-Lace-Trim-Top---Pink/m-34779.aspx?PartnerID=4730&utm_source=awin&utm_medium=affiliate&utm_campaign=UnitedStatesUS,,,USD34.95,102894,DV8 Fashion,1,,https://www.dv8fashion.com/Images/Models/Full/34779-1.jpg,https://www.dv8fashion.com/Images/Models/Full/34779-2.jpg,,https://www.dv8fashion.com/Images/Models/Full/34779-3.jpg,Womens,Tops & T-Shirts
https://www.awin1.com/pclick.php?p=41582883471&a=2771700&m=116329,Tally Weijl Halter Neck Knitted Top With Strass - Blue - M,41582883471,249647AWUS,https://www.dv8fashion.com/Images/Models/Full/34751.jpg,"Add a touch of sparkle to your summer wardrobe with this Halter Neck Knitted Blue Top, featuring dazzling strass details that catch the light just right. The fitted, cropped design hugs your silhouette and shows off your figure perfectly       Neckline: Halter   Pattern: Plain   Color: Blue   Details: Strass   Length: Cropped   Sleeves: Sleeveless   Product type: Top   Fit: Fitted         Product Code: P-82895-61--",Sleeveless Tops,39.95,DV8 Fashion (USA),116329,Women's Tops,204,https://images2.productserve.com/?w=200&h=200&bg=white&trim=5&t=letterbox&url=ssl%3Awww.dv8fashion.com%2FImages%2FModels%2FFull%2F34751.jpg&feedId=102894&k=e89010374e7e4451baaafa39fd532ba16b8fb1d5,USD,,12.95,https://www.dv8fashion.com/en/Tally-Weijl-Halter-Neck-Knitted-Top-With-Strass---Blue/m-34751.aspx?PartnerID=4730&utm_source=awin&utm_medium=affiliate&utm_campaign=UnitedStatesUS,,,USD39.95,102894,DV8 Fashion,1,,https://www.dv8fashion.com/Images/Models/Full/34751-1.jpg,https://www.dv8fashion.com/Images/Models/Full/34751-2.jpg,,https://www.dv8fashion.com/Images/Models/Full/34751-3.jpg,Womens,Tops & T-Shirts
https://www.awin1.com/pclick.php?p=41593351672&a=2771700&m=116329,Saint Genies Crop Bow Detail Top - Navy - L,41593351672,249978AWUS,https://www.dv8fashion.com/Images/Models/Full/34783.jpg,Get new season ready with Saint Genies...      Navy soft touch fabric     Bow detail     Cami strap Product Code: P-82772-12--,Sleeveless Tops,36.95,DV8 Fashion (USA),116329,Women's Tops,204,https://images2.productserve.com/?w=200&h=200&bg=white&trim=5&t=letterbox&url=ssl%3Awww.dv8fashion.com%2FImages%2FModels%2FFull%2F34783.jpg&feedId=102894&k=7ba023033769dd4ee9bb1aadfe86478d1472ccd1,USD,,12.95,https://www.dv8fashion.com/en/Saint-Genies-Crop-Bow-Detail-Top---Navy/m-34783.aspx?PartnerID=4730&utm_source=awin&utm_medium=affiliate&utm_campaign=UnitedStatesUS,,,USD36.95,102894,DV8 Fashion,1,,https://www.dv8fashion.com/Images/Models/Full/34783-1.jpg,https://www.dv8fashion.com/Images/Models/Full/34783-2.jpg,,https://www.dv8fashion.com/Images/Models/Full/34783-3.jpg,Womens,Tops & T-Shirts
https://www.awin1.com/pclick.php?p=41493309852&a=2771700&m=116329,Brave Soul Frill Button Top - Baby Blue - S,41493309852,248226AWUS,https://www.dv8fashion.com/Images/Models/Full/34612.jpg,New season Brave Soul has landed...       Product Type: Top   Neck: V neck   Sleeve: Sleeveless   Extra details: Button front with frill detail         Product Code: P-82681-55--,Sleeveless Tops,36.95,DV8 Fashion (USA),116329,Women's Tops,204,https://images2.productserve.com/?w=200&h=200&bg=white&trim=5&t=letterbox&url=ssl%3Awww.dv8fashion.com%2FImages%2FModels%2FFull%2F34612.jpg&feedId=102894&k=a077715b4bf26a0c9d4f960691f8bcc6b84ebd8d,USD,,12.95,https://www.dv8fashion.com/en/Brave-Soul-Frill-Button-Top---Baby-Blue/m-34612.aspx?PartnerID=4730&utm_source=awin&utm_medium=affiliate&utm_campaign=UnitedStatesUS,,,USD36.95,102894,DV8 Fashion,1,,https://www.dv8fashion.com/Images/Models/Full/34612-1.jpg,https://www.dv8fashion.com/Images/Models/Full/34612-2.jpg,,https://www.dv8fashion.com/Images/Models/Full/34612-3.jpg,Womens,Tops & T-Shirts
https://www.awin1.com/pclick.php?p=41593351687&a=2771700&m=116329,Saint Genies Devore Co-Ord Top With Lace Trim - Pink - L,41593351687,250011AWUS,https://www.dv8fashion.com/Images/Models/Full/34786.jpg,Devore Tie Detail Crop Top      Tie up bust     Pink lace trims     Seams for detailing     Matching co-ord skirt Product Code: P-82773-38--,Sleeveless Tops,46.95,DV8 Fashion (USA),116329,Women's Tops,204,https://images2.productserve.com/?w=200&h=200&bg=white&trim=5&t=letterbox&url=ssl%3Awww.dv8fashion.com%2FImages%2FModels%2FFull%2F34786.jpg&feedId=102894&k=b9ef2eab02338874a8cb1fa11863b7632e643a7f,USD,,12.95,https://www.dv8fashion.com/en/Saint-Genies-Devore-Co-Ord-Top-With-Lace-Trim---Pink/m-34786.aspx?PartnerID=4730&utm_source=awin&utm_medium=affiliate&utm_campaign=UnitedStatesUS,,,USD46.95,102894,DV8 Fashion,1,,https://www.dv8fashion.com/Images/Models/Full/34786-1.jpg,https://www.dv8fashion.com/Images/Models/Full/34786-2.jpg,,https://www.dv8fashion.com/Images/Models/Full/34786-3.jpg,Womens,Tops & T-Shirts
https://www.awin1.com/pclick.php?p=41593351684&a=2771700&m=116329,Saint Genies Satin Lace Trim Top - Pink - S,41593351684,249946AWUS,https://www.dv8fashion.com/Images/Models/Full/34779.jpg,Get new season ready with Saint Genies...      Satin fabric     Lace trim detail     Cami strap Product Code: P-82774-38--,Sleeveless Tops,34.95,DV8 Fashion (USA),116329,Women's Tops,204,https://images2.productserve.com/?w=200&h=200&bg=white&trim=5&t=letterbox&url=ssl%3Awww.dv8fashion.com%2FImages%2FModels%2FFull%2F34779.jpg&feedId=102894&k=46c5bbe7a0354a1633efbac35000accca618e668,USD,,12.95,https://www.dv8fashion.com/en/Saint-Genies-Satin-Lace-Trim-Top---Pink/m-34779.aspx?PartnerID=4730&utm_source=awin&utm_medium=affiliate&utm_campaign=UnitedStatesUS,,,USD34.95,102894,DV8 Fashion,1,,https://www.dv8fashion.com/Images/Models/Full/34779-1.jpg,https://www.dv8fashion.com/Images/Models/Full/34779-2.jpg,,https://www.dv8fashion.com/Images/Models/Full/34779-3.jpg,Womens,Tops & T-Shirts
https://www.awin1.com/pclick.php?p=41593351692&a=2771700&m=116329,Saint Genies Crochet Patterned Crop Top - Pink - One,41593351692,250016AWUS,https://www.dv8fashion.com/Images/Models/Full/34787.jpg,Get the crochet vibe with this cropped patch work top      Patchwork     Crochet fabric     Cropped fit Product Code: P-82769-35--,Sleeveless Tops,39.95,DV8 Fashion (USA),116329,Women's Tops,204,https://images2.productserve.com/?w=200&h=200&bg=white&trim=5&t=letterbox&url=ssl%3Awww.dv8fashion.com%2FImages%2FModels%2FFull%2F34787.jpg&feedId=102894&k=5c388c5db23ed78ae6c70a83added954a37dacd0,USD,,12.95,https://www.dv8fashion.com/en/Saint-Genies-Crochet-Patterned-Crop-Top---Pink/m-34787.aspx?PartnerID=4730&utm_source=awin&utm_medium=affiliate&utm_campaign=UnitedStatesUS,,,USD39.95,102894,DV8 Fashion,1,,https://www.dv8fashion.com/Images/Models/Full/34787-1.jpg,https://www.dv8fashion.com/Images/Models/Full/34787-2.jpg,,https://www.dv8fashion.com/Images/Models/Full/34787-3.jpg,Womens,Tops & T-Shirts
https://www.awin1.com/pclick.php?p=41593351694&a=2771700&m=116329,Veromoda Willow V-Neck Polo Top - Snow White - M,41593351694,250101AWUS,https://www.dv8fashion.com/Images/Models/Full/34795.jpg,"A wardrobe staple that will work through all seasons giving your look a comfortable, cosy vibe. If you ask us, a knitted top is a popular style all year round! Find the one that suits you and maybe style it with a pair of jeans. Psst&hellip; adjust your shoes for the season to make sure, your look turns heads      Product Type: Knitted top     Neck: V-Neck     Sleeve: Sleeveless     Extra details: Button fastening     Fit: Knit Fit Product Code: P-82909-11--",Sleeveless Tops,40.95,DV8 Fashion (USA),116329,Women's Tops,204,https://images2.productserve.com/?w=200&h=200&bg=white&trim=5&t=letterbox&url=ssl%3Awww.dv8fashion.com%2FImages%2FModels%2FFull%2F34795.jpg&feedId=102894&k=bf72feccd5e5238a732af88de741f16f44d4ccb1,USD,,12.95,https://www.dv8fashion.com/en/Veromoda-Willow-V-Neck-Polo-Top---Snow-White/m-34795.aspx?PartnerID=4730&utm_source=awin&utm_medium=affiliate&utm_campaign=UnitedStatesUS,,,USD40.95,102894,DV8 Fashion,1,,https://www.dv8fashion.com/Images/Models/Full/34795-1.jpg,https://www.dv8fashion.com/Images/Models/Full/34795-2.jpg,,https://www.dv8fashion.com/Images/Models/Full/34795-3.jpg,Womens,Tops & T-Shirts
https://www.awin1.com/pclick.php?p=41593351741&a=2771700&m=116329,Jdy Nanna Embroidery Top - Sky Captain - XL,41593351741,250092AWUS,https://www.dv8fashion.com/Images/Models/Full/34794.jpg,"Top off your look with a timeless, feminine knit and add softness and warmth. Flat knit is a type of knitting characterised by its flexibility, comfort, and clean look. JDY is a full-concept, international fashion brand offering affordable and on-trend products to the fashion-conscious consumer      Product Type: Knitted top     Neck: V-Neck     Sleeve: Sleeveless     Extra details: Embroidery     Fit: Knit Fit Product Code: P-82911-12--",Sleeveless Tops,31.95,DV8 Fashion (USA),116329,Women's Tops,204,https://images2.productserve.com/?w=200&h=200&bg=white&trim=5&t=letterbox&url=ssl%3Awww.dv8fashion.com%2FImages%2FModels%2FFull%2F34794.jpg&feedId=102894&k=3f7d21d3fc2155f592f5153491ef5c834580865c,USD,,12.95,https://www.dv8fashion.com/en/Jdy-Nanna-Embroidery-Top---Sky-Captain/m-34794.aspx?PartnerID=4730&utm_source=awin&utm_medium=affiliate&utm_campaign=UnitedStatesUS,,,USD31.95,102894,DV8 Fashion,1,,https://www.dv8fashion.com/Images/Models/Full/34794-1.jpg,https://www.dv8fashion.com/Images/Models/Full/34794-2.jpg,,https://www.dv8fashion.com/Images/Models/Full/34794-3.jpg,Womens,Tops & T-Shirts
https://www.awin1.com/pclick.php?p=41643854274&a=2771700&m=116329,Saint Genies Crochet Bead Top - Yellow - L,41643854274,250360AWUS,https://www.dv8fashion.com/Images/Models/Full/34821.jpg,"The perfect summer vibe in the colour of the season, butter yellow!      Knit fabric     Stunning open back     Shell detail Product Code: P-82933-25--",Sleeveless Tops,37.95,DV8 Fashion (USA),116329,Women's Tops,204,https://images2.productserve.com/?w=200&h=200&bg=white&trim=5&t=letterbox&url=ssl%3Awww.dv8fashion.com%2FImages%2FModels%2FFull%2F34821.jpg&feedId=102894&k=3a5363efa6f3810b064a770cb19dae50d730afa1,USD,,12.95,https://www.dv8fashion.com/en/Saint-Genies-Crochet-Bead-Top---Yellow/m-34821.aspx?PartnerID=4730&utm_source=awin&utm_medium=affiliate&utm_campaign=UnitedStatesUS,,,USD37.95,102894,DV8 Fashion,1,,https://www.dv8fashion.com/Images/Models/Full/34821-1.jpg,https://www.dv8fashion.com/Images/Models/Full/34821-2.jpg,,https://www.dv8fashion.com/Images/Models/Full/34821-3.jpg,Womens,Tops & T-Shirts
https://www.awin1.com/pclick.php?p=41643854277&a=2771700&m=116329,Saint Genies Crochet Bead Top - Yellow - XL,41643854277,250363AWUS,https://www.dv8fashion.com/Images/Models/Full/34821.jpg,"The perfect summer vibe in the colour of the season, butter yellow!      Knit fabric     Stunning open back     Shell detail Product Code: P-82933-25--",Sleeveless Tops,37.95,DV8 Fashion (USA),116329,Women's Tops,204,https://images2.productserve.com/?w=200&h=200&bg=white&trim=5&t=letterbox&url=ssl%3Awww.dv8fashion.com%2FImages%2FModels%2FFull%2F34821.jpg&feedId=102894&k=3a5363efa6f3810b064a770cb19dae50d730afa1,USD,,12.95,https://www.dv8fashion.com/en/Saint-Genies-Crochet-Bead-Top---Yellow/m-34821.aspx?PartnerID=4730&utm_source=awin&utm_medium=affiliate&utm_campaign=UnitedStatesUS,,,USD37.95,102894,DV8 Fashion,1,,https://www.dv8fashion.com/Images/Models/Full/34821-1.jpg,https://www.dv8fashion.com/Images/Models/Full/34821-2.jpg,,https://www.dv8fashion.com/Images/Models/Full/34821-3.jpg,Womens,Tops & T-Shirts
https://www.awin1.com/pclick.php?p=41643854297&a=2771700&m=116329,Saint Genies Halter Sequin Top - White - XL,41643854297,250418AWUS,https://www.dv8fashion.com/Images/Models/Full/34826.jpg,Did someone say festival season? Get the sparkle style with our diamante halter top      Diamond detailing     Halter neck with tie fastening     Fitted style Product Code: P-82935-11--,Sleeveless Tops,40.95,DV8 Fashion (USA),116329,Women's Tops,204,https://images2.productserve.com/?w=200&h=200&bg=white&trim=5&t=letterbox&url=ssl%3Awww.dv8fashion.com%2FImages%2FModels%2FFull%2F34826.jpg&feedId=102894&k=b6725a3cf1d5223d4015b1989a9671dbfad115ea,USD,,12.95,https://www.dv8fashion.com/en/Saint-Genies-Halter-Sequin-Top---White/m-34826.aspx?PartnerID=4730&utm_source=awin&utm_medium=affiliate&utm_campaign=UnitedStatesUS,,,USD40.95,102894,DV8 Fashion,1,,https://www.dv8fashion.com/Images/Models/Full/34826-1.jpg,https://www.dv8fashion.com/Images/Models/Full/34826-2.jpg,,https://www.dv8fashion.com/Images/Models/Full/34826-3.jpg,Womens,Tops & T-Shirts
https://www.awin1.com/pclick.php?p=41643854268&a=2771700&m=116329,Saint Genies Crochet Sleeveless Top - Cream / Brown - One,41643854268,250276AWUS,https://www.dv8fashion.com/Images/Models/Full/34813.jpg,Update your wardrobe with Saint Genies...      The cutest summer top by Saint Genies     Crochet fabric     Collar detail and v neckline Product Code: P-82901-26--,Sleeveless Tops,36.95,DV8 Fashion (USA),116329,Women's Tops,204,https://images2.productserve.com/?w=200&h=200&bg=white&trim=5&t=letterbox&url=ssl%3Awww.dv8fashion.com%2FImages%2FModels%2FFull%2F34813.jpg&feedId=102894&k=9d222cbbdb428ebd40f665fcc379045dae7383b9,USD,,12.95,https://www.dv8fashion.com/en/Saint-Genies-Crochet-Sleeveless-Top---Cream--Brown/m-34813.aspx?PartnerID=4730&utm_source=awin&utm_medium=affiliate&utm_campaign=UnitedStatesUS,,,USD36.95,102894,DV8 Fashion,1,,https://www.dv8fashion.com/Images/Models/Full/34813-1.jpg,https://www.dv8fashion.com/Images/Models/Full/34813-2.jpg,,https://www.dv8fashion.com/Images/Models/Full/34813-3.jpg,Womens,Tops & T-Shirts
https://www.awin1.com/pclick.php?p=41643854294&a=2771700&m=116329,Saint Genies Halter Sequin Top - White - L,41643854294,250415AWUS,https://www.dv8fashion.com/Images/Models/Full/34826.jpg,Did someone say festival season? Get the sparkle style with our diamante halter top      Diamond detailing     Halter neck with tie fastening     Fitted style Product Code: P-82935-11--,Sleeveless Tops,40.95,DV8 Fashion (USA),116329,Women's Tops,204,https://images2.productserve.com/?w=200&h=200&bg=white&trim=5&t=letterbox&url=ssl%3Awww.dv8fashion.com%2FImages%2FModels%2FFull%2F34826.jpg&feedId=102894&k=b6725a3cf1d5223d4015b1989a9671dbfad115ea,USD,,12.95,https://www.dv8fashion.com/en/Saint-Genies-Halter-Sequin-Top---White/m-34826.aspx?PartnerID=4730&utm_source=awin&utm_medium=affiliate&utm_campaign=UnitedStatesUS,,,USD40.95,102894,DV8 Fashion,1,,https://www.dv8fashion.com/Images/Models/Full/34826-1.jpg,https://www.dv8fashion.com/Images/Models/Full/34826-2.jpg,,https://www.dv8fashion.com/Images/Models/Full/34826-3.jpg,Womens,Tops & T-Shirts
https://www.awin1.com/pclick.php?p=41643854276&a=2771700&m=116329,Saint Genies Crochet Bead Top - Yellow - S,41643854276,250362AWUS,https://www.dv8fashion.com/Images/Models/Full/34821.jpg,"The perfect summer vibe in the colour of the season, butter yellow!      Knit fabric     Stunning open back     Shell detail Product Code: P-82933-25--",Sleeveless Tops,37.95,DV8 Fashion (USA),116329,Women's Tops,204,https://images2.productserve.com/?w=200&h=200&bg=white&trim=5&t=letterbox&url=ssl%3Awww.dv8fashion.com%2FImages%2FModels%2FFull%2F34821.jpg&feedId=102894&k=3a5363efa6f3810b064a770cb19dae50d730afa1,USD,,12.95,https://www.dv8fashion.com/en/Saint-Genies-Crochet-Bead-Top---Yellow/m-34821.aspx?PartnerID=4730&utm_source=awin&utm_medium=affiliate&utm_campaign=UnitedStatesUS,,,USD37.95,102894,DV8 Fashion,1,,https://www.dv8fashion.com/Images/Models/Full/34821-1.jpg,https://www.dv8fashion.com/Images/Models/Full/34821-2.jpg,,https://www.dv8fashion.com/Images/Models/Full/34821-3.jpg,Womens,Tops & T-Shirts
https://www.awin1.com/pclick.php?p=41643854284&a=2771700&m=116329,Saint Genies Floal Strap Top - Blue - L,41643854284,250327AWUS,https://www.dv8fashion.com/Images/Models/Full/34818.jpg,"The perfect summer top, perfect for a daytime style or pair with jeans and heels for a dressy vibe...      Lace trim     Floral print     Adjustable strap Product Code: P-82900-55--",Sleeveless Tops,39.95,DV8 Fashion (USA),116329,Women's Tops,204,https://images2.productserve.com/?w=200&h=200&bg=white&trim=5&t=letterbox&url=ssl%3Awww.dv8fashion.com%2FImages%2FModels%2FFull%2F34818.jpg&feedId=102894&k=d6c7dfa1a8abb950125bdd3b0697409c57f71be9,USD,,12.95,https://www.dv8fashion.com/en/Saint-Genies-Floal-Strap-Top---Blue/m-34818.aspx?PartnerID=4730&utm_source=awin&utm_medium=affiliate&utm_campaign=UnitedStatesUS,,,USD39.95,102894,DV8 Fashion,1,,https://www.dv8fashion.com/Images/Models/Full/34818-1.jpg,https://www.dv8fashion.com/Images/Models/Full/34818-2.jpg,,https://www.dv8fashion.com/Images/Models/Full/34818-3.jpg,Womens,Tops & T-Shirts
https://www.awin1.com/pclick.php?p=41643854287&a=2771700&m=116329,Saint Genies Floal Strap Top - Blue - XL,41643854287,250330AWUS,https://www.dv8fashion.com/Images/Models/Full/34818.jpg,"The perfect summer top, perfect for a daytime style or pair with jeans and heels for a dressy vibe...      Lace trim     Floral print     Adjustable strap Product Code: P-82900-55--",Sleeveless Tops,39.95,DV8 Fashion (USA),116329,Women's Tops,204,https://images2.productserve.com/?w=200&h=200&bg=white&trim=5&t=letterbox&url=ssl%3Awww.dv8fashion.com%2FImages%2FModels%2FFull%2F34818.jpg&feedId=102894&k=d6c7dfa1a8abb950125bdd3b0697409c57f71be9,USD,,12.95,https://www.dv8fashion.com/en/Saint-Genies-Floal-Strap-Top---Blue/m-34818.aspx?PartnerID=4730&utm_source=awin&utm_medium=affiliate&utm_campaign=UnitedStatesUS,,,USD39.95,102894,DV8 Fashion,1,,https://www.dv8fashion.com/Images/Models/Full/34818-1.jpg,https://www.dv8fashion.com/Images/Models/Full/34818-2.jpg,,https://www.dv8fashion.com/Images/Models/Full/34818-3.jpg,Womens,Tops & T-Shirts
https://www.awin1.com/pclick.php?p=41493325670&a=2771700&m=116329,Only Love Strap Singlet - White - XS,41493325670,237016AWUS,https://www.dv8fashion.com/Images/Models/Full/33555.jpg,"No wardrobe is complete without soft, timeless, basic styles, perfect for any occasion and season      Product Type: Top     Neck: Round Neck     Sleeve: Sleeveless     Fit: Stretch Fit Product Code: P-81021-11--",Sleeveless Tops,16.95,DV8 Fashion (USA),116329,Women's Tops,204,https://images2.productserve.com/?w=200&h=200&bg=white&trim=5&t=letterbox&url=ssl%3Awww.dv8fashion.com%2FImages%2FModels%2FFull%2F33555.jpg&feedId=102894&k=84b4940caefd0c5c5ac8f0c2640ef96598c6b6b4,USD,,12.95,https://www.dv8fashion.com/en/Only-Love-Strap-Singlet---White/m-33555.aspx?PartnerID=4730&utm_source=awin&utm_medium=affiliate&utm_campaign=UnitedStatesUS,,,USD16.95,102894,DV8 Fashion,1,,https://www.dv8fashion.com/Images/Models/Full/33555-1.jpg,https://www.dv8fashion.com/Images/Models/Full/33555-2.jpg,,https://www.dv8fashion.com/Images/Models/Full/33555-3.jpg,Womens,Tops & T-Shirts
https://www.awin1.com/pclick.php?p=41643854275&a=2771700&m=116329,Saint Genies Crochet Bead Top - Yellow - M,41643854275,250361AWUS,https://www.dv8fashion.com/Images/Models/Full/34821.jpg,"The perfect summer vibe in the colour of the season, butter yellow!      Knit fabric     Stunning open back     Shell detail Product Code: P-82933-25--",Sleeveless Tops,37.95,DV8 Fashion (USA),116329,Women's Tops,204,https://images2.productserve.com/?w=200&h=200&bg=white&trim=5&t=letterbox&url=ssl%3Awww.dv8fashion.com%2FImages%2FModels%2FFull%2F34821.jpg&feedId=102894&k=3a5363efa6f3810b064a770cb19dae50d730afa1,USD,,12.95,https://www.dv8fashion.com/en/Saint-Genies-Crochet-Bead-Top---Yellow/m-34821.aspx?PartnerID=4730&utm_source=awin&utm_medium=affiliate&utm_campaign=UnitedStatesUS,,,USD37.95,102894,DV8 Fashion,1,,https://www.dv8fashion.com/Images/Models/Full/34821-1.jpg,https://www.dv8fashion.com/Images/Models/Full/34821-2.jpg,,https://www.dv8fashion.com/Images/Models/Full/34821-3.jpg,Womens,Tops & T-Shirts
https://www.awin1.com/pclick.php?p=41643854295&a=2771700&m=116329,Saint Genies Halter Sequin Top - White - M,41643854295,250416AWUS,https://www.dv8fashion.com/Images/Models/Full/34826.jpg,Did someone say festival season? Get the sparkle style with our diamante halter top      Diamond detailing     Halter neck with tie fastening     Fitted style Product Code: P-82935-11--,Sleeveless Tops,40.95,DV8 Fashion (USA),116329,Women's Tops,204,https://images2.productserve.com/?w=200&h=200&bg=white&trim=5&t=letterbox&url=ssl%3Awww.dv8fashion.com%2FImages%2FModels%2FFull%2F34826.jpg&feedId=102894&k=b6725a3cf1d5223d4015b1989a9671dbfad115ea,USD,,12.95,https://www.dv8fashion.com/en/Saint-Genies-Halter-Sequin-Top---White/m-34826.aspx?PartnerID=4730&utm_source=awin&utm_medium=affiliate&utm_campaign=UnitedStatesUS,,,USD40.95,102894,DV8 Fashion,1,,https://www.dv8fashion.com/Images/Models/Full/34826-1.jpg,https://www.dv8fashion.com/Images/Models/Full/34826-2.jpg,,https://www.dv8fashion.com/Images/Models/Full/34826-3.jpg,Womens,Tops & T-Shirts
https://www.awin1.com/pclick.php?p=41643854296&a=2771700&m=116329,Saint Genies Halter Sequin Top - White - S,41643854296,250417AWUS,https://www.dv8fashion.com/Images/Models/Full/34826.jpg,Did someone say festival season? Get the sparkle style with our diamante halter top      Diamond detailing     Halter neck with tie fastening     Fitted style Product Code: P-82935-11--,Sleeveless Tops,40.95,DV8 Fashion (USA),116329,Women's Tops,204,https://images2.productserve.com/?w=200&h=200&bg=white&trim=5&t=letterbox&url=ssl%3Awww.dv8fashion.com%2FImages%2FModels%2FFull%2F34826.jpg&feedId=102894&k=b6725a3cf1d5223d4015b1989a9671dbfad115ea,USD,,12.95,https://www.dv8fashion.com/en/Saint-Genies-Halter-Sequin-Top---White/m-34826.aspx?PartnerID=4730&utm_source=awin&utm_medium=affiliate&utm_campaign=UnitedStatesUS,,,USD40.95,102894,DV8 Fashion,1,,https://www.dv8fashion.com/Images/Models/Full/34826-1.jpg,https://www.dv8fashion.com/Images/Models/Full/34826-2.jpg,,https://www.dv8fashion.com/Images/Models/Full/34826-3.jpg,Womens,Tops & T-Shirts
https://www.awin1.com/pclick.php?p=41493324282&a=2771700&m=116329,Only Sharai Lace Tank Top - Cloud Dancer - XL,41493324282,214325AWUS,https://www.dv8fashion.com/Images/Models/Full/31442.jpg,"Look your best for school, work, and everyday activities in cool styles that are easy to match with your wardrobe favourites      Product Type: Top     Neckline U-Neck     Sleeve: Sleeveless     Extra Details Lace detail, Ruffles     Fit: Regular Fit Product Code: P-77724-11--",Sleeveless Tops,23.95,DV8 Fashion (USA),116329,Women's Tops,204,https://images2.productserve.com/?w=200&h=200&bg=white&trim=5&t=letterbox&url=ssl%3Awww.dv8fashion.com%2FImages%2FModels%2FFull%2F31442.jpg&feedId=102894&k=a36dcfc48df3ca6563e0239d90aee90b9e6dfdec,USD,,12.95,https://www.dv8fashion.com/en/Only-Sharai-Lace-Tank-Top---Cloud-Dancer/m-31442.aspx?PartnerID=4730&utm_source=awin&utm_medium=affiliate&utm_campaign=UnitedStatesUS,,,USD23.95,102894,DV8 Fashion,1,,https://www.dv8fashion.com/Images/Models/Full/31442-1.jpg,https://www.dv8fashion.com/Images/Models/Full/31442-2.jpg,,https://www.dv8fashion.com/Images/Models/Full/31442-3.jpg,Womens,Tops & T-Shirts
https://www.awin1.com/pclick.php?p=41643854280&a=2771700&m=116329,Saint Genies Sequin Halter Top - Pink - M,41643854280,250372AWUS,https://www.dv8fashion.com/Images/Models/Full/34822.jpg,Say hello to summer in this embellished pink mesh top!      Embellished detail     Mesh fabric     Open back Product Code: P-82934-38--,Sleeveless Tops,40.95,DV8 Fashion (USA),116329,Women's Tops,204,https://images2.productserve.com/?w=200&h=200&bg=white&trim=5&t=letterbox&url=ssl%3Awww.dv8fashion.com%2FImages%2FModels%2FFull%2F34822.jpg&feedId=102894&k=3e81de40ada280d5aa50849be1cdacb3a5b2350e,USD,,12.95,https://www.dv8fashion.com/en/Saint-Genies-Sequin-Halter-Top---Pink/m-34822.aspx?PartnerID=4730&utm_source=awin&utm_medium=affiliate&utm_campaign=UnitedStatesUS,,,USD40.95,102894,DV8 Fashion,1,,https://www.dv8fashion.com/Images/Models/Full/34822-1.jpg,https://www.dv8fashion.com/Images/Models/Full/34822-2.jpg,,https://www.dv8fashion.com/Images/Models/Full/34822-3.jpg,Womens,Tops & T-Shirts
https://www.awin1.com/pclick.php?p=41643854282&a=2771700&m=116329,Saint Genies Sequin Halter Top - Pink - XL,41643854282,250374AWUS,https://www.dv8fashion.com/Images/Models/Full/34822.jpg,Say hello to summer in this embellished pink mesh top!      Embellished detail     Mesh fabric     Open back Product Code: P-82934-38--,Sleeveless Tops,40.95,DV8 Fashion (USA),116329,Women's Tops,204,https://images2.productserve.com/?w=200&h=200&bg=white&trim=5&t=letterbox&url=ssl%3Awww.dv8fashion.com%2FImages%2FModels%2FFull%2F34822.jpg&feedId=102894&k=3e81de40ada280d5aa50849be1cdacb3a5b2350e,USD,,12.95,https://www.dv8fashion.com/en/Saint-Genies-Sequin-Halter-Top---Pink/m-34822.aspx?PartnerID=4730&utm_source=awin&utm_medium=affiliate&utm_campaign=UnitedStatesUS,,,USD40.95,102894,DV8 Fashion,1,,https://www.dv8fashion.com/Images/Models/Full/34822-1.jpg,https://www.dv8fashion.com/Images/Models/Full/34822-2.jpg,,https://www.dv8fashion.com/Images/Models/Full/34822-3.jpg,Womens,Tops & T-Shirts
https://www.awin1.com/pclick.php?p=41593351686&a=2771700&m=116329,Saint Genies Satin Lace Trim Top - Pink - XS,41593351686,249948AWUS,https://www.dv8fashion.com/Images/Models/Full/34779.jpg,Get new season ready with Saint Genies...      Satin fabric     Lace trim detail     Cami strap Product Code: P-82774-38--,Sleeveless Tops,34.95,DV8 Fashion (USA),116329,Women's Tops,204,https://images2.productserve.com/?w=200&h=200&bg=white&trim=5&t=letterbox&url=ssl%3Awww.dv8fashion.com%2FImages%2FModels%2FFull%2F34779.jpg&feedId=102894&k=46c5bbe7a0354a1633efbac35000accca618e668,USD,,12.95,https://www.dv8fashion.com/en/Saint-Genies-Satin-Lace-Trim-Top---Pink/m-34779.aspx?PartnerID=4730&utm_source=awin&utm_medium=affiliate&utm_campaign=UnitedStatesUS,,,USD34.95,102894,DV8 Fashion,1,,https://www.dv8fashion.com/Images/Models/Full/34779-1.jpg,https://www.dv8fashion.com/Images/Models/Full/34779-2.jpg,,https://www.dv8fashion.com/Images/Models/Full/34779-3.jpg,Womens,Tops & T-Shirts
https://www.awin1.com/pclick.php?p=41582883466&a=2771700&m=116329,Saint Genies Tie Front Sleeveless Top - Denim - M,41582883466,249821AWUS,https://www.dv8fashion.com/Images/Models/Full/34767.jpg,Stay on trend in the new season with Saint Genies collection!      Frill hem detail     Tie front fastening     Cropped length Product Code: P-82854-56--,Sleeveless Tops,36.95,DV8 Fashion (USA),116329,Women's Tops,204,https://images2.productserve.com/?w=200&h=200&bg=white&trim=5&t=letterbox&url=ssl%3Awww.dv8fashion.com%2FImages%2FModels%2FFull%2F34767.jpg&feedId=102894&k=8946af3375f16b33f34bbb5febe8f26a3951b530,USD,,12.95,https://www.dv8fashion.com/en/Saint-Genies-Tie-Front-Sleeveless-Top---Denim/m-34767.aspx?PartnerID=4730&utm_source=awin&utm_medium=affiliate&utm_campaign=UnitedStatesUS,,,USD36.95,102894,DV8 Fashion,1,,https://www.dv8fashion.com/Images/Models/Full/34767-1.jpg,https://www.dv8fashion.com/Images/Models/Full/34767-2.jpg,,https://www.dv8fashion.com/Images/Models/Full/34767-3.jpg,Womens,Tops & T-Shirts
https://www.awin1.com/pclick.php?p=41582883468&a=2771700&m=116329,Saint Genies Tie Front Sleeveless Top - Denim - XL,41582883468,249823AWUS,https://www.dv8fashion.com/Images/Models/Full/34767.jpg,Stay on trend in the new season with Saint Genies collection!      Frill hem detail     Tie front fastening     Cropped length Product Code: P-82854-56--,Sleeveless Tops,36.95,DV8 Fashion (USA),116329,Women's Tops,204,https://images2.productserve.com/?w=200&h=200&bg=white&trim=5&t=letterbox&url=ssl%3Awww.dv8fashion.com%2FImages%2FModels%2FFull%2F34767.jpg&feedId=102894&k=8946af3375f16b33f34bbb5febe8f26a3951b530,USD,,12.95,https://www.dv8fashion.com/en/Saint-Genies-Tie-Front-Sleeveless-Top---Denim/m-34767.aspx?PartnerID=4730&utm_source=awin&utm_medium=affiliate&utm_campaign=UnitedStatesUS,,,USD36.95,102894,DV8 Fashion,1,,https://www.dv8fashion.com/Images/Models/Full/34767-1.jpg,https://www.dv8fashion.com/Images/Models/Full/34767-2.jpg,,https://www.dv8fashion.com/Images/Models/Full/34767-3.jpg,Womens,Tops & T-Shirts
https://www.awin1.com/pclick.php?p=41643854289&a=2771700&m=116329,Saint Genies Bandeau Co-Ord Top - Leopard - L,41643854289,250404AWUS,https://www.dv8fashion.com/Images/Models/Full/34825.jpg,Get new season ready with this bandeau top by Saint Genies. This stunning piece is designed to make you stand out wherever you go      Colour: Leopard print     Sleeves: Sleeveless     Product type: Top     Fit: Fitted     Part of a co-ord Product Code: P-82937-35--,Sleeveless Tops,20.95,DV8 Fashion (USA),116329,Women's Tops,204,https://images2.productserve.com/?w=200&h=200&bg=white&trim=5&t=letterbox&url=ssl%3Awww.dv8fashion.com%2FImages%2FModels%2FFull%2F34825.jpg&feedId=102894&k=21406dec7df7d90c8967371dff16181c16b09845,USD,,12.95,https://www.dv8fashion.com/en/Saint-Genies-Bandeau-Co-Ord-Top---Leopard/m-34825.aspx?PartnerID=4730&utm_source=awin&utm_medium=affiliate&utm_campaign=UnitedStatesUS,,,USD20.95,102894,DV8 Fashion,1,,https://www.dv8fashion.com/Images/Models/Full/34825-1.jpg,https://www.dv8fashion.com/Images/Models/Full/34825-2.jpg,,https://www.dv8fashion.com/Images/Models/Full/34825-3.jpg,Womens,Tops & T-Shirts
https://www.awin1.com/pclick.php?p=41493326465&a=2771700&m=116329,Brave Soul Aisha Print Sleeveless Top - Acid Brown / Off White - 14,41493326465,215189AWUS,https://www.dv8fashion.com/Images/Models/Full/31531.jpg,"Introducing our Printed T-shirt, another essential piece for your wardrobe! Featuring a cropped length, this shirt offers a modern and stylish silhouette. Adorned with a printed design, it adds interest and personality to your outfit       Length: Cropped   Product type: T-shirt   Pattern: Printed   Sleeves: Sleeveless         Product Code: P-77765-45--",Sleeveless Tops,19.95,DV8 Fashion (USA),116329,Women's Tops,204,https://images2.productserve.com/?w=200&h=200&bg=white&trim=5&t=letterbox&url=ssl%3Awww.dv8fashion.com%2FImages%2FModels%2FFull%2F31531.jpg&feedId=102894&k=a42ecc761b2f18d43640a6e4f07ade2245a20a1c,USD,,12.95,https://www.dv8fashion.com/en/Brave-Soul-Aisha-Print-Sleeveless-Top---Acid-Brown--Off-White/m-31531.aspx?PartnerID=4730&utm_source=awin&utm_medium=affiliate&utm_campaign=UnitedStatesUS,,,USD19.95,102894,DV8 Fashion,1,,https://www.dv8fashion.com/Images/Models/Full/31531-1.jpg,https://www.dv8fashion.com/Images/Models/Full/31531-2.jpg,,https://www.dv8fashion.com/Images/Models/Full/31531-3.jpg,Womens,Tops & T-Shirts
https://www.awin1.com/pclick.php?p=41493326466&a=2771700&m=116329,Brave Soul Aisha Print Sleeveless Top - Acid Brown / Off White - 8,41493326466,215194AWUS,https://www.dv8fashion.com/Images/Models/Full/31531.jpg,"Introducing our Printed T-shirt, another essential piece for your wardrobe! Featuring a cropped length, this shirt offers a modern and stylish silhouette. Adorned with a printed design, it adds interest and personality to your outfit       Length: Cropped   Product type: T-shirt   Pattern: Printed   Sleeves: Sleeveless         Product Code: P-77765-45--",Sleeveless Tops,19.95,DV8 Fashion (USA),116329,Women's Tops,204,https://images2.productserve.com/?w=200&h=200&bg=white&trim=5&t=letterbox&url=ssl%3Awww.dv8fashion.com%2FImages%2FModels%2FFull%2F31531.jpg&feedId=102894&k=a42ecc761b2f18d43640a6e4f07ade2245a20a1c,USD,,12.95,https://www.dv8fashion.com/en/Brave-Soul-Aisha-Print-Sleeveless-Top---Acid-Brown--Off-White/m-31531.aspx?PartnerID=4730&utm_source=awin&utm_medium=affiliate&utm_campaign=UnitedStatesUS,,,USD19.95,102894,DV8 Fashion,1,,https://www.dv8fashion.com/Images/Models/Full/31531-1.jpg,https://www.dv8fashion.com/Images/Models/Full/31531-2.jpg,,https://www.dv8fashion.com/Images/Models/Full/31531-3.jpg,Womens,Tops & T-Shirts
https://www.awin1.com/pclick.php?p=41493326464&a=2771700&m=116329,Brave Soul Aisha Print Sleeveless Top - Acid Brown / Off White - 12,41493326464,215188AWUS,https://www.dv8fashion.com/Images/Models/Full/31531.jpg,"Introducing our Printed T-shirt, another essential piece for your wardrobe! Featuring a cropped length, this shirt offers a modern and stylish silhouette. Adorned with a printed design, it adds interest and personality to your outfit       Length: Cropped   Product type: T-shirt   Pattern: Printed   Sleeves: Sleeveless         Product Code: P-77765-45--",Sleeveless Tops,19.95,DV8 Fashion (USA),116329,Women's Tops,204,https://images2.productserve.com/?w=200&h=200&bg=white&trim=5&t=letterbox&url=ssl%3Awww.dv8fashion.com%2FImages%2FModels%2FFull%2F31531.jpg&feedId=102894&k=a42ecc761b2f18d43640a6e4f07ade2245a20a1c,USD,,12.95,https://www.dv8fashion.com/en/Brave-Soul-Aisha-Print-Sleeveless-Top---Acid-Brown--Off-White/m-31531.aspx?PartnerID=4730&utm_source=awin&utm_medium=affiliate&utm_campaign=UnitedStatesUS,,,USD19.95,102894,DV8 Fashion,1,,https://www.dv8fashion.com/Images/Models/Full/31531-1.jpg,https://www.dv8fashion.com/Images/Models/Full/31531-2.jpg,,https://www.dv8fashion.com/Images/Models/Full/31531-3.jpg,Womens,Tops & T-Shirts
https://www.awin1.com/pclick.php?p=41593351677&a=2771700&m=116329,Saint Genies Glitter Asymmetric Bandeau Top - Yellow - L,41593351677,249864AWUS,https://www.dv8fashion.com/Images/Models/Full/34771.jpg,Get new season ready with this bandeau top by Saint Genies. This stunning piece is designed to make you stand out wherever you go      Colour: White     Details: Asymmetric length     Sleeves: Sleeveless     Product type: Top     Fit: Fitted Product Code: P-82768-25--,Strapless Tops,36.95,DV8 Fashion (USA),116329,Women's Tops,204,https://images2.productserve.com/?w=200&h=200&bg=white&trim=5&t=letterbox&url=ssl%3Awww.dv8fashion.com%2FImages%2FModels%2FFull%2F34771.jpg&feedId=102894&k=11b81ed8f8d10c61ee31847c442a8c0b0caada1e,USD,,12.95,https://www.dv8fashion.com/en/Saint-Genies-Glitter-Asymmetric-Bandeau-Top---Yellow/m-34771.aspx?PartnerID=4730&utm_source=awin&utm_medium=affiliate&utm_campaign=UnitedStatesUS,,,USD36.95,102894,DV8 Fashion,1,,https://www.dv8fashion.com/Images/Models/Full/34771-1.jpg,https://www.dv8fashion.com/Images/Models/Full/34771-2.jpg,,https://www.dv8fashion.com/Images/Models/Full/34771-3.jpg,Womens,Tops & T-Shirts
https://www.awin1.com/pclick.php?p=41493327662&a=2771700&m=116329,Qed Crochet Bra - Brown - S/M,41493327662,213220AWUS,https://www.dv8fashion.com/Images/Models/Full/31310.jpg,The perfect festival look!       Crochet style bra   Tie tassel detailing   Bralet style top         Product Code: P-77414-27--,Strapless Tops,25.95,DV8 Fashion (USA),116329,Women's Tops,204,https://images2.productserve.com/?w=200&h=200&bg=white&trim=5&t=letterbox&url=ssl%3Awww.dv8fashion.com%2FImages%2FModels%2FFull%2F31310.jpg&feedId=102894&k=9b640a4d500a8a175054de7dc0973a836745d304,USD,,12.95,https://www.dv8fashion.com/en/Qed-Crochet-Bra---Brown/m-31310.aspx?PartnerID=4730&utm_source=awin&utm_medium=affiliate&utm_campaign=UnitedStatesUS,,,USD25.95,102894,DV8 Fashion,1,,https://www.dv8fashion.com/Images/Models/Full/31310-1.jpg,https://www.dv8fashion.com/Images/Models/Full/31310-2.jpg,,https://www.dv8fashion.com/Images/Models/Full/31310-3.jpg,Womens,Tops & T-Shirts
https://www.awin1.com/pclick.php?p=41493327661&a=2771700&m=116329,Qed Crochet Bra - Brown - M/L,41493327661,213219AWUS,https://www.dv8fashion.com/Images/Models/Full/31310.jpg,The perfect festival look!       Crochet style bra   Tie tassel detailing   Bralet style top         Product Code: P-77414-27--,Strapless Tops,25.95,DV8 Fashion (USA),116329,Women's Tops,204,https://images2.productserve.com/?w=200&h=200&bg=white&trim=5&t=letterbox&url=ssl%3Awww.dv8fashion.com%2FImages%2FModels%2FFull%2F31310.jpg&feedId=102894&k=9b640a4d500a8a175054de7dc0973a836745d304,USD,,12.95,https://www.dv8fashion.com/en/Qed-Crochet-Bra---Brown/m-31310.aspx?PartnerID=4730&utm_source=awin&utm_medium=affiliate&utm_campaign=UnitedStatesUS,,,USD25.95,102894,DV8 Fashion,1,,https://www.dv8fashion.com/Images/Models/Full/31310-1.jpg,https://www.dv8fashion.com/Images/Models/Full/31310-2.jpg,,https://www.dv8fashion.com/Images/Models/Full/31310-3.jpg,Womens,Tops & T-Shirts
https://www.awin1.com/pclick.php?p=41493327656&a=2771700&m=116329,Only Lea Tube Top - Black - M,41493327656,209296AWUS,https://www.dv8fashion.com/Images/Models/Full/30943.jpg,Restock your wardrobe with stylish essentials such as T-shirts and tops easy to match with existing items      Product Type: Tube top     Neck: O-Neck     Sleeve: Sleeveless     Fit: Regular Fit Product Code: P-76600-10--,Strapless Tops,23.95,DV8 Fashion (USA),116329,Women's Tops,204,https://images2.productserve.com/?w=200&h=200&bg=white&trim=5&t=letterbox&url=ssl%3Awww.dv8fashion.com%2FImages%2FModels%2FFull%2F30943.jpg&feedId=102894&k=7bc826256d179ce1d4364097e042b6ddfdac9cd1,USD,,12.95,https://www.dv8fashion.com/en/Only-Lea-Tube-Top---Black/m-30943.aspx?PartnerID=4730&utm_source=awin&utm_medium=affiliate&utm_campaign=UnitedStatesUS,,,USD23.95,102894,DV8 Fashion,1,,https://www.dv8fashion.com/Images/Models/Full/30943-1.jpg,https://www.dv8fashion.com/Images/Models/Full/30943-2.jpg,,https://www.dv8fashion.com/Images/Models/Full/30943-3.jpg,Womens,Tops & T-Shirts
https://www.awin1.com/pclick.php?p=41915583613&a=2771700&m=116329,Saint Genies Bandeau Split Top - Coral Orange - 6,41915583613,247671AWUS,https://www.dv8fashion.com/Images/Models/Full/34555.jpg,Get new season ready with this bandeau top by Saint Genies. This stunning piece is designed to make you stand out wherever you go       Colour: Orange   Details: Split sides   Sleeves: Sleeveless   Product type: Top   Fit: Fitted         Product Code: P-82628-42--,Strapless Tops,31.95,DV8 Fashion (USA),116329,Women's Tops,204,https://images2.productserve.com/?w=200&h=200&bg=white&trim=5&t=letterbox&url=ssl%3Awww.dv8fashion.com%2FImages%2FModels%2FFull%2F34555.jpg&feedId=102894&k=bbc3999f3424494af882e8084a43cdf9194b733e,USD,,12.95,https://www.dv8fashion.com/en/Saint-Genies-Bandeau-Split-Top---Coral-Orange/m-34555.aspx?PartnerID=4730&utm_source=awin&utm_medium=affiliate&utm_campaign=UnitedStatesUS,,,USD31.95,102894,DV8 Fashion,1,,https://www.dv8fashion.com/Images/Models/Full/34555-1.jpg,https://www.dv8fashion.com/Images/Models/Full/34555-2.jpg,,https://www.dv8fashion.com/Images/Models/Full/34555-3.jpg,Womens,Tops & T-Shirts
https://www.awin1.com/pclick.php?p=41493327679&a=2771700&m=116329,Saint Genies Multi Co-Ord Bandeau - Purple Multi - XL,41493327679,213664AWUS,https://www.dv8fashion.com/Images/Models/Full/31355.jpg,Stay on trend with Saint Genies&apos; latest launch...      Multi mesh bandeau with purple and orange details     100% polyester lining&nbsp;     Ruched features     Make it a co-ord with the matching midi skirt!Product Code: P-77530-23--,Strapless Tops,26.95,DV8 Fashion (USA),116329,Women's Tops,204,https://images2.productserve.com/?w=200&h=200&bg=white&trim=5&t=letterbox&url=ssl%3Awww.dv8fashion.com%2FImages%2FModels%2FFull%2F31355.jpg&feedId=102894&k=e18d34267b72e5438d699dce1b3bbed794bf5388,USD,,12.95,https://www.dv8fashion.com/en/Saint-Genies-Multi-Co-Ord-Bandeau---Purple-Multi/m-31355.aspx?PartnerID=4730&utm_source=awin&utm_medium=affiliate&utm_campaign=UnitedStatesUS,,,USD26.95,102894,DV8 Fashion,1,,https://www.dv8fashion.com/Images/Models/Full/31355-1.jpg,https://www.dv8fashion.com/Images/Models/Full/31355-2.jpg,,https://www.dv8fashion.com/Images/Models/Full/31355-3.jpg,Womens,Tops & T-Shirts
https://www.awin1.com/pclick.php?p=41593351678&a=2771700&m=116329,Saint Genies Glitter Asymmetric Bandeau Top - Yellow - M,41593351678,249865AWUS,https://www.dv8fashion.com/Images/Models/Full/34771.jpg,Get new season ready with this bandeau top by Saint Genies. This stunning piece is designed to make you stand out wherever you go      Colour: White     Details: Asymmetric length     Sleeves: Sleeveless     Product type: Top     Fit: Fitted Product Code: P-82768-25--,Strapless Tops,36.95,DV8 Fashion (USA),116329,Women's Tops,204,https://images2.productserve.com/?w=200&h=200&bg=white&trim=5&t=letterbox&url=ssl%3Awww.dv8fashion.com%2FImages%2FModels%2FFull%2F34771.jpg&feedId=102894&k=11b81ed8f8d10c61ee31847c442a8c0b0caada1e,USD,,12.95,https://www.dv8fashion.com/en/Saint-Genies-Glitter-Asymmetric-Bandeau-Top---Yellow/m-34771.aspx?PartnerID=4730&utm_source=awin&utm_medium=affiliate&utm_campaign=UnitedStatesUS,,,USD36.95,102894,DV8 Fashion,1,,https://www.dv8fashion.com/Images/Models/Full/34771-1.jpg,https://www.dv8fashion.com/Images/Models/Full/34771-2.jpg,,https://www.dv8fashion.com/Images/Models/Full/34771-3.jpg,Womens,Tops & T-Shirts
https://www.awin1.com/pclick.php?p=41493326014&a=2771700&m=116329,Saint Genies Bandeau Co-Ord Top - Orange Floral - 10,41493326014,247641AWUS,https://www.dv8fashion.com/Images/Models/Full/34552.jpg,Get new season ready with this bandeau top by Saint Genies. This stunning piece is designed to make you stand out wherever you go      Colour: Orange     Details: Floral detail     Sleeves: Sleeveless     Product type: Top     Fit: Fitted Product Code: P-82365-42--,Strapless Tops,20.95,DV8 Fashion (USA),116329,Women's Tops,204,https://images2.productserve.com/?w=200&h=200&bg=white&trim=5&t=letterbox&url=ssl%3Awww.dv8fashion.com%2FImages%2FModels%2FFull%2F34552.jpg&feedId=102894&k=eba29c490f07e8bf91d1f070502478ac99b6b073,USD,,12.95,https://www.dv8fashion.com/en/Saint-Genies-Bandeau-Co-Ord-Top---Orange-Floral/m-34552.aspx?PartnerID=4730&utm_source=awin&utm_medium=affiliate&utm_campaign=UnitedStatesUS,,,USD20.95,102894,DV8 Fashion,1,,https://www.dv8fashion.com/Images/Models/Full/34552-1.jpg,https://www.dv8fashion.com/Images/Models/Full/34552-2.jpg,,https://www.dv8fashion.com/Images/Models/Full/34552-3.jpg,Womens,Tops & T-Shirts
https://www.awin1.com/pclick.php?p=41593351680&a=2771700&m=116329,Saint Genies Glitter Asymmetric Bandeau Top - Yellow - XL,41593351680,249867AWUS,https://www.dv8fashion.com/Images/Models/Full/34771.jpg,Get new season ready with this bandeau top by Saint Genies. This stunning piece is designed to make you stand out wherever you go      Colour: White     Details: Asymmetric length     Sleeves: Sleeveless     Product type: Top     Fit: Fitted Product Code: P-82768-25--,Strapless Tops,36.95,DV8 Fashion (USA),116329,Women's Tops,204,https://images2.productserve.com/?w=200&h=200&bg=white&trim=5&t=letterbox&url=ssl%3Awww.dv8fashion.com%2FImages%2FModels%2FFull%2F34771.jpg&feedId=102894&k=11b81ed8f8d10c61ee31847c442a8c0b0caada1e,USD,,12.95,https://www.dv8fashion.com/en/Saint-Genies-Glitter-Asymmetric-Bandeau-Top---Yellow/m-34771.aspx?PartnerID=4730&utm_source=awin&utm_medium=affiliate&utm_campaign=UnitedStatesUS,,,USD36.95,102894,DV8 Fashion,1,,https://www.dv8fashion.com/Images/Models/Full/34771-1.jpg,https://www.dv8fashion.com/Images/Models/Full/34771-2.jpg,,https://www.dv8fashion.com/Images/Models/Full/34771-3.jpg,Womens,Tops & T-Shirts
https://www.awin1.com/pclick.php?p=41493327677&a=2771700&m=116329,Saint Genies Multi Co-Ord Bandeau - Purple Multi - M,41493327677,213662AWUS,https://www.dv8fashion.com/Images/Models/Full/31355.jpg,Stay on trend with Saint Genies&apos; latest launch...      Multi mesh bandeau with purple and orange details     100% polyester lining&nbsp;     Ruched features     Make it a co-ord with the matching midi skirt!Product Code: P-77530-23--,Strapless Tops,26.95,DV8 Fashion (USA),116329,Women's Tops,204,https://images2.productserve.com/?w=200&h=200&bg=white&trim=5&t=letterbox&url=ssl%3Awww.dv8fashion.com%2FImages%2FModels%2FFull%2F31355.jpg&feedId=102894&k=e18d34267b72e5438d699dce1b3bbed794bf5388,USD,,12.95,https://www.dv8fashion.com/en/Saint-Genies-Multi-Co-Ord-Bandeau---Purple-Multi/m-31355.aspx?PartnerID=4730&utm_source=awin&utm_medium=affiliate&utm_campaign=UnitedStatesUS,,,USD26.95,102894,DV8 Fashion,1,,https://www.dv8fashion.com/Images/Models/Full/31355-1.jpg,https://www.dv8fashion.com/Images/Models/Full/31355-2.jpg,,https://www.dv8fashion.com/Images/Models/Full/31355-3.jpg,Womens,Tops & T-Shirts
https://www.awin1.com/pclick.php?p=41493327680&a=2771700&m=116329,Saint Genies Multi Co-Ord Bandeau - Purple Multi - XS,41493327680,213665AWUS,https://www.dv8fashion.com/Images/Models/Full/31355.jpg,Stay on trend with Saint Genies&apos; latest launch...      Multi mesh bandeau with purple and orange details     100% polyester lining&nbsp;     Ruched features     Make it a co-ord with the matching midi skirt!Product Code: P-77530-23--,Strapless Tops,26.95,DV8 Fashion (USA),116329,Women's Tops,204,https://images2.productserve.com/?w=200&h=200&bg=white&trim=5&t=letterbox&url=ssl%3Awww.dv8fashion.com%2FImages%2FModels%2FFull%2F31355.jpg&feedId=102894&k=e18d34267b72e5438d699dce1b3bbed794bf5388,USD,,12.95,https://www.dv8fashion.com/en/Saint-Genies-Multi-Co-Ord-Bandeau---Purple-Multi/m-31355.aspx?PartnerID=4730&utm_source=awin&utm_medium=affiliate&utm_campaign=UnitedStatesUS,,,USD26.95,102894,DV8 Fashion,1,,https://www.dv8fashion.com/Images/Models/Full/31355-1.jpg,https://www.dv8fashion.com/Images/Models/Full/31355-2.jpg,,https://www.dv8fashion.com/Images/Models/Full/31355-3.jpg,Womens,Tops & T-Shirts
https://www.awin1.com/pclick.php?p=41493327667&a=2771700&m=116329,Saint Genies Embellished Bandeau Top - Black Silver - 12,41493327667,230324AWUS,https://www.dv8fashion.com/Images/Models/Full/32933.jpg,Get ready to dazzle in our embellished bandeau top by Saint Genies. This stunning piece is designed to make you stand out wherever you go      Color: Black     Details: Embellished     Sleeves: Sleeveless     Product type: Top     Fit: Fitted Product Code: P-79971-10--,Strapless Tops,40.95,DV8 Fashion (USA),116329,Women's Tops,204,https://images2.productserve.com/?w=200&h=200&bg=white&trim=5&t=letterbox&url=ssl%3Awww.dv8fashion.com%2FImages%2FModels%2FFull%2F32933.jpg&feedId=102894&k=87f47b14e94edfe842e89421619c61d5dbb9b5f5,USD,,12.95,https://www.dv8fashion.com/en/Saint-Genies-Embellished-Bandeau-Top---Black-Silver/m-32933.aspx?PartnerID=4730&utm_source=awin&utm_medium=affiliate&utm_campaign=UnitedStatesUS,,,USD40.95,102894,DV8 Fashion,1,,https://www.dv8fashion.com/Images/Models/Full/32933-1.jpg,https://www.dv8fashion.com/Images/Models/Full/32933-2.jpg,,https://www.dv8fashion.com/Images/Models/Full/32933-3.jpg,Womens,Tops & T-Shirts
https://www.awin1.com/pclick.php?p=41493327663&a=2771700&m=116329,Saint Genies Bandeau Split Top - Coral Orange - 10,41493327663,247665AWUS,https://www.dv8fashion.com/Images/Models/Full/34555.jpg,Get new season ready with this bandeau top by Saint Genies. This stunning piece is designed to make you stand out wherever you go       Colour: Orange   Details: Split sides   Sleeves: Sleeveless   Product type: Top   Fit: Fitted         Product Code: P-82628-42--,Strapless Tops,31.95,DV8 Fashion (USA),116329,Women's Tops,204,https://images2.productserve.com/?w=200&h=200&bg=white&trim=5&t=letterbox&url=ssl%3Awww.dv8fashion.com%2FImages%2FModels%2FFull%2F34555.jpg&feedId=102894&k=bbc3999f3424494af882e8084a43cdf9194b733e,USD,,12.95,https://www.dv8fashion.com/en/Saint-Genies-Bandeau-Split-Top---Coral-Orange/m-34555.aspx?PartnerID=4730&utm_source=awin&utm_medium=affiliate&utm_campaign=UnitedStatesUS,,,USD31.95,102894,DV8 Fashion,1,,https://www.dv8fashion.com/Images/Models/Full/34555-1.jpg,https://www.dv8fashion.com/Images/Models/Full/34555-2.jpg,,https://www.dv8fashion.com/Images/Models/Full/34555-3.jpg,Womens,Tops & T-Shirts
https://www.awin1.com/pclick.php?p=41493327676&a=2771700&m=116329,Saint Genies Multi Co-Ord Bandeau - Purple Multi - L,41493327676,213661AWUS,https://www.dv8fashion.com/Images/Models/Full/31355.jpg,Stay on trend with Saint Genies&apos; latest launch...      Multi mesh bandeau with purple and orange details     100% polyester lining&nbsp;     Ruched features     Make it a co-ord with the matching midi skirt!Product Code: P-77530-23--,Strapless Tops,26.95,DV8 Fashion (USA),116329,Women's Tops,204,https://images2.productserve.com/?w=200&h=200&bg=white&trim=5&t=letterbox&url=ssl%3Awww.dv8fashion.com%2FImages%2FModels%2FFull%2F31355.jpg&feedId=102894&k=e18d34267b72e5438d699dce1b3bbed794bf5388,USD,,12.95,https://www.dv8fashion.com/en/Saint-Genies-Multi-Co-Ord-Bandeau---Purple-Multi/m-31355.aspx?PartnerID=4730&utm_source=awin&utm_medium=affiliate&utm_campaign=UnitedStatesUS,,,USD26.95,102894,DV8 Fashion,1,,https://www.dv8fashion.com/Images/Models/Full/31355-1.jpg,https://www.dv8fashion.com/Images/Models/Full/31355-2.jpg,,https://www.dv8fashion.com/Images/Models/Full/31355-3.jpg,Womens,Tops & T-Shirts
https://www.awin1.com/pclick.php?p=41493327675&a=2771700&m=116329,Saint Genies Satin Drape Front Mesh Detail Corset Top - Pink - L,41493327675,213585AWUS,https://www.dv8fashion.com/Images/Models/Full/31350.jpg,"Make sure you don&rsquo;t miss out on getting our Faye corset top! Featuring a strapless shape and gorgeous satin draping, this is a must to add to your collection!&nbsp;      Strapless Shape&nbsp;     Ruched Bust DetailProduct Code: P-77525-38--",Strapless Tops,39.95,DV8 Fashion (USA),116329,Women's Tops,204,https://images2.productserve.com/?w=200&h=200&bg=white&trim=5&t=letterbox&url=ssl%3Awww.dv8fashion.com%2FImages%2FModels%2FFull%2F31350.jpg&feedId=102894&k=45e48031d521bdea9209ab48f1b3a43b51974a99,USD,,12.95,https://www.dv8fashion.com/en/Saint-Genies-Satin-Drape-Front-Mesh-Detail-Corset-Top---Pink/m-31350.aspx?PartnerID=4730&utm_source=awin&utm_medium=affiliate&utm_campaign=UnitedStatesUS,,,USD39.95,102894,DV8 Fashion,1,,https://www.dv8fashion.com/Images/Models/Full/31350-1.jpg,https://www.dv8fashion.com/Images/Models/Full/31350-2.jpg,,https://www.dv8fashion.com/Images/Models/Full/31350-3.jpg,Womens,Tops & T-Shirts
https://www.awin1.com/pclick.php?p=41493327678&a=2771700&m=116329,Saint Genies Multi Co-Ord Bandeau - Purple Multi - S,41493327678,213663AWUS,https://www.dv8fashion.com/Images/Models/Full/31355.jpg,Stay on trend with Saint Genies&apos; latest launch...      Multi mesh bandeau with purple and orange details     100% polyester lining&nbsp;     Ruched features     Make it a co-ord with the matching midi skirt!Product Code: P-77530-23--,Strapless Tops,26.95,DV8 Fashion (USA),116329,Women's Tops,204,https://images2.productserve.com/?w=200&h=200&bg=white&trim=5&t=letterbox&url=ssl%3Awww.dv8fashion.com%2FImages%2FModels%2FFull%2F31355.jpg&feedId=102894&k=e18d34267b72e5438d699dce1b3bbed794bf5388,USD,,12.95,https://www.dv8fashion.com/en/Saint-Genies-Multi-Co-Ord-Bandeau---Purple-Multi/m-31355.aspx?PartnerID=4730&utm_source=awin&utm_medium=affiliate&utm_campaign=UnitedStatesUS,,,USD26.95,102894,DV8 Fashion,1,,https://www.dv8fashion.com/Images/Models/Full/31355-1.jpg,https://www.dv8fashion.com/Images/Models/Full/31355-2.jpg,,https://www.dv8fashion.com/Images/Models/Full/31355-3.jpg,Womens,Tops & T-Shirts
https://www.awin1.com/pclick.php?p=41493326078&a=2771700&m=116329,Saint Genies Geo Print Halter Tie Top - Rust - 10,41493326078,219301AWUS,https://www.dv8fashion.com/Images/Models/Full/31929.jpg,The crochet look is here to stay. Get the look with our Saint Genies top...      Mulitcolour detailing     Crochet knitted detailing with Aztec stitching     Crop length with halter neck and tie back fastening Product Code: P-78349-41--,Sleeveless Tops,26.95,DV8 Fashion (USA),116329,Women's Tops,204,https://images2.productserve.com/?w=200&h=200&bg=white&trim=5&t=letterbox&url=ssl%3Awww.dv8fashion.com%2FImages%2FModels%2FFull%2F31929.jpg&feedId=102894&k=c78962a1ee296ae6cb22017667e818e1129db59c,USD,,12.95,https://www.dv8fashion.com/en/Saint-Genies-Geo-Print-Halter-Tie-Top---Rust/m-31929.aspx?PartnerID=4730&utm_source=awin&utm_medium=affiliate&utm_campaign=UnitedStatesUS,,,USD26.95,102894,DV8 Fashion,1,,https://www.dv8fashion.com/Images/Models/Full/31929-1.jpg,https://www.dv8fashion.com/Images/Models/Full/31929-2.jpg,,https://www.dv8fashion.com/Images/Models/Full/31929-3.jpg,Womens,Tops & T-Shirts
https://www.awin1.com/pclick.php?p=41493309848&a=2771700&m=116329,Brave Soul Rib Button Vest Top - Red - XL,41493309848,248216AWUS,https://www.dv8fashion.com/Images/Models/Full/34611.jpg,New season Brave Soul has landed...       Product Type: Top   Neck: Crew neck   Sleeve: Sleeveless   Extra details: Button front         Product Code: P-82682-21--,Sleeveless Tops,19.95,DV8 Fashion (USA),116329,Women's Tops,204,https://images2.productserve.com/?w=200&h=200&bg=white&trim=5&t=letterbox&url=ssl%3Awww.dv8fashion.com%2FImages%2FModels%2FFull%2F34611.jpg&feedId=102894&k=ad4b6895f0377081a5b0c23d95a8b5947fc224cf,USD,,12.95,https://www.dv8fashion.com/en/Brave-Soul-Rib-Button-Vest-Top---Red/m-34611.aspx?PartnerID=4730&utm_source=awin&utm_medium=affiliate&utm_campaign=UnitedStatesUS,,,USD19.95,102894,DV8 Fashion,1,,https://www.dv8fashion.com/Images/Models/Full/34611-1.jpg,https://www.dv8fashion.com/Images/Models/Full/34611-2.jpg,,https://www.dv8fashion.com/Images/Models/Full/34611-3.jpg,Womens,Tops & T-Shirts
https://www.awin1.com/pclick.php?p=41493326222&a=2771700&m=116329,Daisy Street Cut Out Crop Top - Pink - 12,41493326222,215180AWUS,https://www.dv8fashion.com/Images/Models/Full/31530.jpg,A must have summer crop top!      Contrast green detailing     Crop fit     Flower design Product Code: P-77914-38--,Sleeveless Tops,23.95,DV8 Fashion (USA),116329,Women's Tops,204,https://images2.productserve.com/?w=200&h=200&bg=white&trim=5&t=letterbox&url=ssl%3Awww.dv8fashion.com%2FImages%2FModels%2FFull%2F31530.jpg&feedId=102894&k=359d89dc2959da2dd9d6b5339fdccca0802b3f8f,USD,,12.95,https://www.dv8fashion.com/en/Daisy-Street-Cut-Out-Crop-Top---Pink/m-31530.aspx?PartnerID=4730&utm_source=awin&utm_medium=affiliate&utm_campaign=UnitedStatesUS,,,USD23.95,102894,DV8 Fashion,1,,https://www.dv8fashion.com/Images/Models/Full/31530-1.jpg,https://www.dv8fashion.com/Images/Models/Full/31530-2.jpg,,https://www.dv8fashion.com/Images/Models/Full/31530-3.jpg,Womens,Tops & T-Shirts
https://www.awin1.com/pclick.php?p=41811645383&a=2771700&m=116329,Saint Genies Tie Front Sleeveless Top - Chocolate Brown - M,41811645383,251412AWUS,https://www.dv8fashion.com/Images/Models/Full/34914.jpg,Stay on trend in the new season with Saint Genies collection!      Chocolate brown hue     Frill hem detail     Tie front fastening     Cropped length Product Code: P-83065-27--,Sleeveless Tops,39.95,DV8 Fashion (USA),116329,Women's Tops,204,https://images2.productserve.com/?w=200&h=200&bg=white&trim=5&t=letterbox&url=ssl%3Awww.dv8fashion.com%2FImages%2FModels%2FFull%2F34914.jpg&feedId=102894&k=c3ce32ab84d61bd992a773e0c34b5f5dbdd67a6a,USD,,12.95,https://www.dv8fashion.com/en/Saint-Genies-Tie-Front-Sleeveless-Top---Chocolate-Brown/m-34914.aspx?PartnerID=4730&utm_source=awin&utm_medium=affiliate&utm_campaign=UnitedStatesUS,,,USD39.95,102894,DV8 Fashion,1,,https://www.dv8fashion.com/Images/Models/Full/34914-1.jpg,https://www.dv8fashion.com/Images/Models/Full/34914-2.jpg,,https://www.dv8fashion.com/Images/Models/Full/34914-3.jpg,Womens,Tops & T-Shirts
https://www.awin1.com/pclick.php?p=41974459177&a=2771700&m=116329,Only Vicky Lace Singlet - White - L/XL,41974459177,252808AWUS,https://www.dv8fashion.com/Images/Models/Full/35039.jpg,"Look and feel your best in beautiful, soft lingerie for day and night-time      Product Type: Vest top     Straps: Adjustable shoulder straps, Thin straps, Elasticated straps     Length/Size: Cropped     Extra details: Lace detail Product Code: P-83335-11--",Sleeveless Tops,25.95,DV8 Fashion (USA),116329,Women's Tops,204,https://images2.productserve.com/?w=200&h=200&bg=white&trim=5&t=letterbox&url=ssl%3Awww.dv8fashion.com%2FImages%2FModels%2FFull%2F35039.jpg&feedId=102894&k=887aa805312d1603036b79c72bc112cb59517229,USD,,12.95,https://www.dv8fashion.com/en/Only-Vicky-Lace-Singlet---White/m-35039.aspx?PartnerID=4730&utm_source=awin&utm_medium=affiliate&utm_campaign=UnitedStatesUS,,,USD25.95,102894,DV8 Fashion,1,,https://www.dv8fashion.com/Images/Models/Full/35039-1.jpg,https://www.dv8fashion.com/Images/Models/Full/35039-2.jpg,,https://www.dv8fashion.com/Images/Models/Full/35039-3.jpg,Womens,Tops & T-Shirts
https://www.awin1.com/pclick.php?p=41963849311&a=2771700&m=116329,Saint Genies Leopard Halter Neck Top - Brown - XL,41963849311,252559AWUS,https://www.dv8fashion.com/Images/Models/Full/35018.jpg,New season Saint Genies has landed...       Product Type: Top   Neck: Halter neck strap   Sleeve: Sleeveless   Extra details: High neck         Product Code: P-83291-27--,Sleeveless Tops,33.95,DV8 Fashion (USA),116329,Women's Tops,204,https://images2.productserve.com/?w=200&h=200&bg=white&trim=5&t=letterbox&url=ssl%3Awww.dv8fashion.com%2FImages%2FModels%2FFull%2F35018.jpg&feedId=102894&k=0fca893eee7380f9fa1425bf9609f8f14ae2f82f,USD,,12.95,https://www.dv8fashion.com/en/Saint-Genies-Leopard-Halter-Neck-Top---Brown/m-35018.aspx?PartnerID=4730&utm_source=awin&utm_medium=affiliate&utm_campaign=UnitedStatesUS,,,USD33.95,102894,DV8 Fashion,1,,https://www.dv8fashion.com/Images/Models/Full/35018-1.jpg,https://www.dv8fashion.com/Images/Models/Full/35018-2.jpg,,https://www.dv8fashion.com/Images/Models/Full/35018-3.jpg,Womens,Tops & T-Shirts
https://www.awin1.com/pclick.php?p=41893657178&a=2771700&m=116329,Saint Genies Glitter Asymmetric Bandeau Top - Black - L,41893657178,251955AWUS,https://www.dv8fashion.com/Images/Models/Full/34959.jpg,Get new season ready with this bandeau top by Saint Genies. This stunning piece is designed to make you stand out wherever you go      Colour: Black     Details: Asymmetric length     Sleeves: Sleeveless     Product type: Top     Fit: Fitted Product Code: P-83208-10--,Strapless Tops,36.95,DV8 Fashion (USA),116329,Women's Tops,204,https://images2.productserve.com/?w=200&h=200&bg=white&trim=5&t=letterbox&url=ssl%3Awww.dv8fashion.com%2FImages%2FModels%2FFull%2F34959.jpg&feedId=102894&k=0423ca06ce2384feeeccde7464fc6ad167ade62a,USD,,12.95,https://www.dv8fashion.com/en/Saint-Genies-Glitter-Asymmetric-Bandeau-Top---Black/m-34959.aspx?PartnerID=4730&utm_source=awin&utm_medium=affiliate&utm_campaign=UnitedStatesUS,,,USD36.95,102894,DV8 Fashion,1,,https://www.dv8fashion.com/Images/Models/Full/34959-1.jpg,https://www.dv8fashion.com/Images/Models/Full/34959-2.jpg,,https://www.dv8fashion.com/Images/Models/Full/34959-3.jpg,Womens,Tops & T-Shirts
https://www.awin1.com/pclick.php?p=41811645392&a=2771700&m=116329,Saint Genies Lace Detail Sleeveless Top - White - M,41811645392,251313AWUS,https://www.dv8fashion.com/Images/Models/Full/34905.jpg,"Make them stare this season in our beaut lace detail top. Featuring sleeveless style, it&rsquo;s a staple for the upcoming season      White fabric     Fitted     Sleeveless style     Lace detail Product Code: P-82984-11--",Sleeveless Tops,37.95,DV8 Fashion (USA),116329,Women's Tops,204,https://images2.productserve.com/?w=200&h=200&bg=white&trim=5&t=letterbox&url=ssl%3Awww.dv8fashion.com%2FImages%2FModels%2FFull%2F34905.jpg&feedId=102894&k=25a269f27e7c708f7363f7e04b5c19617bea091d,USD,,12.95,https://www.dv8fashion.com/en/Saint-Genies-Lace-Detail-Sleeveless-Top---White/m-34905.aspx?PartnerID=4730&utm_source=awin&utm_medium=affiliate&utm_campaign=UnitedStatesUS,,,USD37.95,102894,DV8 Fashion,1,,https://www.dv8fashion.com/Images/Models/Full/34905-1.jpg,https://www.dv8fashion.com/Images/Models/Full/34905-2.jpg,,https://www.dv8fashion.com/Images/Models/Full/34905-3.jpg,Womens,Tops & T-Shirts
https://www.awin1.com/pclick.php?p=41893657100&a=2771700&m=116329,Saint Genies Crepe Sleeveless Button Top - Charcoal Grey - L,41893657100,251944AWUS,https://www.dv8fashion.com/Images/Models/Full/34958.jpg,New season Saint Genies has landed...      Product Type: Top     Fabric: Crinkle fabric     Details: Button front     Fit: Fitted     Make it a co-ord with a matching trousers Product Code: P-83122-57--,Sleeveless Tops,34.95,DV8 Fashion (USA),116329,Women's Tops,204,https://images2.productserve.com/?w=200&h=200&bg=white&trim=5&t=letterbox&url=ssl%3Awww.dv8fashion.com%2FImages%2FModels%2FFull%2F34958.jpg&feedId=102894&k=78755f11665307be8d959f57927ae89ad7475bcb,USD,,12.95,https://www.dv8fashion.com/en/Saint-Genies-Crepe-Sleeveless-Button-Top---Charcoal-Grey/m-34958.aspx?PartnerID=4730&utm_source=awin&utm_medium=affiliate&utm_campaign=UnitedStatesUS,,,USD34.95,102894,DV8 Fashion,1,,https://www.dv8fashion.com/Images/Models/Full/34958-1.jpg,https://www.dv8fashion.com/Images/Models/Full/34958-2.jpg,,https://www.dv8fashion.com/Images/Models/Full/34958-3.jpg,Womens,Tops & T-Shirts
https://www.awin1.com/pclick.php?p=41963849309&a=2771700&m=116329,Saint Genies Leopard Halter Neck Top - Brown - M,41963849309,252557AWUS,https://www.dv8fashion.com/Images/Models/Full/35018.jpg,New season Saint Genies has landed...       Product Type: Top   Neck: Halter neck strap   Sleeve: Sleeveless   Extra details: High neck         Product Code: P-83291-27--,Sleeveless Tops,33.95,DV8 Fashion (USA),116329,Women's Tops,204,https://images2.productserve.com/?w=200&h=200&bg=white&trim=5&t=letterbox&url=ssl%3Awww.dv8fashion.com%2FImages%2FModels%2FFull%2F35018.jpg&feedId=102894&k=0fca893eee7380f9fa1425bf9609f8f14ae2f82f,USD,,12.95,https://www.dv8fashion.com/en/Saint-Genies-Leopard-Halter-Neck-Top---Brown/m-35018.aspx?PartnerID=4730&utm_source=awin&utm_medium=affiliate&utm_campaign=UnitedStatesUS,,,USD33.95,102894,DV8 Fashion,1,,https://www.dv8fashion.com/Images/Models/Full/35018-1.jpg,https://www.dv8fashion.com/Images/Models/Full/35018-2.jpg,,https://www.dv8fashion.com/Images/Models/Full/35018-3.jpg,Womens,Tops & T-Shirts
https://www.awin1.com/pclick.php?p=41963849317&a=2771700&m=116329,Saint Genies Bandeau Top - Brown - L,41963849317,252638AWUS,https://www.dv8fashion.com/Images/Models/Full/35023.jpg,Get new season ready with this bandeau top by Saint Genies. This stunning piece is designed to make you stand out wherever you go      Colour: Brown     Details: Ruched     Sleeves: Sleeveless     Product type: Top     Fit: Fitted Product Code: P-83294-27--,Sleeveless Tops,28.95,DV8 Fashion (USA),116329,Women's Tops,204,https://images2.productserve.com/?w=200&h=200&bg=white&trim=5&t=letterbox&url=ssl%3Awww.dv8fashion.com%2FImages%2FModels%2FFull%2F35023.jpg&feedId=102894&k=44f60b88683a1ef180afae622bc3cb2a176ef7df,USD,,12.95,https://www.dv8fashion.com/en/Saint-Genies-Bandeau-Top---Brown/m-35023.aspx?PartnerID=4730&utm_source=awin&utm_medium=affiliate&utm_campaign=UnitedStatesUS,,,USD28.95,102894,DV8 Fashion,1,,https://www.dv8fashion.com/Images/Models/Full/35023-1.jpg,https://www.dv8fashion.com/Images/Models/Full/35023-2.jpg,,https://www.dv8fashion.com/Images/Models/Full/35023-3.jpg,Womens,Tops & T-Shirts
https://www.awin1.com/pclick.php?p=41974459206&a=2771700&m=116329,Saint Genies Crop Bow Detail Top - Brown - XL,41974459206,252762AWUS,https://www.dv8fashion.com/Images/Models/Full/35034.jpg,Get new season ready with Saint Genies...      Navy soft touch fabric     Bow detail     Cami strap Product Code: P-83297-27--,Sleeveless Tops,37.95,DV8 Fashion (USA),116329,Women's Tops,204,https://images2.productserve.com/?w=200&h=200&bg=white&trim=5&t=letterbox&url=ssl%3Awww.dv8fashion.com%2FImages%2FModels%2FFull%2F35034.jpg&feedId=102894&k=8ccd346c4211cd524c6a265b36d55cd1c73326c2,USD,,12.95,https://www.dv8fashion.com/en/Saint-Genies-Crop-Bow-Detail-Top---Brown/m-35034.aspx?PartnerID=4730&utm_source=awin&utm_medium=affiliate&utm_campaign=UnitedStatesUS,,,USD37.95,102894,DV8 Fashion,1,,https://www.dv8fashion.com/Images/Models/Full/35034-1.jpg,https://www.dv8fashion.com/Images/Models/Full/35034-2.jpg,,https://www.dv8fashion.com/Images/Models/Full/35034-3.jpg,Womens,Tops & T-Shirts
https://www.awin1.com/pclick.php?p=41493325667&a=2771700&m=116329,Only Love Strap Singlet - White - M,41493325667,237013AWUS,https://www.dv8fashion.com/Images/Models/Full/33555.jpg,"No wardrobe is complete without soft, timeless, basic styles, perfect for any occasion and season      Product Type: Top     Neck: Round Neck     Sleeve: Sleeveless     Fit: Stretch Fit Product Code: P-81021-11--",Sleeveless Tops,16.95,DV8 Fashion (USA),116329,Women's Tops,204,https://images2.productserve.com/?w=200&h=200&bg=white&trim=5&t=letterbox&url=ssl%3Awww.dv8fashion.com%2FImages%2FModels%2FFull%2F33555.jpg&feedId=102894&k=84b4940caefd0c5c5ac8f0c2640ef96598c6b6b4,USD,,12.95,https://www.dv8fashion.com/en/Only-Love-Strap-Singlet---White/m-33555.aspx?PartnerID=4730&utm_source=awin&utm_medium=affiliate&utm_campaign=UnitedStatesUS,,,USD16.95,102894,DV8 Fashion,1,,https://www.dv8fashion.com/Images/Models/Full/33555-1.jpg,https://www.dv8fashion.com/Images/Models/Full/33555-2.jpg,,https://www.dv8fashion.com/Images/Models/Full/33555-3.jpg,Womens,Tops & T-Shirts
https://www.awin1.com/pclick.php?p=41811645382&a=2771700&m=116329,Saint Genies Tie Front Sleeveless Top - Chocolate Brown - L,41811645382,251411AWUS,https://www.dv8fashion.com/Images/Models/Full/34914.jpg,Stay on trend in the new season with Saint Genies collection!      Chocolate brown hue     Frill hem detail     Tie front fastening     Cropped length Product Code: P-83065-27--,Sleeveless Tops,39.95,DV8 Fashion (USA),116329,Women's Tops,204,https://images2.productserve.com/?w=200&h=200&bg=white&trim=5&t=letterbox&url=ssl%3Awww.dv8fashion.com%2FImages%2FModels%2FFull%2F34914.jpg&feedId=102894&k=c3ce32ab84d61bd992a773e0c34b5f5dbdd67a6a,USD,,12.95,https://www.dv8fashion.com/en/Saint-Genies-Tie-Front-Sleeveless-Top---Chocolate-Brown/m-34914.aspx?PartnerID=4730&utm_source=awin&utm_medium=affiliate&utm_campaign=UnitedStatesUS,,,USD39.95,102894,DV8 Fashion,1,,https://www.dv8fashion.com/Images/Models/Full/34914-1.jpg,https://www.dv8fashion.com/Images/Models/Full/34914-2.jpg,,https://www.dv8fashion.com/Images/Models/Full/34914-3.jpg,Womens,Tops & T-Shirts
https://www.awin1.com/pclick.php?p=41811645384&a=2771700&m=116329,Saint Genies Tie Front Sleeveless Top - Chocolate Brown - S,41811645384,251413AWUS,https://www.dv8fashion.com/Images/Models/Full/34914.jpg,Stay on trend in the new season with Saint Genies collection!      Chocolate brown hue     Frill hem detail     Tie front fastening     Cropped length Product Code: P-83065-27--,Sleeveless Tops,39.95,DV8 Fashion (USA),116329,Women's Tops,204,https://images2.productserve.com/?w=200&h=200&bg=white&trim=5&t=letterbox&url=ssl%3Awww.dv8fashion.com%2FImages%2FModels%2FFull%2F34914.jpg&feedId=102894&k=c3ce32ab84d61bd992a773e0c34b5f5dbdd67a6a,USD,,12.95,https://www.dv8fashion.com/en/Saint-Genies-Tie-Front-Sleeveless-Top---Chocolate-Brown/m-34914.aspx?PartnerID=4730&utm_source=awin&utm_medium=affiliate&utm_campaign=UnitedStatesUS,,,USD39.95,102894,DV8 Fashion,1,,https://www.dv8fashion.com/Images/Models/Full/34914-1.jpg,https://www.dv8fashion.com/Images/Models/Full/34914-2.jpg,,https://www.dv8fashion.com/Images/Models/Full/34914-3.jpg,Womens,Tops & T-Shirts
https://www.awin1.com/pclick.php?p=41893657101&a=2771700&m=116329,Saint Genies Crepe Sleeveless Button Top - Charcoal Grey - M,41893657101,251945AWUS,https://www.dv8fashion.com/Images/Models/Full/34958.jpg,New season Saint Genies has landed...      Product Type: Top     Fabric: Crinkle fabric     Details: Button front     Fit: Fitted     Make it a co-ord with a matching trousers Product Code: P-83122-57--,Sleeveless Tops,34.95,DV8 Fashion (USA),116329,Women's Tops,204,https://images2.productserve.com/?w=200&h=200&bg=white&trim=5&t=letterbox&url=ssl%3Awww.dv8fashion.com%2FImages%2FModels%2FFull%2F34958.jpg&feedId=102894&k=78755f11665307be8d959f57927ae89ad7475bcb,USD,,12.95,https://www.dv8fashion.com/en/Saint-Genies-Crepe-Sleeveless-Button-Top---Charcoal-Grey/m-34958.aspx?PartnerID=4730&utm_source=awin&utm_medium=affiliate&utm_campaign=UnitedStatesUS,,,USD34.95,102894,DV8 Fashion,1,,https://www.dv8fashion.com/Images/Models/Full/34958-1.jpg,https://www.dv8fashion.com/Images/Models/Full/34958-2.jpg,,https://www.dv8fashion.com/Images/Models/Full/34958-3.jpg,Womens,Tops & T-Shirts
https://www.awin1.com/pclick.php?p=41974459203&a=2771700&m=116329,Saint Genies Crop Bow Detail Top - Brown - L,41974459203,252759AWUS,https://www.dv8fashion.com/Images/Models/Full/35034.jpg,Get new season ready with Saint Genies...      Navy soft touch fabric     Bow detail     Cami strap Product Code: P-83297-27--,Sleeveless Tops,37.95,DV8 Fashion (USA),116329,Women's Tops,204,https://images2.productserve.com/?w=200&h=200&bg=white&trim=5&t=letterbox&url=ssl%3Awww.dv8fashion.com%2FImages%2FModels%2FFull%2F35034.jpg&feedId=102894&k=8ccd346c4211cd524c6a265b36d55cd1c73326c2,USD,,12.95,https://www.dv8fashion.com/en/Saint-Genies-Crop-Bow-Detail-Top---Brown/m-35034.aspx?PartnerID=4730&utm_source=awin&utm_medium=affiliate&utm_campaign=UnitedStatesUS,,,USD37.95,102894,DV8 Fashion,1,,https://www.dv8fashion.com/Images/Models/Full/35034-1.jpg,https://www.dv8fashion.com/Images/Models/Full/35034-2.jpg,,https://www.dv8fashion.com/Images/Models/Full/35034-3.jpg,Womens,Tops & T-Shirts
https://www.awin1.com/pclick.php?p=41963849318&a=2771700&m=116329,Saint Genies Bandeau Top - Brown - M,41963849318,252639AWUS,https://www.dv8fashion.com/Images/Models/Full/35023.jpg,Get new season ready with this bandeau top by Saint Genies. This stunning piece is designed to make you stand out wherever you go      Colour: Brown     Details: Ruched     Sleeves: Sleeveless     Product type: Top     Fit: Fitted Product Code: P-83294-27--,Sleeveless Tops,28.95,DV8 Fashion (USA),116329,Women's Tops,204,https://images2.productserve.com/?w=200&h=200&bg=white&trim=5&t=letterbox&url=ssl%3Awww.dv8fashion.com%2FImages%2FModels%2FFull%2F35023.jpg&feedId=102894&k=44f60b88683a1ef180afae622bc3cb2a176ef7df,USD,,12.95,https://www.dv8fashion.com/en/Saint-Genies-Bandeau-Top---Brown/m-35023.aspx?PartnerID=4730&utm_source=awin&utm_medium=affiliate&utm_campaign=UnitedStatesUS,,,USD28.95,102894,DV8 Fashion,1,,https://www.dv8fashion.com/Images/Models/Full/35023-1.jpg,https://www.dv8fashion.com/Images/Models/Full/35023-2.jpg,,https://www.dv8fashion.com/Images/Models/Full/35023-3.jpg,Womens,Tops & T-Shirts
https://www.awin1.com/pclick.php?p=41974459181&a=2771700&m=116329,Only Vicky Lace Singlet - Black - L/XL,41974459181,252787AWUS,https://www.dv8fashion.com/Images/Models/Full/35037.jpg,"Look and feel your best in beautiful, soft lingerie for day and night-time      Product Type: Vest top     Straps: Adjustable shoulder straps, Thin straps, Elasticated straps     Length/Size: Cropped     Extra details: Lace detail Product Code: P-83334-10--",Sleeveless Tops,25.95,DV8 Fashion (USA),116329,Women's Tops,204,https://images2.productserve.com/?w=200&h=200&bg=white&trim=5&t=letterbox&url=ssl%3Awww.dv8fashion.com%2FImages%2FModels%2FFull%2F35037.jpg&feedId=102894&k=eaf365f7db858920f099cb76eed463ea7f387f62,USD,,12.95,https://www.dv8fashion.com/en/Only-Vicky-Lace-Singlet---Black/m-35037.aspx?PartnerID=4730&utm_source=awin&utm_medium=affiliate&utm_campaign=UnitedStatesUS,,,USD25.95,102894,DV8 Fashion,1,,https://www.dv8fashion.com/Images/Models/Full/35037-1.jpg,https://www.dv8fashion.com/Images/Models/Full/35037-2.jpg,,https://www.dv8fashion.com/Images/Models/Full/35037-3.jpg,Womens,Tops & T-Shirts
https://www.awin1.com/pclick.php?p=41893657179&a=2771700&m=116329,Saint Genies Glitter Asymmetric Bandeau Top - Black - M,41893657179,251956AWUS,https://www.dv8fashion.com/Images/Models/Full/34959.jpg,Get new season ready with this bandeau top by Saint Genies. This stunning piece is designed to make you stand out wherever you go      Colour: Black     Details: Asymmetric length     Sleeves: Sleeveless     Product type: Top     Fit: Fitted Product Code: P-83208-10--,Strapless Tops,36.95,DV8 Fashion (USA),116329,Women's Tops,204,https://images2.productserve.com/?w=200&h=200&bg=white&trim=5&t=letterbox&url=ssl%3Awww.dv8fashion.com%2FImages%2FModels%2FFull%2F34959.jpg&feedId=102894&k=0423ca06ce2384feeeccde7464fc6ad167ade62a,USD,,12.95,https://www.dv8fashion.com/en/Saint-Genies-Glitter-Asymmetric-Bandeau-Top---Black/m-34959.aspx?PartnerID=4730&utm_source=awin&utm_medium=affiliate&utm_campaign=UnitedStatesUS,,,USD36.95,102894,DV8 Fashion,1,,https://www.dv8fashion.com/Images/Models/Full/34959-1.jpg,https://www.dv8fashion.com/Images/Models/Full/34959-2.jpg,,https://www.dv8fashion.com/Images/Models/Full/34959-3.jpg,Womens,Tops & T-Shirts
https://www.awin1.com/pclick.php?p=41963849310&a=2771700&m=116329,Saint Genies Leopard Halter Neck Top - Brown - S,41963849310,252558AWUS,https://www.dv8fashion.com/Images/Models/Full/35018.jpg,New season Saint Genies has landed...       Product Type: Top   Neck: Halter neck strap   Sleeve: Sleeveless   Extra details: High neck         Product Code: P-83291-27--,Sleeveless Tops,33.95,DV8 Fashion (USA),116329,Women's Tops,204,https://images2.productserve.com/?w=200&h=200&bg=white&trim=5&t=letterbox&url=ssl%3Awww.dv8fashion.com%2FImages%2FModels%2FFull%2F35018.jpg&feedId=102894&k=0fca893eee7380f9fa1425bf9609f8f14ae2f82f,USD,,12.95,https://www.dv8fashion.com/en/Saint-Genies-Leopard-Halter-Neck-Top---Brown/m-35018.aspx?PartnerID=4730&utm_source=awin&utm_medium=affiliate&utm_campaign=UnitedStatesUS,,,USD33.95,102894,DV8 Fashion,1,,https://www.dv8fashion.com/Images/Models/Full/35018-1.jpg,https://www.dv8fashion.com/Images/Models/Full/35018-2.jpg,,https://www.dv8fashion.com/Images/Models/Full/35018-3.jpg,Womens,Tops & T-Shirts
https://www.awin1.com/pclick.php?p=41963849323&a=2771700&m=116329,Saint Genies Devore Co-Ord Top With Lace Trim - Brown - M,41963849323,252535AWUS,https://www.dv8fashion.com/Images/Models/Full/35016.jpg,Devore Tie Detail Crop Top      Tie up bust     Pink lace trims     Seams for detailing     Matching co-ord skirt Product Code: P-83289-27--,Sleeveless Tops,46.95,DV8 Fashion (USA),116329,Women's Tops,204,https://images2.productserve.com/?w=200&h=200&bg=white&trim=5&t=letterbox&url=ssl%3Awww.dv8fashion.com%2FImages%2FModels%2FFull%2F35016.jpg&feedId=102894&k=1e0b92b2016019e3c92f5e713686e1a85253318a,USD,,12.95,https://www.dv8fashion.com/en/Saint-Genies-Devore-Co-Ord-Top-With-Lace-Trim---Brown/m-35016.aspx?PartnerID=4730&utm_source=awin&utm_medium=affiliate&utm_campaign=UnitedStatesUS,,,USD46.95,102894,DV8 Fashion,1,,https://www.dv8fashion.com/Images/Models/Full/35016-1.jpg,https://www.dv8fashion.com/Images/Models/Full/35016-2.jpg,,https://www.dv8fashion.com/Images/Models/Full/35016-3.jpg,Womens,Tops & T-Shirts
https://www.awin1.com/pclick.php?p=41974459196&a=2771700&m=116329,Saint Genies Crop Bow Detail Top - Khaki - XL,41974459196,252685AWUS,https://www.dv8fashion.com/Images/Models/Full/35027.jpg,Get new season ready with Saint Genies...      Green soft touch fabric     Bow detail     Cami strap Product Code: P-83298-43--,Sleeveless Tops,37.95,DV8 Fashion (USA),116329,Women's Tops,204,https://images2.productserve.com/?w=200&h=200&bg=white&trim=5&t=letterbox&url=ssl%3Awww.dv8fashion.com%2FImages%2FModels%2FFull%2F35027.jpg&feedId=102894&k=b96dab201568551371638e681f5303362152c0a0,USD,,12.95,https://www.dv8fashion.com/en/Saint-Genies-Crop-Bow-Detail-Top---Khaki/m-35027.aspx?PartnerID=4730&utm_source=awin&utm_medium=affiliate&utm_campaign=UnitedStatesUS,,,USD37.95,102894,DV8 Fashion,1,,https://www.dv8fashion.com/Images/Models/Full/35027-1.jpg,https://www.dv8fashion.com/Images/Models/Full/35027-2.jpg,,https://www.dv8fashion.com/Images/Models/Full/35027-3.jpg,Womens,Tops & T-Shirts
https://www.awin1.com/pclick.php?p=41974459178&a=2771700&m=116329,Only Vicky Lace Singlet - White - M/L,41974459178,252809AWUS,https://www.dv8fashion.com/Images/Models/Full/35039.jpg,"Look and feel your best in beautiful, soft lingerie for day and night-time      Product Type: Vest top     Straps: Adjustable shoulder straps, Thin straps, Elasticated straps     Length/Size: Cropped     Extra details: Lace detail Product Code: P-83335-11--",Sleeveless Tops,25.95,DV8 Fashion (USA),116329,Women's Tops,204,https://images2.productserve.com/?w=200&h=200&bg=white&trim=5&t=letterbox&url=ssl%3Awww.dv8fashion.com%2FImages%2FModels%2FFull%2F35039.jpg&feedId=102894&k=887aa805312d1603036b79c72bc112cb59517229,USD,,12.95,https://www.dv8fashion.com/en/Only-Vicky-Lace-Singlet---White/m-35039.aspx?PartnerID=4730&utm_source=awin&utm_medium=affiliate&utm_campaign=UnitedStatesUS,,,USD25.95,102894,DV8 Fashion,1,,https://www.dv8fashion.com/Images/Models/Full/35039-1.jpg,https://www.dv8fashion.com/Images/Models/Full/35039-2.jpg,,https://www.dv8fashion.com/Images/Models/Full/35039-3.jpg,Womens,Tops & T-Shirts
https://www.awin1.com/pclick.php?p=41963849308&a=2771700&m=116329,Saint Genies Leopard Halter Neck Top - Brown - L,41963849308,252556AWUS,https://www.dv8fashion.com/Images/Models/Full/35018.jpg,New season Saint Genies has landed...       Product Type: Top   Neck: Halter neck strap   Sleeve: Sleeveless   Extra details: High neck         Product Code: P-83291-27--,Sleeveless Tops,33.95,DV8 Fashion (USA),116329,Women's Tops,204,https://images2.productserve.com/?w=200&h=200&bg=white&trim=5&t=letterbox&url=ssl%3Awww.dv8fashion.com%2FImages%2FModels%2FFull%2F35018.jpg&feedId=102894&k=0fca893eee7380f9fa1425bf9609f8f14ae2f82f,USD,,12.95,https://www.dv8fashion.com/en/Saint-Genies-Leopard-Halter-Neck-Top---Brown/m-35018.aspx?PartnerID=4730&utm_source=awin&utm_medium=affiliate&utm_campaign=UnitedStatesUS,,,USD33.95,102894,DV8 Fashion,1,,https://www.dv8fashion.com/Images/Models/Full/35018-1.jpg,https://www.dv8fashion.com/Images/Models/Full/35018-2.jpg,,https://www.dv8fashion.com/Images/Models/Full/35018-3.jpg,Womens,Tops & T-Shirts
https://www.awin1.com/pclick.php?p=41963849320&a=2771700&m=116329,Saint Genies Bandeau Top - Brown - XL,41963849320,252641AWUS,https://www.dv8fashion.com/Images/Models/Full/35023.jpg,Get new season ready with this bandeau top by Saint Genies. This stunning piece is designed to make you stand out wherever you go      Colour: Brown     Details: Ruched     Sleeves: Sleeveless     Product type: Top     Fit: Fitted Product Code: P-83294-27--,Sleeveless Tops,28.95,DV8 Fashion (USA),116329,Women's Tops,204,https://images2.productserve.com/?w=200&h=200&bg=white&trim=5&t=letterbox&url=ssl%3Awww.dv8fashion.com%2FImages%2FModels%2FFull%2F35023.jpg&feedId=102894&k=44f60b88683a1ef180afae622bc3cb2a176ef7df,USD,,12.95,https://www.dv8fashion.com/en/Saint-Genies-Bandeau-Top---Brown/m-35023.aspx?PartnerID=4730&utm_source=awin&utm_medium=affiliate&utm_campaign=UnitedStatesUS,,,USD28.95,102894,DV8 Fashion,1,,https://www.dv8fashion.com/Images/Models/Full/35023-1.jpg,https://www.dv8fashion.com/Images/Models/Full/35023-2.jpg,,https://www.dv8fashion.com/Images/Models/Full/35023-3.jpg,Womens,Tops & T-Shirts
https://www.awin1.com/pclick.php?p=41493325663&a=2771700&m=116329,Only Love Strap Singlet - Black - S,41493325663,236879AWUS,https://www.dv8fashion.com/Images/Models/Full/33541.jpg,"No wardrobe is complete without soft, timeless, basic styles, perfect for any occasion and season      Product Type: Top     Neck: Round Neck     Sleeve: Sleeveless     Fit: Stretch Fit Product Code: P-81022-10--",Sleeveless Tops,16.95,DV8 Fashion (USA),116329,Women's Tops,204,https://images2.productserve.com/?w=200&h=200&bg=white&trim=5&t=letterbox&url=ssl%3Awww.dv8fashion.com%2FImages%2FModels%2FFull%2F33541.jpg&feedId=102894&k=e9492bbece03ebda5d8977da63a78222eebaee93,USD,,12.95,https://www.dv8fashion.com/en/Only-Love-Strap-Singlet---Black/m-33541.aspx?PartnerID=4730&utm_source=awin&utm_medium=affiliate&utm_campaign=UnitedStatesUS,,,USD16.95,102894,DV8 Fashion,1,,https://www.dv8fashion.com/Images/Models/Full/33541-1.jpg,https://www.dv8fashion.com/Images/Models/Full/33541-2.jpg,,https://www.dv8fashion.com/Images/Models/Full/33541-3.jpg,Womens,Tops & T-Shirts
https://www.awin1.com/pclick.php?p=42072762688&a=2771700&m=116329,Only Evelyn Top - Winetasting - L,42072762688,253290AWUS,https://www.dv8fashion.com/Images/Models/Full/35083.jpg,"No wardrobe is complete without soft, timeless, basic styles, perfect for any occasion and season. Jersey is a soft, stretchy material designed for maximum comfort      Product Type: Top     Neck: Round Neck     Sleeve: Sleeveless     Extra details: Ruching detail     Fit: Slim Fit     Attachment comp: Polyester     Lifestyle: Business, Festival , Formal, Leisure, Party Product Code: P-83395-20--",Sleeveless Tops,28.95,DV8 Fashion (USA),116329,Women's Tops,204,https://images2.productserve.com/?w=200&h=200&bg=white&trim=5&t=letterbox&url=ssl%3Awww.dv8fashion.com%2FImages%2FModels%2FFull%2F35083.jpg&feedId=102894&k=7d5e09645b476d0ab2a691978a38450166656552,USD,,12.95,https://www.dv8fashion.com/en/Only-Evelyn-Top---Winetasting/m-35083.aspx?PartnerID=4730&utm_source=awin&utm_medium=affiliate&utm_campaign=UnitedStatesUS,,,USD28.95,102894,DV8 Fashion,1,,https://www.dv8fashion.com/Images/Models/Full/35083-1.jpg,https://www.dv8fashion.com/Images/Models/Full/35083-2.jpg,,https://www.dv8fashion.com/Images/Models/Full/35083-3.jpg,Womens,Tops & T-Shirts
https://www.awin1.com/pclick.php?p=42212849265&a=2771700&m=116329,Saint Genies Crop Bow Detail Top - Navy - XL,42212849265,249981AWUS,https://www.dv8fashion.com/Images/Models/Full/34783.jpg,Get new season ready with Saint Genies...      Navy soft touch fabric     Bow detail     Cami strap Product Code: P-82772-12--,Sleeveless Tops,36.95,DV8 Fashion (USA),116329,Women's Tops,204,https://images2.productserve.com/?w=200&h=200&bg=white&trim=5&t=letterbox&url=ssl%3Awww.dv8fashion.com%2FImages%2FModels%2FFull%2F34783.jpg&feedId=102894&k=7ba023033769dd4ee9bb1aadfe86478d1472ccd1,USD,,12.95,https://www.dv8fashion.com/en/Saint-Genies-Crop-Bow-Detail-Top---Navy/m-34783.aspx?PartnerID=4730&utm_source=awin&utm_medium=affiliate&utm_campaign=UnitedStatesUS,,,USD36.95,102894,DV8 Fashion,1,,https://www.dv8fashion.com/Images/Models/Full/34783-1.jpg,https://www.dv8fashion.com/Images/Models/Full/34783-2.jpg,,https://www.dv8fashion.com/Images/Models/Full/34783-3.jpg,Womens,Tops & T-Shirts
https://www.awin1.com/pclick.php?p=41893657102&a=2771700&m=116329,Saint Genies Crepe Sleeveless Button Top - Charcoal Grey - XL,41893657102,251947AWUS,https://www.dv8fashion.com/Images/Models/Full/34958.jpg,New season Saint Genies has landed...      Product Type: Top     Fabric: Crinkle fabric     Details: Button front     Fit: Fitted     Make it a co-ord with a matching trousers Product Code: P-83122-57--,Sleeveless Tops,34.95,DV8 Fashion (USA),116329,Women's Tops,204,https://images2.productserve.com/?w=200&h=200&bg=white&trim=5&t=letterbox&url=ssl%3Awww.dv8fashion.com%2FImages%2FModels%2FFull%2F34958.jpg&feedId=102894&k=78755f11665307be8d959f57927ae89ad7475bcb,USD,,12.95,https://www.dv8fashion.com/en/Saint-Genies-Crepe-Sleeveless-Button-Top---Charcoal-Grey/m-34958.aspx?PartnerID=4730&utm_source=awin&utm_medium=affiliate&utm_campaign=UnitedStatesUS,,,USD34.95,102894,DV8 Fashion,1,,https://www.dv8fashion.com/Images/Models/Full/34958-1.jpg,https://www.dv8fashion.com/Images/Models/Full/34958-2.jpg,,https://www.dv8fashion.com/Images/Models/Full/34958-3.jpg,Womens,Tops & T-Shirts
https://www.awin1.com/pclick.php?p=41974459193&a=2771700&m=116329,Saint Genies Crop Bow Detail Top - Khaki - L,41974459193,252682AWUS,https://www.dv8fashion.com/Images/Models/Full/35027.jpg,Get new season ready with Saint Genies...      Green soft touch fabric     Bow detail     Cami strap Product Code: P-83298-43--,Sleeveless Tops,37.95,DV8 Fashion (USA),116329,Women's Tops,204,https://images2.productserve.com/?w=200&h=200&bg=white&trim=5&t=letterbox&url=ssl%3Awww.dv8fashion.com%2FImages%2FModels%2FFull%2F35027.jpg&feedId=102894&k=b96dab201568551371638e681f5303362152c0a0,USD,,12.95,https://www.dv8fashion.com/en/Saint-Genies-Crop-Bow-Detail-Top---Khaki/m-35027.aspx?PartnerID=4730&utm_source=awin&utm_medium=affiliate&utm_campaign=UnitedStatesUS,,,USD37.95,102894,DV8 Fashion,1,,https://www.dv8fashion.com/Images/Models/Full/35027-1.jpg,https://www.dv8fashion.com/Images/Models/Full/35027-2.jpg,,https://www.dv8fashion.com/Images/Models/Full/35027-3.jpg,Womens,Tops & T-Shirts
https://www.awin1.com/pclick.php?p=42258903478&a=2771700&m=116329,Only Vilma S/L Cropped Tank Top - Spring Bouquet - XL,42258903478,211676AWUS,https://www.dv8fashion.com/Images/Models/Full/31167.jpg,Casual and easy all day wear      Product Type: Tank top     Neck: Round Neck     Sleeve: Sleeveless     Length/Size: Cropped     Fit: Slim Fit Product Code: P-77067-45--,Sleeveless Tops,16.95,DV8 Fashion (USA),116329,Women's Tops,204,https://images2.productserve.com/?w=200&h=200&bg=white&trim=5&t=letterbox&url=ssl%3Awww.dv8fashion.com%2FImages%2FModels%2FFull%2F31167.jpg&feedId=102894&k=e0f6246336032617d802d7eed17aa9febcecef9f,USD,,12.95,https://www.dv8fashion.com/en/Only-Vilma-SL-Cropped-Tank-Top---Spring-Bouquet/m-31167.aspx?PartnerID=4730&utm_source=awin&utm_medium=affiliate&utm_campaign=UnitedStatesUS,,,USD16.95,102894,DV8 Fashion,1,,https://www.dv8fashion.com/Images/Models/Full/31167-1.jpg,https://www.dv8fashion.com/Images/Models/Full/31167-2.jpg,,https://www.dv8fashion.com/Images/Models/Full/31167-3.jpg,Womens,Tops & T-Shirts
https://www.awin1.com/pclick.php?p=41963849322&a=2771700&m=116329,Saint Genies Devore Co-Ord Top With Lace Trim - Brown - L,41963849322,252534AWUS,https://www.dv8fashion.com/Images/Models/Full/35016.jpg,Devore Tie Detail Crop Top      Tie up bust     Pink lace trims     Seams for detailing     Matching co-ord skirt Product Code: P-83289-27--,Sleeveless Tops,46.95,DV8 Fashion (USA),116329,Women's Tops,204,https://images2.productserve.com/?w=200&h=200&bg=white&trim=5&t=letterbox&url=ssl%3Awww.dv8fashion.com%2FImages%2FModels%2FFull%2F35016.jpg&feedId=102894&k=1e0b92b2016019e3c92f5e713686e1a85253318a,USD,,12.95,https://www.dv8fashion.com/en/Saint-Genies-Devore-Co-Ord-Top-With-Lace-Trim---Brown/m-35016.aspx?PartnerID=4730&utm_source=awin&utm_medium=affiliate&utm_campaign=UnitedStatesUS,,,USD46.95,102894,DV8 Fashion,1,,https://www.dv8fashion.com/Images/Models/Full/35016-1.jpg,https://www.dv8fashion.com/Images/Models/Full/35016-2.jpg,,https://www.dv8fashion.com/Images/Models/Full/35016-3.jpg,Womens,Tops & T-Shirts
https://www.awin1.com/pclick.php?p=41493326008&a=2771700&m=116329,Saint Genies Lace Corset Top - White - 14,41493326008,247570AWUS,https://www.dv8fashion.com/Images/Models/Full/34544.jpg,Elevate your weekend style with our stunning lace corset by Saint Genies...      Lace fabric     Tie detailing     Back zip fastening     Bow on front     Adjustable straps Product Code: P-82575-11--,Sleeveless Tops,43.95,DV8 Fashion (USA),116329,Women's Tops,204,https://images2.productserve.com/?w=200&h=200&bg=white&trim=5&t=letterbox&url=ssl%3Awww.dv8fashion.com%2FImages%2FModels%2FFull%2F34544.jpg&feedId=102894&k=00fc99fcb1aa15019a39336951ac746a88fb5aa0,USD,,12.95,https://www.dv8fashion.com/en/Saint-Genies-Lace-Corset-Top---White/m-34544.aspx?PartnerID=4730&utm_source=awin&utm_medium=affiliate&utm_campaign=UnitedStatesUS,,,USD43.95,102894,DV8 Fashion,1,,https://www.dv8fashion.com/Images/Models/Full/34544-1.jpg,https://www.dv8fashion.com/Images/Models/Full/34544-2.jpg,,https://www.dv8fashion.com/Images/Models/Full/34544-3.jpg,Womens,Tops & T-Shirts
https://www.awin1.com/pclick.php?p=41974459179&a=2771700&m=116329,Only Vicky Lace Singlet - White - S/M,41974459179,252810AWUS,https://www.dv8fashion.com/Images/Models/Full/35039.jpg,"Look and feel your best in beautiful, soft lingerie for day and night-time      Product Type: Vest top     Straps: Adjustable shoulder straps, Thin straps, Elasticated straps     Length/Size: Cropped     Extra details: Lace detail Product Code: P-83335-11--",Sleeveless Tops,25.95,DV8 Fashion (USA),116329,Women's Tops,204,https://images2.productserve.com/?w=200&h=200&bg=white&trim=5&t=letterbox&url=ssl%3Awww.dv8fashion.com%2FImages%2FModels%2FFull%2F35039.jpg&feedId=102894&k=887aa805312d1603036b79c72bc112cb59517229,USD,,12.95,https://www.dv8fashion.com/en/Only-Vicky-Lace-Singlet---White/m-35039.aspx?PartnerID=4730&utm_source=awin&utm_medium=affiliate&utm_campaign=UnitedStatesUS,,,USD25.95,102894,DV8 Fashion,1,,https://www.dv8fashion.com/Images/Models/Full/35039-1.jpg,https://www.dv8fashion.com/Images/Models/Full/35039-2.jpg,,https://www.dv8fashion.com/Images/Models/Full/35039-3.jpg,Womens,Tops & T-Shirts
https://www.awin1.com/pclick.php?p=42072762691&a=2771700&m=116329,Only Evelyn Top - Winetasting - XL,42072762691,253293AWUS,https://www.dv8fashion.com/Images/Models/Full/35083.jpg,"No wardrobe is complete without soft, timeless, basic styles, perfect for any occasion and season. Jersey is a soft, stretchy material designed for maximum comfort      Product Type: Top     Neck: Round Neck     Sleeve: Sleeveless     Extra details: Ruching detail     Fit: Slim Fit     Attachment comp: Polyester     Lifestyle: Business, Festival , Formal, Leisure, Party Product Code: P-83395-20--",Sleeveless Tops,28.95,DV8 Fashion (USA),116329,Women's Tops,204,https://images2.productserve.com/?w=200&h=200&bg=white&trim=5&t=letterbox&url=ssl%3Awww.dv8fashion.com%2FImages%2FModels%2FFull%2F35083.jpg&feedId=102894&k=7d5e09645b476d0ab2a691978a38450166656552,USD,,12.95,https://www.dv8fashion.com/en/Only-Evelyn-Top---Winetasting/m-35083.aspx?PartnerID=4730&utm_source=awin&utm_medium=affiliate&utm_campaign=UnitedStatesUS,,,USD28.95,102894,DV8 Fashion,1,,https://www.dv8fashion.com/Images/Models/Full/35083-1.jpg,https://www.dv8fashion.com/Images/Models/Full/35083-2.jpg,,https://www.dv8fashion.com/Images/Models/Full/35083-3.jpg,Womens,Tops & T-Shirts
https://www.awin1.com/pclick.php?p=41643854269&a=2771700&m=116329,Saint Genies Halter Zip Top - Cream Stripe - L,41643854269,250294AWUS,https://www.dv8fashion.com/Images/Models/Full/34815.jpg,New season Saint Genies has landed...      Product Type: Top     Neck: Halter neck strap     Sleeve: Sleeveless     Extra details: Zip front Product Code: P-82903-26--,Sleeveless Tops,40.95,DV8 Fashion (USA),116329,Women's Tops,204,https://images2.productserve.com/?w=200&h=200&bg=white&trim=5&t=letterbox&url=ssl%3Awww.dv8fashion.com%2FImages%2FModels%2FFull%2F34815.jpg&feedId=102894&k=e819bf7dd4d1fca58ff0818a3216324dbe317d64,USD,,12.95,https://www.dv8fashion.com/en/Saint-Genies-Halter-Zip-Top---Cream-Stripe/m-34815.aspx?PartnerID=4730&utm_source=awin&utm_medium=affiliate&utm_campaign=UnitedStatesUS,,,USD40.95,102894,DV8 Fashion,1,,https://www.dv8fashion.com/Images/Models/Full/34815-1.jpg,https://www.dv8fashion.com/Images/Models/Full/34815-2.jpg,,https://www.dv8fashion.com/Images/Models/Full/34815-3.jpg,Womens,Tops & T-Shirts
https://www.awin1.com/pclick.php?p=42037739283&a=2771700&m=116329,Saint Genies Sequin Tie Front Top - Silver - L,42037739283,253144AWUS,https://www.dv8fashion.com/Images/Models/Full/35070.jpg,Stay on trend in the new season with Saint Genies collection!      All over sequin fabric     Tie front fastening     Sleeveless style Product Code: P-83351-13--,Sleeveless Tops,43.95,DV8 Fashion (USA),116329,Women's Tops,204,https://images2.productserve.com/?w=200&h=200&bg=white&trim=5&t=letterbox&url=ssl%3Awww.dv8fashion.com%2FImages%2FModels%2FFull%2F35070.jpg&feedId=102894&k=0c67530b15cf6c1f4ceecb301828c33aac71872d,USD,,12.95,https://www.dv8fashion.com/en/Saint-Genies-Sequin-Tie-Front-Top---Silver/m-35070.aspx?PartnerID=4730&utm_source=awin&utm_medium=affiliate&utm_campaign=UnitedStatesUS,,,USD43.95,102894,DV8 Fashion,1,,https://www.dv8fashion.com/Images/Models/Full/35070-1.jpg,https://www.dv8fashion.com/Images/Models/Full/35070-2.jpg,,https://www.dv8fashion.com/Images/Models/Full/35070-3.jpg,Womens,Tops & T-Shirts
https://www.awin1.com/pclick.php?p=42037739286&a=2771700&m=116329,Saint Genies Sequin Tie Front Top - Silver - XL,42037739286,253147AWUS,https://www.dv8fashion.com/Images/Models/Full/35070.jpg,Stay on trend in the new season with Saint Genies collection!      All over sequin fabric     Tie front fastening     Sleeveless style Product Code: P-83351-13--,Sleeveless Tops,43.95,DV8 Fashion (USA),116329,Women's Tops,204,https://images2.productserve.com/?w=200&h=200&bg=white&trim=5&t=letterbox&url=ssl%3Awww.dv8fashion.com%2FImages%2FModels%2FFull%2F35070.jpg&feedId=102894&k=0c67530b15cf6c1f4ceecb301828c33aac71872d,USD,,12.95,https://www.dv8fashion.com/en/Saint-Genies-Sequin-Tie-Front-Top---Silver/m-35070.aspx?PartnerID=4730&utm_source=awin&utm_medium=affiliate&utm_campaign=UnitedStatesUS,,,USD43.95,102894,DV8 Fashion,1,,https://www.dv8fashion.com/Images/Models/Full/35070-1.jpg,https://www.dv8fashion.com/Images/Models/Full/35070-2.jpg,,https://www.dv8fashion.com/Images/Models/Full/35070-3.jpg,Womens,Tops & T-Shirts
https://www.awin1.com/pclick.php?p=41493325844&a=2771700&m=116329,Pieces Sastina Cropped Top - Cloud Dancer - S,41493325844,248016AWUS,https://www.dv8fashion.com/Images/Models/Full/34593.jpg,"Embrace the heat. The styles for summer are lightweight, flowy, and comfortable with a flattering and feminine touch. Cotton fabric is a natural and comfortable fabric       Product Type: Blouse   Neck: V-Neck   Sleeve: Sleeveless   Length/Size: Cropped   Extra details: Drawstring detail   Fit: Regular Fit         Product Code: P-82665-11--",Sleeveless Tops,36.95,DV8 Fashion (USA),116329,Women's Tops,204,https://images2.productserve.com/?w=200&h=200&bg=white&trim=5&t=letterbox&url=ssl%3Awww.dv8fashion.com%2FImages%2FModels%2FFull%2F34593.jpg&feedId=102894&k=dc432c5973f100b492f00bc2358d3612ebcb943c,USD,,12.95,https://www.dv8fashion.com/en/Pieces-Sastina-Cropped-Top---Cloud-Dancer/m-34593.aspx?PartnerID=4730&utm_source=awin&utm_medium=affiliate&utm_campaign=UnitedStatesUS,,,USD36.95,102894,DV8 Fashion,1,,https://www.dv8fashion.com/Images/Models/Full/34593-1.jpg,https://www.dv8fashion.com/Images/Models/Full/34593-2.jpg,,https://www.dv8fashion.com/Images/Models/Full/34593-3.jpg,Womens,Tops & T-Shirts
https://www.awin1.com/pclick.php?p=41493326212&a=2771700&m=116329,Daisy Street Devore Tie Detail Co-Ord Crop Top - Dark Pink - 12,41493326212,220271AWUS,https://www.dv8fashion.com/Images/Models/Full/32015.jpg,Devore Tie Detail Crop Top      Tie up bust     White lace trims     Seams for detailing     Matching co-ord skirt Product Code: P-78621-21--,Sleeveless Tops,46.95,DV8 Fashion (USA),116329,Women's Tops,204,https://images2.productserve.com/?w=200&h=200&bg=white&trim=5&t=letterbox&url=ssl%3Awww.dv8fashion.com%2FImages%2FModels%2FFull%2F32015.jpg&feedId=102894&k=ec8c303ed21659c905b2180384d16f6ab54b686e,USD,,12.95,https://www.dv8fashion.com/en/Daisy-Street-Devore-Tie-Detail-Co-Ord-Crop-Top---Dark-Pink/m-32015.aspx?PartnerID=4730&utm_source=awin&utm_medium=affiliate&utm_campaign=UnitedStatesUS,,,USD46.95,102894,DV8 Fashion,1,,https://www.dv8fashion.com/Images/Models/Full/32015-1.jpg,https://www.dv8fashion.com/Images/Models/Full/32015-2.jpg,,https://www.dv8fashion.com/Images/Models/Full/32015-3.jpg,Womens,Tops & T-Shirts
https://www.awin1.com/pclick.php?p=41524245797&a=2771700&m=116329,Brave Soul Glitter Front Tie Top - Taupe Gold - L,41524245797,249190AWUS,https://www.dv8fashion.com/Images/Models/Full/34711.jpg,New season Brave Soul has landed...      Product Type: Top     Sleeve: Sleeveless     Extra details: Tie front detail Product Code: P-82818-52--,Sleeveless Tops,26.95,DV8 Fashion (USA),116329,Women's Tops,204,https://images2.productserve.com/?w=200&h=200&bg=white&trim=5&t=letterbox&url=ssl%3Awww.dv8fashion.com%2FImages%2FModels%2FFull%2F34711.jpg&feedId=102894&k=99ccfa26a5f5c8d46a3e190b1071730533ad4e13,USD,,12.95,https://www.dv8fashion.com/en/Brave-Soul-Glitter-Front-Tie-Top---Taupe-Gold/m-34711.aspx?PartnerID=4730&utm_source=awin&utm_medium=affiliate&utm_campaign=UnitedStatesUS,,,USD26.95,102894,DV8 Fashion,1,,https://www.dv8fashion.com/Images/Models/Full/34711-1.jpg,https://www.dv8fashion.com/Images/Models/Full/34711-2.jpg,,https://www.dv8fashion.com/Images/Models/Full/34711-3.jpg,Womens,Tops & T-Shirts
https://www.awin1.com/pclick.php?p=41493326151&a=2771700&m=116329,Dickies Running Wild Top - Brown - XS,41493326151,240200AWUS,https://www.dv8fashion.com/Images/Models/Full/33848.jpg,"Made from a new summer twill fabric with comfort drape, the Running Wild top is a fitted sleeveless tank top with an all-over wild horse print. Bold and clean, this sleeveless top offers a comfortable feel along with unique artwork and fabrication      Sleeveless style     Crew Neckline     Woven Label     Slim fit Product Code: P-81447-35--",Sleeveless Tops,46.95,DV8 Fashion (USA),116329,Women's Tops,204,https://images2.productserve.com/?w=200&h=200&bg=white&trim=5&t=letterbox&url=ssl%3Awww.dv8fashion.com%2FImages%2FModels%2FFull%2F33848.jpg&feedId=102894&k=480e35ae8859fefb7d6667c1fad46aa56581cae2,USD,,12.95,https://www.dv8fashion.com/en/Dickies-Running-Wild-Top---Brown/m-33848.aspx?PartnerID=4730&utm_source=awin&utm_medium=affiliate&utm_campaign=UnitedStatesUS,,,USD46.95,102894,DV8 Fashion,1,,https://www.dv8fashion.com/Images/Models/Full/33848-1.jpg,https://www.dv8fashion.com/Images/Models/Full/33848-2.jpg,,https://www.dv8fashion.com/Images/Models/Full/33848-3.jpg,Womens,Tops & T-Shirts
https://www.awin1.com/pclick.php?p=41493326101&a=2771700&m=116329,Saint Genies Square Neck Top - White - XL,41493326101,238515AWUS,https://www.dv8fashion.com/Images/Models/Full/33694.jpg,Update your wardrobe with Saint Genies...       Square neck top   Plain hue style with embroidery detail on the front   Zip fastening   Crop top         Product Code: P-81223-11--,Sleeveless Tops,39.95,DV8 Fashion (USA),116329,Women's Tops,204,https://images2.productserve.com/?w=200&h=200&bg=white&trim=5&t=letterbox&url=ssl%3Awww.dv8fashion.com%2FImages%2FModels%2FFull%2F33694.jpg&feedId=102894&k=541f9739f0489f68b1a14b28188bc0c8f081bb00,USD,,12.95,https://www.dv8fashion.com/en/Saint-Genies-Square-Neck-Top---White/m-33694.aspx?PartnerID=4730&utm_source=awin&utm_medium=affiliate&utm_campaign=UnitedStatesUS,,,USD39.95,102894,DV8 Fashion,1,,https://www.dv8fashion.com/Images/Models/Full/33694-1.jpg,https://www.dv8fashion.com/Images/Models/Full/33694-2.jpg,,https://www.dv8fashion.com/Images/Models/Full/33694-3.jpg,Womens,Tops & T-Shirts
https://www.awin1.com/pclick.php?p=41493326096&a=2771700&m=116329,Saint Genies Sequin Frill Top - Rose Pink - XL,41493326096,238592AWUS,https://www.dv8fashion.com/Images/Models/Full/33701.jpg,Jeans and a nice top? We got you!      Sequins     Frill detailing     Tie front     Mesh fabric Product Code: P-81222-38--,Sleeveless Tops,43.95,DV8 Fashion (USA),116329,Women's Tops,204,https://images2.productserve.com/?w=200&h=200&bg=white&trim=5&t=letterbox&url=ssl%3Awww.dv8fashion.com%2FImages%2FModels%2FFull%2F33701.jpg&feedId=102894&k=237e9a2c7348f360e21c515c3ba26332df7ef2bb,USD,,12.95,https://www.dv8fashion.com/en/Saint-Genies-Sequin-Frill-Top---Rose-Pink/m-33701.aspx?PartnerID=4730&utm_source=awin&utm_medium=affiliate&utm_campaign=UnitedStatesUS,,,USD43.95,102894,DV8 Fashion,1,,https://www.dv8fashion.com/Images/Models/Full/33701-1.jpg,https://www.dv8fashion.com/Images/Models/Full/33701-2.jpg,,https://www.dv8fashion.com/Images/Models/Full/33701-3.jpg,Womens,Tops & T-Shirts
https://www.awin1.com/pclick.php?p=41493326158&a=2771700&m=116329,Tiffosi Ribbed Tank Top - Red - S,41493326158,240187AWUS,https://www.dv8fashion.com/Images/Models/Full/33847.jpg,"No wardrobe is complete without soft, timeless, basic styles, perfect for any occasion and season      Product Type: Top     Neck: Round Neck     Sleeve: Sleeveless     Fit: Stretch Fit Product Code: P-81310-21--",Sleeveless Tops,28.95,DV8 Fashion (USA),116329,Women's Tops,204,https://images2.productserve.com/?w=200&h=200&bg=white&trim=5&t=letterbox&url=ssl%3Awww.dv8fashion.com%2FImages%2FModels%2FFull%2F33847.jpg&feedId=102894&k=ec32f5a83439a0b963aae1218975323e7c35104b,USD,,12.95,https://www.dv8fashion.com/en/Tiffosi-Ribbed-Tank-Top---Red/m-33847.aspx?PartnerID=4730&utm_source=awin&utm_medium=affiliate&utm_campaign=UnitedStatesUS,,,USD28.95,102894,DV8 Fashion,1,,https://www.dv8fashion.com/Images/Models/Full/33847-1.jpg,https://www.dv8fashion.com/Images/Models/Full/33847-2.jpg,,https://www.dv8fashion.com/Images/Models/Full/33847-3.jpg,Womens,Tops & T-Shirts
https://www.awin1.com/pclick.php?p=41493326149&a=2771700&m=116329,Dickies Running Wild Top - Brown - S,41493326149,240198AWUS,https://www.dv8fashion.com/Images/Models/Full/33848.jpg,"Made from a new summer twill fabric with comfort drape, the Running Wild top is a fitted sleeveless tank top with an all-over wild horse print. Bold and clean, this sleeveless top offers a comfortable feel along with unique artwork and fabrication      Sleeveless style     Crew Neckline     Woven Label     Slim fit Product Code: P-81447-35--",Sleeveless Tops,46.95,DV8 Fashion (USA),116329,Women's Tops,204,https://images2.productserve.com/?w=200&h=200&bg=white&trim=5&t=letterbox&url=ssl%3Awww.dv8fashion.com%2FImages%2FModels%2FFull%2F33848.jpg&feedId=102894&k=480e35ae8859fefb7d6667c1fad46aa56581cae2,USD,,12.95,https://www.dv8fashion.com/en/Dickies-Running-Wild-Top---Brown/m-33848.aspx?PartnerID=4730&utm_source=awin&utm_medium=affiliate&utm_campaign=UnitedStatesUS,,,USD46.95,102894,DV8 Fashion,1,,https://www.dv8fashion.com/Images/Models/Full/33848-1.jpg,https://www.dv8fashion.com/Images/Models/Full/33848-2.jpg,,https://www.dv8fashion.com/Images/Models/Full/33848-3.jpg,Womens,Tops & T-Shirts
https://www.awin1.com/pclick.php?p=41493326164&a=2771700&m=116329,Tiffosi Ribbed Top - Red - XL,41493326164,239115AWUS,https://www.dv8fashion.com/Images/Models/Full/33751.jpg,"No wardrobe is complete without soft, timeless, basic styles, perfect for any occasion and season      Product Type: Top     Neck: Round Neck     Sleeve: Sleeveless     Fit: Stretch Fit Product Code: P-81308-21--",Sleeveless Tops,28.95,DV8 Fashion (USA),116329,Women's Tops,204,https://images2.productserve.com/?w=200&h=200&bg=white&trim=5&t=letterbox&url=ssl%3Awww.dv8fashion.com%2FImages%2FModels%2FFull%2F33751.jpg&feedId=102894&k=eacd2af3f7cc17324d5078ba0e4408e74b9fcb76,USD,,12.95,https://www.dv8fashion.com/en/Tiffosi-Ribbed-Top---Red/m-33751.aspx?PartnerID=4730&utm_source=awin&utm_medium=affiliate&utm_campaign=UnitedStatesUS,,,USD28.95,102894,DV8 Fashion,1,,https://www.dv8fashion.com/Images/Models/Full/33751-1.jpg,https://www.dv8fashion.com/Images/Models/Full/33751-2.jpg,,https://www.dv8fashion.com/Images/Models/Full/33751-3.jpg,Womens,Tops & T-Shirts
https://www.awin1.com/pclick.php?p=41493325822&a=2771700&m=116329,Pieces Silly Tie Knit Vest - Roseate Spoonbill - XL,41493325822,240117AWUS,https://www.dv8fashion.com/Images/Models/Full/33840.jpg,Rib is a soft fabric with visible ribs on its front and back creating a stretchy fabric      Product Type: Gilets     Neck: Round Neck     Sleeve: Sleeveless     Fit: Regular Fit Product Code: P-81460-38--,Sleeveless Tops,43.95,DV8 Fashion (USA),116329,Women's Tops,204,https://images2.productserve.com/?w=200&h=200&bg=white&trim=5&t=letterbox&url=ssl%3Awww.dv8fashion.com%2FImages%2FModels%2FFull%2F33840.jpg&feedId=102894&k=4ec64963ec843bd885eb1822fcac1b606b6073db,USD,,12.95,https://www.dv8fashion.com/en/Pieces-Silly-Tie-Knit-Vest---Roseate-Spoonbill/m-33840.aspx?PartnerID=4730&utm_source=awin&utm_medium=affiliate&utm_campaign=UnitedStatesUS,,,USD43.95,102894,DV8 Fashion,1,,https://www.dv8fashion.com/Images/Models/Full/33840-1.jpg,https://www.dv8fashion.com/Images/Models/Full/33840-2.jpg,,https://www.dv8fashion.com/Images/Models/Full/33840-3.jpg,Womens,Tops & T-Shirts
https://www.awin1.com/pclick.php?p=41493326093&a=2771700&m=116329,Saint Genies Sequin Frill Top - Rose Pink - L,41493326093,238589AWUS,https://www.dv8fashion.com/Images/Models/Full/33701.jpg,Jeans and a nice top? We got you!      Sequins     Frill detailing     Tie front     Mesh fabric Product Code: P-81222-38--,Sleeveless Tops,43.95,DV8 Fashion (USA),116329,Women's Tops,204,https://images2.productserve.com/?w=200&h=200&bg=white&trim=5&t=letterbox&url=ssl%3Awww.dv8fashion.com%2FImages%2FModels%2FFull%2F33701.jpg&feedId=102894&k=237e9a2c7348f360e21c515c3ba26332df7ef2bb,USD,,12.95,https://www.dv8fashion.com/en/Saint-Genies-Sequin-Frill-Top---Rose-Pink/m-33701.aspx?PartnerID=4730&utm_source=awin&utm_medium=affiliate&utm_campaign=UnitedStatesUS,,,USD43.95,102894,DV8 Fashion,1,,https://www.dv8fashion.com/Images/Models/Full/33701-1.jpg,https://www.dv8fashion.com/Images/Models/Full/33701-2.jpg,,https://www.dv8fashion.com/Images/Models/Full/33701-3.jpg,Womens,Tops & T-Shirts
https://www.awin1.com/pclick.php?p=41493326159&a=2771700&m=116329,Tiffosi Ribbed Tank Top - Red - XL,41493326159,240188AWUS,https://www.dv8fashion.com/Images/Models/Full/33847.jpg,"No wardrobe is complete without soft, timeless, basic styles, perfect for any occasion and season      Product Type: Top     Neck: Round Neck     Sleeve: Sleeveless     Fit: Stretch Fit Product Code: P-81310-21--",Sleeveless Tops,28.95,DV8 Fashion (USA),116329,Women's Tops,204,https://images2.productserve.com/?w=200&h=200&bg=white&trim=5&t=letterbox&url=ssl%3Awww.dv8fashion.com%2FImages%2FModels%2FFull%2F33847.jpg&feedId=102894&k=ec32f5a83439a0b963aae1218975323e7c35104b,USD,,12.95,https://www.dv8fashion.com/en/Tiffosi-Ribbed-Tank-Top---Red/m-33847.aspx?PartnerID=4730&utm_source=awin&utm_medium=affiliate&utm_campaign=UnitedStatesUS,,,USD28.95,102894,DV8 Fashion,1,,https://www.dv8fashion.com/Images/Models/Full/33847-1.jpg,https://www.dv8fashion.com/Images/Models/Full/33847-2.jpg,,https://www.dv8fashion.com/Images/Models/Full/33847-3.jpg,Womens,Tops & T-Shirts
https://www.awin1.com/pclick.php?p=41493325740&a=2771700&m=116329,Noisy May Fila Tank Top - Ghost Grey/Silver - L,41493325740,242578AWUS,https://www.dv8fashion.com/Images/Models/Full/34057.jpg,Cotton is a breathable and soft fabric made of natural fibres       Product Type: Tank top   Neck: Round Neck   Sleeve: Sleeveless   Print: Foil print for a shiny look   Fit: Regular Fit         Product Code: P-81903-62--,Sleeveless Tops,36.95,DV8 Fashion (USA),116329,Women's Tops,204,https://images2.productserve.com/?w=200&h=200&bg=white&trim=5&t=letterbox&url=ssl%3Awww.dv8fashion.com%2FImages%2FModels%2FFull%2F34057.jpg&feedId=102894&k=071071652544154eab5de33a0aa5e4fad7fc7e88,USD,,12.95,https://www.dv8fashion.com/en/Noisy-May-Fila-Tank-Top---Ghost-GreySilver/m-34057.aspx?PartnerID=4730&utm_source=awin&utm_medium=affiliate&utm_campaign=UnitedStatesUS,,,USD36.95,102894,DV8 Fashion,1,,https://www.dv8fashion.com/Images/Models/Full/34057-1.jpg,https://www.dv8fashion.com/Images/Models/Full/34057-2.jpg,,https://www.dv8fashion.com/Images/Models/Full/34057-3.jpg,Womens,Tops & T-Shirts
https://www.awin1.com/pclick.php?p=41493326266&a=2771700&m=116329,Brave Soul Popper Front Detail Cropped Vest Top - Pink - L,41493326266,240994AWUS,https://www.dv8fashion.com/Images/Models/Full/33918.jpg,Brave Soul women&apos;s sleeveless top...      Scoop neckline     Wide straps     Sleeveless     Popper placket to half front     Lettuce hem     All over ribbed Product Code: P-81630-38--,Sleeveless Tops,14.95,DV8 Fashion (USA),116329,Women's Tops,204,https://images2.productserve.com/?w=200&h=200&bg=white&trim=5&t=letterbox&url=ssl%3Awww.dv8fashion.com%2FImages%2FModels%2FFull%2F33918.jpg&feedId=102894&k=6982203ad4ca60e8b07b8b64460521ea1f722c3f,USD,,12.95,https://www.dv8fashion.com/en/Brave-Soul-Popper-Front-Detail-Cropped-Vest-Top---Pink/m-33918.aspx?PartnerID=4730&utm_source=awin&utm_medium=affiliate&utm_campaign=UnitedStatesUS,,,USD14.95,102894,DV8 Fashion,1,,https://www.dv8fashion.com/Images/Models/Full/33918-1.jpg,https://www.dv8fashion.com/Images/Models/Full/33918-2.jpg,,https://www.dv8fashion.com/Images/Models/Full/33918-3.jpg,Womens,Tops & T-Shirts
https://www.awin1.com/pclick.php?p=41493325735&a=2771700&m=116329,Only Lea 2-Ways Fit Top - Cloud Dancer - S,41493325735,242031AWUS,https://www.dv8fashion.com/Images/Models/Full/34005.jpg,"No wardrobe is complete without soft, timeless, basic styles, perfect for any occasion and season      Product Type: Top     Neck: U-Neck     Sleeve: Sleeveless     Fit: Regular Fit Product Code: P-81805-11--",Sleeveless Tops,29.95,DV8 Fashion (USA),116329,Women's Tops,204,https://images2.productserve.com/?w=200&h=200&bg=white&trim=5&t=letterbox&url=ssl%3Awww.dv8fashion.com%2FImages%2FModels%2FFull%2F34005.jpg&feedId=102894&k=fab6d5431abfaa9b6dd3b7e1b869fd9a7921670b,USD,,12.95,https://www.dv8fashion.com/en/Only-Lea-2-Ways-Fit-Top---Cloud-Dancer/m-34005.aspx?PartnerID=4730&utm_source=awin&utm_medium=affiliate&utm_campaign=UnitedStatesUS,,,USD29.95,102894,DV8 Fashion,1,,https://www.dv8fashion.com/Images/Models/Full/34005-1.jpg,https://www.dv8fashion.com/Images/Models/Full/34005-2.jpg,,https://www.dv8fashion.com/Images/Models/Full/34005-3.jpg,Womens,Tops & T-Shirts
https://www.awin1.com/pclick.php?p=41493326163&a=2771700&m=116329,Tiffosi Ribbed Top - Red - S,41493326163,239114AWUS,https://www.dv8fashion.com/Images/Models/Full/33751.jpg,"No wardrobe is complete without soft, timeless, basic styles, perfect for any occasion and season      Product Type: Top     Neck: Round Neck     Sleeve: Sleeveless     Fit: Stretch Fit Product Code: P-81308-21--",Sleeveless Tops,28.95,DV8 Fashion (USA),116329,Women's Tops,204,https://images2.productserve.com/?w=200&h=200&bg=white&trim=5&t=letterbox&url=ssl%3Awww.dv8fashion.com%2FImages%2FModels%2FFull%2F33751.jpg&feedId=102894&k=eacd2af3f7cc17324d5078ba0e4408e74b9fcb76,USD,,12.95,https://www.dv8fashion.com/en/Tiffosi-Ribbed-Top---Red/m-33751.aspx?PartnerID=4730&utm_source=awin&utm_medium=affiliate&utm_campaign=UnitedStatesUS,,,USD28.95,102894,DV8 Fashion,1,,https://www.dv8fashion.com/Images/Models/Full/33751-1.jpg,https://www.dv8fashion.com/Images/Models/Full/33751-2.jpg,,https://www.dv8fashion.com/Images/Models/Full/33751-3.jpg,Womens,Tops & T-Shirts
https://www.awin1.com/pclick.php?p=41493326166&a=2771700&m=116329,Tiffosi Ribbed Top With Collar - White - L,41493326166,239220AWUS,https://www.dv8fashion.com/Images/Models/Full/33761.jpg,"No wardrobe is complete without soft, timeless, basic styles, perfect for any occasion and season      Product Type: Top     Neck: Open Collar Neck     Sleeve: Sleeveless     Fit: Stretch Fit Product Code: P-81307-28--",Sleeveless Tops,31.95,DV8 Fashion (USA),116329,Women's Tops,204,https://images2.productserve.com/?w=200&h=200&bg=white&trim=5&t=letterbox&url=ssl%3Awww.dv8fashion.com%2FImages%2FModels%2FFull%2F33761.jpg&feedId=102894&k=b530175ab84e25ccec0fab411cb35752ff10f0cd,USD,,12.95,https://www.dv8fashion.com/en/Tiffosi-Ribbed-Top-With-Collar---White/m-33761.aspx?PartnerID=4730&utm_source=awin&utm_medium=affiliate&utm_campaign=UnitedStatesUS,,,USD31.95,102894,DV8 Fashion,1,,https://www.dv8fashion.com/Images/Models/Full/33761-1.jpg,https://www.dv8fashion.com/Images/Models/Full/33761-2.jpg,,https://www.dv8fashion.com/Images/Models/Full/33761-3.jpg,Womens,Tops & T-Shirts
https://www.awin1.com/pclick.php?p=41493309838&a=2771700&m=116329,Brave Soul Durrell Strap Top - Blue / White Stripe - XL,41493309838,244147AWUS,https://www.dv8fashion.com/Images/Models/Full/34229.jpg,Pattern: Stripe     Fabric: Cotton mix     Color: White &amp; Blue     Details: Tie Straps     Sleeves: Sleeveless     Product type: Top     Fit: Basic Product Code: P-82114-55--,Sleeveless Tops,29.95,DV8 Fashion (USA),116329,Women's Tops,204,https://images2.productserve.com/?w=200&h=200&bg=white&trim=5&t=letterbox&url=ssl%3Awww.dv8fashion.com%2FImages%2FModels%2FFull%2F34229.jpg&feedId=102894&k=48de75e085d81f281aedec3667f172e6caf92adf,USD,,12.95,https://www.dv8fashion.com/en/Brave-Soul-Durrell-Strap-Top---Blue--White-Stripe/m-34229.aspx?PartnerID=4730&utm_source=awin&utm_medium=affiliate&utm_campaign=UnitedStatesUS,,,USD29.95,102894,DV8 Fashion,1,,https://www.dv8fashion.com/Images/Models/Full/34229-1.jpg,https://www.dv8fashion.com/Images/Models/Full/34229-2.jpg,,https://www.dv8fashion.com/Images/Models/Full/34229-3.jpg,Womens,Tops & T-Shirts
https://www.awin1.com/pclick.php?p=41493326027&a=2771700&m=116329,Saint Genies Floral Mesh Top - Peach - 14,41493326027,244630AWUS,https://www.dv8fashion.com/Images/Models/Full/34280.jpg,Get new season ready with this cami top by Saint Genies. This stunning piece is designed to make you stand out wherever you go      Colour: Peach floral     Details: Lace trim detail     Sleeves: Sleeveless     Product type: Top     Fit: Fitted Product Code: P-82047-38--,Sleeveless Tops,39.95,DV8 Fashion (USA),116329,Women's Tops,204,https://images2.productserve.com/?w=200&h=200&bg=white&trim=5&t=letterbox&url=ssl%3Awww.dv8fashion.com%2FImages%2FModels%2FFull%2F34280.jpg&feedId=102894&k=d5bdcb99cb2c63abcb7562710e62883f9216ebfb,USD,,12.95,https://www.dv8fashion.com/en/Saint-Genies-Floral-Mesh-Top---Peach/m-34280.aspx?PartnerID=4730&utm_source=awin&utm_medium=affiliate&utm_campaign=UnitedStatesUS,,,USD39.95,102894,DV8 Fashion,1,,https://www.dv8fashion.com/Images/Models/Full/34280-1.jpg,https://www.dv8fashion.com/Images/Models/Full/34280-2.jpg,,https://www.dv8fashion.com/Images/Models/Full/34280-3.jpg,Womens,Tops & T-Shirts
https://www.awin1.com/pclick.php?p=41493326161&a=2771700&m=116329,Tiffosi Ribbed Top - Red - L,41493326161,239112AWUS,https://www.dv8fashion.com/Images/Models/Full/33751.jpg,"No wardrobe is complete without soft, timeless, basic styles, perfect for any occasion and season      Product Type: Top     Neck: Round Neck     Sleeve: Sleeveless     Fit: Stretch Fit Product Code: P-81308-21--",Sleeveless Tops,28.95,DV8 Fashion (USA),116329,Women's Tops,204,https://images2.productserve.com/?w=200&h=200&bg=white&trim=5&t=letterbox&url=ssl%3Awww.dv8fashion.com%2FImages%2FModels%2FFull%2F33751.jpg&feedId=102894&k=eacd2af3f7cc17324d5078ba0e4408e74b9fcb76,USD,,12.95,https://www.dv8fashion.com/en/Tiffosi-Ribbed-Top---Red/m-33751.aspx?PartnerID=4730&utm_source=awin&utm_medium=affiliate&utm_campaign=UnitedStatesUS,,,USD28.95,102894,DV8 Fashion,1,,https://www.dv8fashion.com/Images/Models/Full/33751-1.jpg,https://www.dv8fashion.com/Images/Models/Full/33751-2.jpg,,https://www.dv8fashion.com/Images/Models/Full/33751-3.jpg,Womens,Tops & T-Shirts
https://www.awin1.com/pclick.php?p=41493326169&a=2771700&m=116329,Tiffosi Ribbed Top With Collar - White - XL,41493326169,239223AWUS,https://www.dv8fashion.com/Images/Models/Full/33761.jpg,"No wardrobe is complete without soft, timeless, basic styles, perfect for any occasion and season      Product Type: Top     Neck: Open Collar Neck     Sleeve: Sleeveless     Fit: Stretch Fit Product Code: P-81307-28--",Sleeveless Tops,31.95,DV8 Fashion (USA),116329,Women's Tops,204,https://images2.productserve.com/?w=200&h=200&bg=white&trim=5&t=letterbox&url=ssl%3Awww.dv8fashion.com%2FImages%2FModels%2FFull%2F33761.jpg&feedId=102894&k=b530175ab84e25ccec0fab411cb35752ff10f0cd,USD,,12.95,https://www.dv8fashion.com/en/Tiffosi-Ribbed-Top-With-Collar---White/m-33761.aspx?PartnerID=4730&utm_source=awin&utm_medium=affiliate&utm_campaign=UnitedStatesUS,,,USD31.95,102894,DV8 Fashion,1,,https://www.dv8fashion.com/Images/Models/Full/33761-1.jpg,https://www.dv8fashion.com/Images/Models/Full/33761-2.jpg,,https://www.dv8fashion.com/Images/Models/Full/33761-3.jpg,Womens,Tops & T-Shirts
https://www.awin1.com/pclick.php?p=41493326145&a=2771700&m=116329,Dickies Racer Top - Beige - XL,41493326145,239912AWUS,https://www.dv8fashion.com/Images/Models/Full/33824.jpg,"Made from light, supersoft stretch jersey for comfort, the Racer Top is an everyday staple for the warmer seasons. This slim-fit tank top has a slightly cropped silhouette and an arched &lsquo;Dickies Quality Made&rsquo; logo on the centre front      Made from a partly recycled cotton-viscose blend with comfort stretch     Scoop neckline     &quot;Dickies Quality Made&quot; logo print on the front     Woven Label     Straight Hem     Slim fit Product Code: P-81448-11--",Sleeveless Tops,40.95,DV8 Fashion (USA),116329,Women's Tops,204,https://images2.productserve.com/?w=200&h=200&bg=white&trim=5&t=letterbox&url=ssl%3Awww.dv8fashion.com%2FImages%2FModels%2FFull%2F33824.jpg&feedId=102894&k=77f5436815b1806bbddb78de62dad870ff8743de,USD,,12.95,https://www.dv8fashion.com/en/Dickies-Racer-Top---Beige/m-33824.aspx?PartnerID=4730&utm_source=awin&utm_medium=affiliate&utm_campaign=UnitedStatesUS,,,USD40.95,102894,DV8 Fashion,1,,https://www.dv8fashion.com/Images/Models/Full/33824-1.jpg,https://www.dv8fashion.com/Images/Models/Full/33824-2.jpg,,https://www.dv8fashion.com/Images/Models/Full/33824-3.jpg,Womens,Tops & T-Shirts
https://www.awin1.com/pclick.php?p=41493326112&a=2771700&m=116329,Saint Genies Tie Front Sleeveless Top - White - 10,41493326112,240119AWUS,https://www.dv8fashion.com/Images/Models/Full/33841.jpg,Stay on trend in the new season with Saint Genies collection!      Frill hem detail     Tie front fastening     Cropped length Product Code: P-81329-11--,Sleeveless Tops,36.95,DV8 Fashion (USA),116329,Women's Tops,204,https://images2.productserve.com/?w=200&h=200&bg=white&trim=5&t=letterbox&url=ssl%3Awww.dv8fashion.com%2FImages%2FModels%2FFull%2F33841.jpg&feedId=102894&k=5f8a1b70307f2cc9ba7c120f4e7ca4e1e9abebf6,USD,,12.95,https://www.dv8fashion.com/en/Saint-Genies-Tie-Front-Sleeveless-Top---White/m-33841.aspx?PartnerID=4730&utm_source=awin&utm_medium=affiliate&utm_campaign=UnitedStatesUS,,,USD36.95,102894,DV8 Fashion,1,,https://www.dv8fashion.com/Images/Models/Full/33841-1.jpg,https://www.dv8fashion.com/Images/Models/Full/33841-2.jpg,,https://www.dv8fashion.com/Images/Models/Full/33841-3.jpg,Womens,Tops & T-Shirts
https://www.awin1.com/pclick.php?p=41493325725&a=2771700&m=116329,Only Kenya Rib Tank Top - Spring Bouquet - S,41493325725,240395AWUS,https://www.dv8fashion.com/Images/Models/Full/33865.jpg,"No wardrobe is complete without soft, timeless, basic styles, perfect for any occasion and season      Product Type: Tank top     Neck: Round Neck     Sleeve: Sleeveless     Length/Size: Extra long     Fit: Regular Fit Product Code: P-81519-45--",Sleeveless Tops,25.95,DV8 Fashion (USA),116329,Women's Tops,204,https://images2.productserve.com/?w=200&h=200&bg=white&trim=5&t=letterbox&url=ssl%3Awww.dv8fashion.com%2FImages%2FModels%2FFull%2F33865.jpg&feedId=102894&k=382805cb9b3d57ccad9452b74219a2a9960a2df7,USD,,12.95,https://www.dv8fashion.com/en/Only-Kenya-Rib-Tank-Top---Spring-Bouquet/m-33865.aspx?PartnerID=4730&utm_source=awin&utm_medium=affiliate&utm_campaign=UnitedStatesUS,,,USD25.95,102894,DV8 Fashion,1,,https://www.dv8fashion.com/Images/Models/Full/33865-1.jpg,https://www.dv8fashion.com/Images/Models/Full/33865-2.jpg,,https://www.dv8fashion.com/Images/Models/Full/33865-3.jpg,Womens,Tops & T-Shirts
https://www.awin1.com/pclick.php?p=41493326165&a=2771700&m=116329,Tiffosi Ribbed Top - Red - XS,41493326165,239116AWUS,https://www.dv8fashion.com/Images/Models/Full/33751.jpg,"No wardrobe is complete without soft, timeless, basic styles, perfect for any occasion and season      Product Type: Top     Neck: Round Neck     Sleeve: Sleeveless     Fit: Stretch Fit Product Code: P-81308-21--",Sleeveless Tops,28.95,DV8 Fashion (USA),116329,Women's Tops,204,https://images2.productserve.com/?w=200&h=200&bg=white&trim=5&t=letterbox&url=ssl%3Awww.dv8fashion.com%2FImages%2FModels%2FFull%2F33751.jpg&feedId=102894&k=eacd2af3f7cc17324d5078ba0e4408e74b9fcb76,USD,,12.95,https://www.dv8fashion.com/en/Tiffosi-Ribbed-Top---Red/m-33751.aspx?PartnerID=4730&utm_source=awin&utm_medium=affiliate&utm_campaign=UnitedStatesUS,,,USD28.95,102894,DV8 Fashion,1,,https://www.dv8fashion.com/Images/Models/Full/33751-1.jpg,https://www.dv8fashion.com/Images/Models/Full/33751-2.jpg,,https://www.dv8fashion.com/Images/Models/Full/33751-3.jpg,Womens,Tops & T-Shirts
https://www.awin1.com/pclick.php?p=41493326114&a=2771700&m=116329,Saint Genies Tie Front Sleeveless Top - White - 8,41493326114,240126AWUS,https://www.dv8fashion.com/Images/Models/Full/33841.jpg,Stay on trend in the new season with Saint Genies collection!      Frill hem detail     Tie front fastening     Cropped length Product Code: P-81329-11--,Sleeveless Tops,36.95,DV8 Fashion (USA),116329,Women's Tops,204,https://images2.productserve.com/?w=200&h=200&bg=white&trim=5&t=letterbox&url=ssl%3Awww.dv8fashion.com%2FImages%2FModels%2FFull%2F33841.jpg&feedId=102894&k=5f8a1b70307f2cc9ba7c120f4e7ca4e1e9abebf6,USD,,12.95,https://www.dv8fashion.com/en/Saint-Genies-Tie-Front-Sleeveless-Top---White/m-33841.aspx?PartnerID=4730&utm_source=awin&utm_medium=affiliate&utm_campaign=UnitedStatesUS,,,USD36.95,102894,DV8 Fashion,1,,https://www.dv8fashion.com/Images/Models/Full/33841-1.jpg,https://www.dv8fashion.com/Images/Models/Full/33841-2.jpg,,https://www.dv8fashion.com/Images/Models/Full/33841-3.jpg,Womens,Tops & T-Shirts
https://www.awin1.com/pclick.php?p=41493326156&a=2771700&m=116329,Tiffosi Ribbed Tank Top - Red - L,41493326156,240185AWUS,https://www.dv8fashion.com/Images/Models/Full/33847.jpg,"No wardrobe is complete without soft, timeless, basic styles, perfect for any occasion and season      Product Type: Top     Neck: Round Neck     Sleeve: Sleeveless     Fit: Stretch Fit Product Code: P-81310-21--",Sleeveless Tops,28.95,DV8 Fashion (USA),116329,Women's Tops,204,https://images2.productserve.com/?w=200&h=200&bg=white&trim=5&t=letterbox&url=ssl%3Awww.dv8fashion.com%2FImages%2FModels%2FFull%2F33847.jpg&feedId=102894&k=ec32f5a83439a0b963aae1218975323e7c35104b,USD,,12.95,https://www.dv8fashion.com/en/Tiffosi-Ribbed-Tank-Top---Red/m-33847.aspx?PartnerID=4730&utm_source=awin&utm_medium=affiliate&utm_campaign=UnitedStatesUS,,,USD28.95,102894,DV8 Fashion,1,,https://www.dv8fashion.com/Images/Models/Full/33847-1.jpg,https://www.dv8fashion.com/Images/Models/Full/33847-2.jpg,,https://www.dv8fashion.com/Images/Models/Full/33847-3.jpg,Womens,Tops & T-Shirts
https://www.awin1.com/pclick.php?p=41493326157&a=2771700&m=116329,Tiffosi Ribbed Tank Top - Red - M,41493326157,240186AWUS,https://www.dv8fashion.com/Images/Models/Full/33847.jpg,"No wardrobe is complete without soft, timeless, basic styles, perfect for any occasion and season      Product Type: Top     Neck: Round Neck     Sleeve: Sleeveless     Fit: Stretch Fit Product Code: P-81310-21--",Sleeveless Tops,28.95,DV8 Fashion (USA),116329,Women's Tops,204,https://images2.productserve.com/?w=200&h=200&bg=white&trim=5&t=letterbox&url=ssl%3Awww.dv8fashion.com%2FImages%2FModels%2FFull%2F33847.jpg&feedId=102894&k=ec32f5a83439a0b963aae1218975323e7c35104b,USD,,12.95,https://www.dv8fashion.com/en/Tiffosi-Ribbed-Tank-Top---Red/m-33847.aspx?PartnerID=4730&utm_source=awin&utm_medium=affiliate&utm_campaign=UnitedStatesUS,,,USD28.95,102894,DV8 Fashion,1,,https://www.dv8fashion.com/Images/Models/Full/33847-1.jpg,https://www.dv8fashion.com/Images/Models/Full/33847-2.jpg,,https://www.dv8fashion.com/Images/Models/Full/33847-3.jpg,Womens,Tops & T-Shirts
https://www.awin1.com/pclick.php?p=41493326160&a=2771700&m=116329,Tiffosi Ribbed Tank Top - Red - XS,41493326160,240189AWUS,https://www.dv8fashion.com/Images/Models/Full/33847.jpg,"No wardrobe is complete without soft, timeless, basic styles, perfect for any occasion and season      Product Type: Top     Neck: Round Neck     Sleeve: Sleeveless     Fit: Stretch Fit Product Code: P-81310-21--",Sleeveless Tops,28.95,DV8 Fashion (USA),116329,Women's Tops,204,https://images2.productserve.com/?w=200&h=200&bg=white&trim=5&t=letterbox&url=ssl%3Awww.dv8fashion.com%2FImages%2FModels%2FFull%2F33847.jpg&feedId=102894&k=ec32f5a83439a0b963aae1218975323e7c35104b,USD,,12.95,https://www.dv8fashion.com/en/Tiffosi-Ribbed-Tank-Top---Red/m-33847.aspx?PartnerID=4730&utm_source=awin&utm_medium=affiliate&utm_campaign=UnitedStatesUS,,,USD28.95,102894,DV8 Fashion,1,,https://www.dv8fashion.com/Images/Models/Full/33847-1.jpg,https://www.dv8fashion.com/Images/Models/Full/33847-2.jpg,,https://www.dv8fashion.com/Images/Models/Full/33847-3.jpg,Womens,Tops & T-Shirts
https://www.awin1.com/pclick.php?p=41493326090&a=2771700&m=116329,Saint Genies Diamante Halter Top - Black - 14,41493326090,240474AWUS,https://www.dv8fashion.com/Images/Models/Full/33874.jpg,This skirt is a part of a co-ord! Why not get the top and complete the look...      Stretch fabric     Pattern print     Frill detailing Product Code: P-81330-10--,Sleeveless Tops,40.95,DV8 Fashion (USA),116329,Women's Tops,204,https://images2.productserve.com/?w=200&h=200&bg=white&trim=5&t=letterbox&url=ssl%3Awww.dv8fashion.com%2FImages%2FModels%2FFull%2F33874.jpg&feedId=102894&k=487834dde69033e9a1d621ab1415dfeafc033db6,USD,,12.95,https://www.dv8fashion.com/en/Saint-Genies-Diamante-Halter-Top---Black/m-33874.aspx?PartnerID=4730&utm_source=awin&utm_medium=affiliate&utm_campaign=UnitedStatesUS,,,USD40.95,102894,DV8 Fashion,1,,https://www.dv8fashion.com/Images/Models/Full/33874-1.jpg,https://www.dv8fashion.com/Images/Models/Full/33874-2.jpg,,https://www.dv8fashion.com/Images/Models/Full/33874-3.jpg,Womens,Tops & T-Shirts
https://www.awin1.com/pclick.php?p=41493309886&a=2771700&m=116329,Brave Soul Ribbed Button Waistcoat - Lemon - L,41493309886,240554AWUS,https://www.dv8fashion.com/Images/Models/Full/33879.jpg,"The perfect piece to brighten up your wardrobe, layer up or wear on it&apos;s own!      Ribbed detailing     Button closure     Knit fabric Product Code: P-81471-24--",Sleeveless Tops,31.95,DV8 Fashion (USA),116329,Women's Tops,204,https://images2.productserve.com/?w=200&h=200&bg=white&trim=5&t=letterbox&url=ssl%3Awww.dv8fashion.com%2FImages%2FModels%2FFull%2F33879.jpg&feedId=102894&k=180da4de27b650c33c77c3cd5abbe72b3c0a5361,USD,,12.95,https://www.dv8fashion.com/en/Brave-Soul-Ribbed-Button-Waistcoat---Lemon/m-33879.aspx?PartnerID=4730&utm_source=awin&utm_medium=affiliate&utm_campaign=UnitedStatesUS,,,USD31.95,102894,DV8 Fashion,1,,https://www.dv8fashion.com/Images/Models/Full/33879-1.jpg,https://www.dv8fashion.com/Images/Models/Full/33879-2.jpg,,https://www.dv8fashion.com/Images/Models/Full/33879-3.jpg,Womens,Tops & T-Shirts
https://www.awin1.com/pclick.php?p=41493326150&a=2771700&m=116329,Dickies Running Wild Top - Brown - XL,41493326150,240199AWUS,https://www.dv8fashion.com/Images/Models/Full/33848.jpg,"Made from a new summer twill fabric with comfort drape, the Running Wild top is a fitted sleeveless tank top with an all-over wild horse print. Bold and clean, this sleeveless top offers a comfortable feel along with unique artwork and fabrication      Sleeveless style     Crew Neckline     Woven Label     Slim fit Product Code: P-81447-35--",Sleeveless Tops,46.95,DV8 Fashion (USA),116329,Women's Tops,204,https://images2.productserve.com/?w=200&h=200&bg=white&trim=5&t=letterbox&url=ssl%3Awww.dv8fashion.com%2FImages%2FModels%2FFull%2F33848.jpg&feedId=102894&k=480e35ae8859fefb7d6667c1fad46aa56581cae2,USD,,12.95,https://www.dv8fashion.com/en/Dickies-Running-Wild-Top---Brown/m-33848.aspx?PartnerID=4730&utm_source=awin&utm_medium=affiliate&utm_campaign=UnitedStatesUS,,,USD46.95,102894,DV8 Fashion,1,,https://www.dv8fashion.com/Images/Models/Full/33848-1.jpg,https://www.dv8fashion.com/Images/Models/Full/33848-2.jpg,,https://www.dv8fashion.com/Images/Models/Full/33848-3.jpg,Womens,Tops & T-Shirts
https://www.awin1.com/pclick.php?p=41493325723&a=2771700&m=116329,Only Kenya Rib Tank Top - Spring Bouquet - L,41493325723,240393AWUS,https://www.dv8fashion.com/Images/Models/Full/33865.jpg,"No wardrobe is complete without soft, timeless, basic styles, perfect for any occasion and season      Product Type: Tank top     Neck: Round Neck     Sleeve: Sleeveless     Length/Size: Extra long     Fit: Regular Fit Product Code: P-81519-45--",Sleeveless Tops,25.95,DV8 Fashion (USA),116329,Women's Tops,204,https://images2.productserve.com/?w=200&h=200&bg=white&trim=5&t=letterbox&url=ssl%3Awww.dv8fashion.com%2FImages%2FModels%2FFull%2F33865.jpg&feedId=102894&k=382805cb9b3d57ccad9452b74219a2a9960a2df7,USD,,12.95,https://www.dv8fashion.com/en/Only-Kenya-Rib-Tank-Top---Spring-Bouquet/m-33865.aspx?PartnerID=4730&utm_source=awin&utm_medium=affiliate&utm_campaign=UnitedStatesUS,,,USD25.95,102894,DV8 Fashion,1,,https://www.dv8fashion.com/Images/Models/Full/33865-1.jpg,https://www.dv8fashion.com/Images/Models/Full/33865-2.jpg,,https://www.dv8fashion.com/Images/Models/Full/33865-3.jpg,Womens,Tops & T-Shirts
https://www.awin1.com/pclick.php?p=42258903617&a=2771700&m=116329,Only Kenya Rib Tank Top - Spring Bouquet - XL,42258903617,240396AWUS,https://www.dv8fashion.com/Images/Models/Full/33865.jpg,"No wardrobe is complete without soft, timeless, basic styles, perfect for any occasion and season      Product Type: Tank top     Neck: Round Neck     Sleeve: Sleeveless     Length/Size: Extra long     Fit: Regular Fit Product Code: P-81519-45--",Sleeveless Tops,25.95,DV8 Fashion (USA),116329,Women's Tops,204,https://images2.productserve.com/?w=200&h=200&bg=white&trim=5&t=letterbox&url=ssl%3Awww.dv8fashion.com%2FImages%2FModels%2FFull%2F33865.jpg&feedId=102894&k=382805cb9b3d57ccad9452b74219a2a9960a2df7,USD,,12.95,https://www.dv8fashion.com/en/Only-Kenya-Rib-Tank-Top---Spring-Bouquet/m-33865.aspx?PartnerID=4730&utm_source=awin&utm_medium=affiliate&utm_campaign=UnitedStatesUS,,,USD25.95,102894,DV8 Fashion,1,,https://www.dv8fashion.com/Images/Models/Full/33865-1.jpg,https://www.dv8fashion.com/Images/Models/Full/33865-2.jpg,,https://www.dv8fashion.com/Images/Models/Full/33865-3.jpg,Womens,Tops & T-Shirts
https://www.awin1.com/pclick.php?p=41493325727&a=2771700&m=116329,Only Kenya Rib Tank Top - Spring Bouquet - XS,41493325727,240397AWUS,https://www.dv8fashion.com/Images/Models/Full/33865.jpg,"No wardrobe is complete without soft, timeless, basic styles, perfect for any occasion and season      Product Type: Tank top     Neck: Round Neck     Sleeve: Sleeveless     Length/Size: Extra long     Fit: Regular Fit Product Code: P-81519-45--",Sleeveless Tops,25.95,DV8 Fashion (USA),116329,Women's Tops,204,https://images2.productserve.com/?w=200&h=200&bg=white&trim=5&t=letterbox&url=ssl%3Awww.dv8fashion.com%2FImages%2FModels%2FFull%2F33865.jpg&feedId=102894&k=382805cb9b3d57ccad9452b74219a2a9960a2df7,USD,,12.95,https://www.dv8fashion.com/en/Only-Kenya-Rib-Tank-Top---Spring-Bouquet/m-33865.aspx?PartnerID=4730&utm_source=awin&utm_medium=affiliate&utm_campaign=UnitedStatesUS,,,USD25.95,102894,DV8 Fashion,1,,https://www.dv8fashion.com/Images/Models/Full/33865-1.jpg,https://www.dv8fashion.com/Images/Models/Full/33865-2.jpg,,https://www.dv8fashion.com/Images/Models/Full/33865-3.jpg,Womens,Tops & T-Shirts
https://www.awin1.com/pclick.php?p=41493326256&a=2771700&m=116329,Brave Soul Popper Cropped Vest Top - Stone - L,41493326256,241713AWUS,https://www.dv8fashion.com/Images/Models/Full/33973.jpg,Brave Soul women&apos;s sleeveless top...      Scoop neckline     Wide straps     Sleeveless     Popper placket to half front     Lettuce hem     All over ribbed Product Code: P-81631-34--,Sleeveless Tops,14.95,DV8 Fashion (USA),116329,Women's Tops,204,https://images2.productserve.com/?w=200&h=200&bg=white&trim=5&t=letterbox&url=ssl%3Awww.dv8fashion.com%2FImages%2FModels%2FFull%2F33973.jpg&feedId=102894&k=2c8f507c454521d322bf35088adcee95009da2a8,USD,,12.95,https://www.dv8fashion.com/en/Brave-Soul-Popper-Cropped-Vest-Top---Stone/m-33973.aspx?PartnerID=4730&utm_source=awin&utm_medium=affiliate&utm_campaign=UnitedStatesUS,,,USD14.95,102894,DV8 Fashion,1,,https://www.dv8fashion.com/Images/Models/Full/33973-1.jpg,https://www.dv8fashion.com/Images/Models/Full/33973-2.jpg,,https://www.dv8fashion.com/Images/Models/Full/33973-3.jpg,Womens,Tops & T-Shirts
https://www.awin1.com/pclick.php?p=41555873701&a=2771700&m=116329,Only Lea 2-Ways Fit Top - Cloud Dancer - XS,41555873701,242033AWUS,https://www.dv8fashion.com/Images/Models/Full/34005.jpg,"No wardrobe is complete without soft, timeless, basic styles, perfect for any occasion and season      Product Type: Top     Neck: U-Neck     Sleeve: Sleeveless     Fit: Regular Fit Product Code: P-81805-11--",Sleeveless Tops,29.95,DV8 Fashion (USA),116329,Women's Tops,204,https://images2.productserve.com/?w=200&h=200&bg=white&trim=5&t=letterbox&url=ssl%3Awww.dv8fashion.com%2FImages%2FModels%2FFull%2F34005.jpg&feedId=102894&k=fab6d5431abfaa9b6dd3b7e1b869fd9a7921670b,USD,,12.95,https://www.dv8fashion.com/en/Only-Lea-2-Ways-Fit-Top---Cloud-Dancer/m-34005.aspx?PartnerID=4730&utm_source=awin&utm_medium=affiliate&utm_campaign=UnitedStatesUS,,,USD29.95,102894,DV8 Fashion,1,,https://www.dv8fashion.com/Images/Models/Full/34005-1.jpg,https://www.dv8fashion.com/Images/Models/Full/34005-2.jpg,,https://www.dv8fashion.com/Images/Models/Full/34005-3.jpg,Womens,Tops & T-Shirts
https://www.awin1.com/pclick.php?p=41493326247&a=2771700&m=116329,Brave Soul Popper Front Detail Cropped Vest Top - Blue - L,41493326247,241874AWUS,https://www.dv8fashion.com/Images/Models/Full/33990.jpg,Brave Soul women&apos;s sleeveless top...      Scoop neckline     Wide straps     Sleeveless     Popper placket to half front     Lettuce hem     All over ribbed Product Code: P-81629-61--,Sleeveless Tops,14.95,DV8 Fashion (USA),116329,Women's Tops,204,https://images2.productserve.com/?w=200&h=200&bg=white&trim=5&t=letterbox&url=ssl%3Awww.dv8fashion.com%2FImages%2FModels%2FFull%2F33990.jpg&feedId=102894&k=7581b9f5fb2e3109c5636fe40748da21ab8957be,USD,,12.95,https://www.dv8fashion.com/en/Brave-Soul-Popper-Front-Detail-Cropped-Vest-Top---Blue/m-33990.aspx?PartnerID=4730&utm_source=awin&utm_medium=affiliate&utm_campaign=UnitedStatesUS,,,USD14.95,102894,DV8 Fashion,1,,https://www.dv8fashion.com/Images/Models/Full/33990-1.jpg,https://www.dv8fashion.com/Images/Models/Full/33990-2.jpg,,https://www.dv8fashion.com/Images/Models/Full/33990-3.jpg,Womens,Tops & T-Shirts
https://www.awin1.com/pclick.php?p=41493309887&a=2771700&m=116329,Brave Soul Ribbed Button Waistcoat - Lemon - M,41493309887,240555AWUS,https://www.dv8fashion.com/Images/Models/Full/33879.jpg,"The perfect piece to brighten up your wardrobe, layer up or wear on it&apos;s own!      Ribbed detailing     Button closure     Knit fabric Product Code: P-81471-24--",Sleeveless Tops,31.95,DV8 Fashion (USA),116329,Women's Tops,204,https://images2.productserve.com/?w=200&h=200&bg=white&trim=5&t=letterbox&url=ssl%3Awww.dv8fashion.com%2FImages%2FModels%2FFull%2F33879.jpg&feedId=102894&k=180da4de27b650c33c77c3cd5abbe72b3c0a5361,USD,,12.95,https://www.dv8fashion.com/en/Brave-Soul-Ribbed-Button-Waistcoat---Lemon/m-33879.aspx?PartnerID=4730&utm_source=awin&utm_medium=affiliate&utm_campaign=UnitedStatesUS,,,USD31.95,102894,DV8 Fashion,1,,https://www.dv8fashion.com/Images/Models/Full/33879-1.jpg,https://www.dv8fashion.com/Images/Models/Full/33879-2.jpg,,https://www.dv8fashion.com/Images/Models/Full/33879-3.jpg,Womens,Tops & T-Shirts
https://www.awin1.com/pclick.php?p=41493325442&a=2771700&m=116329,Brave Soul Mellow Peplum Top - White - L,41493325442,245161AWUS,https://www.dv8fashion.com/Images/Models/Full/34325.jpg,Get summer ready with this sleeveless cotton top!      Elasticated top     Loose hem     Comfortable fit     Cotton fabric Product Code: P-82175-11--,Strapless Tops,25.95,DV8 Fashion (USA),116329,Women's Tops,204,https://images2.productserve.com/?w=200&h=200&bg=white&trim=5&t=letterbox&url=ssl%3Awww.dv8fashion.com%2FImages%2FModels%2FFull%2F34325.jpg&feedId=102894&k=dafc3f5ba5e9d4571ea3162ab2b5106e45ef6f7f,USD,,12.95,https://www.dv8fashion.com/en/Brave-Soul-Mellow-Peplum-Top---White/m-34325.aspx?PartnerID=4730&utm_source=awin&utm_medium=affiliate&utm_campaign=UnitedStatesUS,,,USD25.95,102894,DV8 Fashion,1,,https://www.dv8fashion.com/Images/Models/Full/34325-1.jpg,https://www.dv8fashion.com/Images/Models/Full/34325-2.jpg,,https://www.dv8fashion.com/Images/Models/Full/34325-3.jpg,Womens,Tops & T-Shirts
https://www.awin1.com/pclick.php?p=41493326216&a=2771700&m=116329,Daisy Street Gingham Babylock Edge Cami Top - Red - 14,41493326216,245095AWUS,https://www.dv8fashion.com/Images/Models/Full/34318.jpg,Update your wardrobe with Daisy Street...      The cutest summer cami top in a red gingham     Babylock edges and a cropped fit     Adjustable straps for comfort     Make it a co-ord with matching shorts Product Code: P-82224-21--,Sleeveless Tops,31.95,DV8 Fashion (USA),116329,Women's Tops,204,https://images2.productserve.com/?w=200&h=200&bg=white&trim=5&t=letterbox&url=ssl%3Awww.dv8fashion.com%2FImages%2FModels%2FFull%2F34318.jpg&feedId=102894&k=743df0a5807cc734585ef062bc5ac4906c3e5b62,USD,,12.95,https://www.dv8fashion.com/en/Daisy-Street-Gingham-Babylock-Edge-Cami-Top---Red/m-34318.aspx?PartnerID=4730&utm_source=awin&utm_medium=affiliate&utm_campaign=UnitedStatesUS,,,USD31.95,102894,DV8 Fashion,1,,https://www.dv8fashion.com/Images/Models/Full/34318-1.jpg,https://www.dv8fashion.com/Images/Models/Full/34318-2.jpg,,https://www.dv8fashion.com/Images/Models/Full/34318-3.jpg,Womens,Tops & T-Shirts
https://www.awin1.com/pclick.php?p=41493326026&a=2771700&m=116329,Saint Genies Floral Mesh Top - Peach - 12,41493326026,244629AWUS,https://www.dv8fashion.com/Images/Models/Full/34280.jpg,Get new season ready with this cami top by Saint Genies. This stunning piece is designed to make you stand out wherever you go      Colour: Peach floral     Details: Lace trim detail     Sleeves: Sleeveless     Product type: Top     Fit: Fitted Product Code: P-82047-38--,Sleeveless Tops,39.95,DV8 Fashion (USA),116329,Women's Tops,204,https://images2.productserve.com/?w=200&h=200&bg=white&trim=5&t=letterbox&url=ssl%3Awww.dv8fashion.com%2FImages%2FModels%2FFull%2F34280.jpg&feedId=102894&k=d5bdcb99cb2c63abcb7562710e62883f9216ebfb,USD,,12.95,https://www.dv8fashion.com/en/Saint-Genies-Floral-Mesh-Top---Peach/m-34280.aspx?PartnerID=4730&utm_source=awin&utm_medium=affiliate&utm_campaign=UnitedStatesUS,,,USD39.95,102894,DV8 Fashion,1,,https://www.dv8fashion.com/Images/Models/Full/34280-1.jpg,https://www.dv8fashion.com/Images/Models/Full/34280-2.jpg,,https://www.dv8fashion.com/Images/Models/Full/34280-3.jpg,Womens,Tops & T-Shirts
https://www.awin1.com/pclick.php?p=41493325733&a=2771700&m=116329,Only Lea 2-Ways Fit Top - Cloud Dancer - L,41493325733,242029AWUS,https://www.dv8fashion.com/Images/Models/Full/34005.jpg,"No wardrobe is complete without soft, timeless, basic styles, perfect for any occasion and season      Product Type: Top     Neck: U-Neck     Sleeve: Sleeveless     Fit: Regular Fit Product Code: P-81805-11--",Sleeveless Tops,29.95,DV8 Fashion (USA),116329,Women's Tops,204,https://images2.productserve.com/?w=200&h=200&bg=white&trim=5&t=letterbox&url=ssl%3Awww.dv8fashion.com%2FImages%2FModels%2FFull%2F34005.jpg&feedId=102894&k=fab6d5431abfaa9b6dd3b7e1b869fd9a7921670b,USD,,12.95,https://www.dv8fashion.com/en/Only-Lea-2-Ways-Fit-Top---Cloud-Dancer/m-34005.aspx?PartnerID=4730&utm_source=awin&utm_medium=affiliate&utm_campaign=UnitedStatesUS,,,USD29.95,102894,DV8 Fashion,1,,https://www.dv8fashion.com/Images/Models/Full/34005-1.jpg,https://www.dv8fashion.com/Images/Models/Full/34005-2.jpg,,https://www.dv8fashion.com/Images/Models/Full/34005-3.jpg,Womens,Tops & T-Shirts
https://www.awin1.com/pclick.php?p=42642660602&a=2771700&m=116329,Saint Genies Halter Button Waistcoat Top - Black - 12,42642660602,247710AWUS,https://www.dv8fashion.com/Images/Models/Full/34562.jpg,Get new season ready with this halter top by Saint Genies. This stunning piece is designed to make you stand out wherever you go      Colour: Black     Details: Button fastening with halter strap neckline     Sleeves: Sleeveless     Product type: Top     Fit: Fitted Product Code: P-82574-10--,Sleeveless Tops,40.95,DV8 Fashion (USA),116329,Women's Tops,204,https://images2.productserve.com/?w=200&h=200&bg=white&trim=5&t=letterbox&url=ssl%3Awww.dv8fashion.com%2FImages%2FModels%2FFull%2F34562.jpg&feedId=102894&k=cf4961c3dc8f5b6cfab24f53f57b69ab3a78f330,USD,,12.95,https://www.dv8fashion.com/en/Saint-Genies-Halter-Button-Waistcoat-Top---Black/m-34562.aspx?PartnerID=4730&utm_source=awin&utm_medium=affiliate&utm_campaign=UnitedStatesUS,,,USD40.95,102894,DV8 Fashion,1,,https://www.dv8fashion.com/Images/Models/Full/34562-1.jpg,https://www.dv8fashion.com/Images/Models/Full/34562-2.jpg,,https://www.dv8fashion.com/Images/Models/Full/34562-3.jpg,Womens,Tops & T-Shirts
https://www.awin1.com/pclick.php?p=41493326154&a=2771700&m=116329,Tiffosi Strap Top - Cream - M,41493326154,241919AWUS,https://www.dv8fashion.com/Images/Models/Full/33994.jpg,Get new season ready with Tiffosi...      Cream cotton fabric     Button front     Shoulder straps with frill detail Product Code: P-81745-26--,Sleeveless Tops,40.95,DV8 Fashion (USA),116329,Women's Tops,204,https://images2.productserve.com/?w=200&h=200&bg=white&trim=5&t=letterbox&url=ssl%3Awww.dv8fashion.com%2FImages%2FModels%2FFull%2F33994.jpg&feedId=102894&k=f3ad9737130666cfac9231948553cd0452bdc086,USD,,12.95,https://www.dv8fashion.com/en/Tiffosi-Strap-Top---Cream/m-33994.aspx?PartnerID=4730&utm_source=awin&utm_medium=affiliate&utm_campaign=UnitedStatesUS,,,USD40.95,102894,DV8 Fashion,1,,https://www.dv8fashion.com/Images/Models/Full/33994-1.jpg,https://www.dv8fashion.com/Images/Models/Full/33994-2.jpg,,https://www.dv8fashion.com/Images/Models/Full/33994-3.jpg,Womens,Tops & T-Shirts
https://www.awin1.com/pclick.php?p=41493326214&a=2771700&m=116329,Daisy Street Gingham Babylock Edge Cami Top - Red - 10,41493326214,245093AWUS,https://www.dv8fashion.com/Images/Models/Full/34318.jpg,Update your wardrobe with Daisy Street...      The cutest summer cami top in a red gingham     Babylock edges and a cropped fit     Adjustable straps for comfort     Make it a co-ord with matching shorts Product Code: P-82224-21--,Sleeveless Tops,31.95,DV8 Fashion (USA),116329,Women's Tops,204,https://images2.productserve.com/?w=200&h=200&bg=white&trim=5&t=letterbox&url=ssl%3Awww.dv8fashion.com%2FImages%2FModels%2FFull%2F34318.jpg&feedId=102894&k=743df0a5807cc734585ef062bc5ac4906c3e5b62,USD,,12.95,https://www.dv8fashion.com/en/Daisy-Street-Gingham-Babylock-Edge-Cami-Top---Red/m-34318.aspx?PartnerID=4730&utm_source=awin&utm_medium=affiliate&utm_campaign=UnitedStatesUS,,,USD31.95,102894,DV8 Fashion,1,,https://www.dv8fashion.com/Images/Models/Full/34318-1.jpg,https://www.dv8fashion.com/Images/Models/Full/34318-2.jpg,,https://www.dv8fashion.com/Images/Models/Full/34318-3.jpg,Womens,Tops & T-Shirts
https://www.awin1.com/pclick.php?p=41493326215&a=2771700&m=116329,Daisy Street Gingham Babylock Edge Cami Top - Red - 12,41493326215,245094AWUS,https://www.dv8fashion.com/Images/Models/Full/34318.jpg,Update your wardrobe with Daisy Street...      The cutest summer cami top in a red gingham     Babylock edges and a cropped fit     Adjustable straps for comfort     Make it a co-ord with matching shorts Product Code: P-82224-21--,Sleeveless Tops,31.95,DV8 Fashion (USA),116329,Women's Tops,204,https://images2.productserve.com/?w=200&h=200&bg=white&trim=5&t=letterbox&url=ssl%3Awww.dv8fashion.com%2FImages%2FModels%2FFull%2F34318.jpg&feedId=102894&k=743df0a5807cc734585ef062bc5ac4906c3e5b62,USD,,12.95,https://www.dv8fashion.com/en/Daisy-Street-Gingham-Babylock-Edge-Cami-Top---Red/m-34318.aspx?PartnerID=4730&utm_source=awin&utm_medium=affiliate&utm_campaign=UnitedStatesUS,,,USD31.95,102894,DV8 Fashion,1,,https://www.dv8fashion.com/Images/Models/Full/34318-1.jpg,https://www.dv8fashion.com/Images/Models/Full/34318-2.jpg,,https://www.dv8fashion.com/Images/Models/Full/34318-3.jpg,Womens,Tops & T-Shirts
https://www.awin1.com/pclick.php?p=41493325443&a=2771700&m=116329,Brave Soul Mellow Peplum Top - White - M,41493325443,245162AWUS,https://www.dv8fashion.com/Images/Models/Full/34325.jpg,Get summer ready with this sleeveless cotton top!      Elasticated top     Loose hem     Comfortable fit     Cotton fabric Product Code: P-82175-11--,Strapless Tops,25.95,DV8 Fashion (USA),116329,Women's Tops,204,https://images2.productserve.com/?w=200&h=200&bg=white&trim=5&t=letterbox&url=ssl%3Awww.dv8fashion.com%2FImages%2FModels%2FFull%2F34325.jpg&feedId=102894&k=dafc3f5ba5e9d4571ea3162ab2b5106e45ef6f7f,USD,,12.95,https://www.dv8fashion.com/en/Brave-Soul-Mellow-Peplum-Top---White/m-34325.aspx?PartnerID=4730&utm_source=awin&utm_medium=affiliate&utm_campaign=UnitedStatesUS,,,USD25.95,102894,DV8 Fashion,1,,https://www.dv8fashion.com/Images/Models/Full/34325-1.jpg,https://www.dv8fashion.com/Images/Models/Full/34325-2.jpg,,https://www.dv8fashion.com/Images/Models/Full/34325-3.jpg,Womens,Tops & T-Shirts
https://www.awin1.com/pclick.php?p=41493326261&a=2771700&m=116329,Brave Soul Tie Strap Detail Lace Trim Ribbed Vest Top - Lemon - M,41493326261,240973AWUS,https://www.dv8fashion.com/Images/Models/Full/33916.jpg,Brave Soul Camisole     Vest top     Lace trim     V-Neck Shape     Tie up spaghetti straps     All over rib     Plain colourways Product Code: P-81628-24--,Sleeveless Tops,11.95,DV8 Fashion (USA),116329,Women's Tops,204,https://images2.productserve.com/?w=200&h=200&bg=white&trim=5&t=letterbox&url=ssl%3Awww.dv8fashion.com%2FImages%2FModels%2FFull%2F33916.jpg&feedId=102894&k=389bce1f9a652b84da80766a386ae7a24d8f5d69,USD,,12.95,https://www.dv8fashion.com/en/Brave-Soul-Tie-Strap-Detail-Lace-Trim-Ribbed-Vest-Top---Lemon/m-33916.aspx?PartnerID=4730&utm_source=awin&utm_medium=affiliate&utm_campaign=UnitedStatesUS,,,USD11.95,102894,DV8 Fashion,1,,https://www.dv8fashion.com/Images/Models/Full/33916-1.jpg,https://www.dv8fashion.com/Images/Models/Full/33916-2.jpg,,https://www.dv8fashion.com/Images/Models/Full/33916-3.jpg,Womens,Tops & T-Shirts
https://www.awin1.com/pclick.php?p=41818664932&a=2771700&m=116329,Saint Genies Glitter Asymmetric Bandeau Top - White - 14,41818664932,241663AWUS,https://www.dv8fashion.com/Images/Models/Full/33968.jpg,Get new season ready with this bandeau top by Saint Genies. This stunning piece is designed to make you stand out wherever you go      Colour: White     Details: Asymmetric length     Sleeves: Sleeveless     Product type: Top     Fit: Fitted Product Code: P-81647-11--,Strapless Tops,36.95,DV8 Fashion (USA),116329,Women's Tops,204,https://images2.productserve.com/?w=200&h=200&bg=white&trim=5&t=letterbox&url=ssl%3Awww.dv8fashion.com%2FImages%2FModels%2FFull%2F33968.jpg&feedId=102894&k=240bd90d481cc89b175be04770cdb8d555e6f734,USD,,12.95,https://www.dv8fashion.com/en/Saint-Genies-Glitter-Asymmetric-Bandeau-Top---White/m-33968.aspx?PartnerID=4730&utm_source=awin&utm_medium=affiliate&utm_campaign=UnitedStatesUS,,,USD36.95,102894,DV8 Fashion,1,,https://www.dv8fashion.com/Images/Models/Full/33968-1.jpg,https://www.dv8fashion.com/Images/Models/Full/33968-2.jpg,,https://www.dv8fashion.com/Images/Models/Full/33968-3.jpg,Womens,Tops & T-Shirts
https://www.awin1.com/pclick.php?p=41493325744&a=2771700&m=116329,Noisy May Fila Tank Top - Ghost Grey/Silver - XS,41493325744,242582AWUS,https://www.dv8fashion.com/Images/Models/Full/34057.jpg,Cotton is a breathable and soft fabric made of natural fibres       Product Type: Tank top   Neck: Round Neck   Sleeve: Sleeveless   Print: Foil print for a shiny look   Fit: Regular Fit         Product Code: P-81903-62--,Sleeveless Tops,36.95,DV8 Fashion (USA),116329,Women's Tops,204,https://images2.productserve.com/?w=200&h=200&bg=white&trim=5&t=letterbox&url=ssl%3Awww.dv8fashion.com%2FImages%2FModels%2FFull%2F34057.jpg&feedId=102894&k=071071652544154eab5de33a0aa5e4fad7fc7e88,USD,,12.95,https://www.dv8fashion.com/en/Noisy-May-Fila-Tank-Top---Ghost-GreySilver/m-34057.aspx?PartnerID=4730&utm_source=awin&utm_medium=affiliate&utm_campaign=UnitedStatesUS,,,USD36.95,102894,DV8 Fashion,1,,https://www.dv8fashion.com/Images/Models/Full/34057-1.jpg,https://www.dv8fashion.com/Images/Models/Full/34057-2.jpg,,https://www.dv8fashion.com/Images/Models/Full/34057-3.jpg,Womens,Tops & T-Shirts
https://www.awin1.com/pclick.php?p=41493326022&a=2771700&m=116329,Saint Genies Tie Back Halter Top - Black - 10,41493326022,244582AWUS,https://www.dv8fashion.com/Images/Models/Full/34275.jpg,Get new season ready with this halter top by Saint Genies. This stunning piece is designed to make you stand out wherever you go      Colour: Black     Details: Tie fastening detail on halter strap     Sleeves: Sleeveless     Product type: Top     Fit: Fitted Product Code: P-82046-10--,Sleeveless Tops,37.95,DV8 Fashion (USA),116329,Women's Tops,204,https://images2.productserve.com/?w=200&h=200&bg=white&trim=5&t=letterbox&url=ssl%3Awww.dv8fashion.com%2FImages%2FModels%2FFull%2F34275.jpg&feedId=102894&k=5788321ed7adc61584c939ce20dac65375d296c6,USD,,12.95,https://www.dv8fashion.com/en/Saint-Genies-Tie-Back-Halter-Top---Black/m-34275.aspx?PartnerID=4730&utm_source=awin&utm_medium=affiliate&utm_campaign=UnitedStatesUS,,,USD37.95,102894,DV8 Fashion,1,,https://www.dv8fashion.com/Images/Models/Full/34275-1.jpg,https://www.dv8fashion.com/Images/Models/Full/34275-2.jpg,,https://www.dv8fashion.com/Images/Models/Full/34275-3.jpg,Womens,Tops & T-Shirts
https://www.awin1.com/pclick.php?p=42655302459&a=2771700&m=116329,Saint Genies Frill Cami Top - Black - XS,42655302459,252741AWUS,https://www.dv8fashion.com/Images/Models/Full/35032.jpg,Update your wardrobe with Saint Genies...      The cutest top by Saint Genies     Corset style front with strap and bow detail     Tiered ruffle hem     Zip fastening Product Code: P-83295-10--,Sleeveless Tops,44.95,DV8 Fashion (USA),116329,Women's Tops,204,https://images2.productserve.com/?w=200&h=200&bg=white&trim=5&t=letterbox&url=ssl%3Awww.dv8fashion.com%2FImages%2FModels%2FFull%2F35032.jpg&feedId=102894&k=2b82bc9bfb0031ade2a3ae322c6ccdca6e191d71,USD,,12.95,https://www.dv8fashion.com/en/Saint-Genies-Frill-Cami-Top---Black/m-35032.aspx?PartnerID=4730&utm_source=awin&utm_medium=affiliate&utm_campaign=UnitedStatesUS,,,USD44.95,102894,DV8 Fashion,1,,https://www.dv8fashion.com/Images/Models/Full/35032-1.jpg,https://www.dv8fashion.com/Images/Models/Full/35032-2.jpg,,https://www.dv8fashion.com/Images/Models/Full/35032-3.jpg,Womens,Tops & T-Shirts
https://www.awin1.com/pclick.php?p=41493325819&a=2771700&m=116329,Pieces Silly Tie Knit Vest - Roseate Spoonbill - L,41493325819,240114AWUS,https://www.dv8fashion.com/Images/Models/Full/33840.jpg,Rib is a soft fabric with visible ribs on its front and back creating a stretchy fabric      Product Type: Gilets     Neck: Round Neck     Sleeve: Sleeveless     Fit: Regular Fit Product Code: P-81460-38--,Sleeveless Tops,43.95,DV8 Fashion (USA),116329,Women's Tops,204,https://images2.productserve.com/?w=200&h=200&bg=white&trim=5&t=letterbox&url=ssl%3Awww.dv8fashion.com%2FImages%2FModels%2FFull%2F33840.jpg&feedId=102894&k=4ec64963ec843bd885eb1822fcac1b606b6073db,USD,,12.95,https://www.dv8fashion.com/en/Pieces-Silly-Tie-Knit-Vest---Roseate-Spoonbill/m-33840.aspx?PartnerID=4730&utm_source=awin&utm_medium=affiliate&utm_campaign=UnitedStatesUS,,,USD43.95,102894,DV8 Fashion,1,,https://www.dv8fashion.com/Images/Models/Full/33840-1.jpg,https://www.dv8fashion.com/Images/Models/Full/33840-2.jpg,,https://www.dv8fashion.com/Images/Models/Full/33840-3.jpg,Womens,Tops & T-Shirts
https://www.awin1.com/pclick.php?p=42029589444&a=2771700&m=116329,Tally Weijl Print Round Neck Top - Snake - XS,42029589444,253078AWUS,https://www.dv8fashion.com/Images/Models/Full/35062.jpg,"Make a bold statement with this snake print round neck top, designed for a trendy and modern touch. Crafted from soft cotton, it&rsquo;s fitted to enhance your silhouette while staying super comfy. The short sleeves and eye-catching animal print make it perfect for standing out. Wear it with denim or tailored trousers for a cool, fashionable look.      Neckline: Round Neck     Pattern: Animal print     Fabric: Cotton     Color: Grey, White     Sleeves: Short Sleeves     Product type: Top     Fit: Fitted Product Code: P-83375-26--",Sleeveless Tops,20.95,DV8 Fashion (USA),116329,Women's Tops,204,https://images2.productserve.com/?w=200&h=200&bg=white&trim=5&t=letterbox&url=ssl%3Awww.dv8fashion.com%2FImages%2FModels%2FFull%2F35062.jpg&feedId=102894&k=a4a74ef48f87f2429908b5f20cce49b2c9384afa,USD,,12.95,https://www.dv8fashion.com/en/Tally-Weijl-Print-Round-Neck-Top---Snake/m-35062.aspx?PartnerID=4730&utm_source=awin&utm_medium=affiliate&utm_campaign=UnitedStatesUS,,,USD20.95,102894,DV8 Fashion,1,,https://www.dv8fashion.com/Images/Models/Full/35062-1.jpg,https://www.dv8fashion.com/Images/Models/Full/35062-2.jpg,,https://www.dv8fashion.com/Images/Models/Full/35062-3.jpg,Womens,Tops & T-Shirts
https://www.awin1.com/pclick.php?p=41493325938&a=2771700&m=116329,Tally Weijl Print Bandeau Top - Snake - L,41493325938,218605AWUS,https://www.dv8fashion.com/Images/Models/Full/31861.jpg,"Introducing our Animal Print Bandeau Top, a stylish choice for your next night out. Crafted from mesh fabric, this fitted bandeau top features a trendy animal print design, perfect for adding a touch of wild charm to your ensemble. With its off-shoulder style and cropped length, it exudes sophistication and allure      Look: Going Out     Pattern: Animal print     Fabric: Mesh     Details: Ruched     Length: Cropped     Sleeve shape: Off Shoulder     Product: Bandeau Top     Fit: Fitted Product Code: P-78335-62--",Sleeveless Tops,29.95,DV8 Fashion (USA),116329,Women's Tops,204,https://images2.productserve.com/?w=200&h=200&bg=white&trim=5&t=letterbox&url=ssl%3Awww.dv8fashion.com%2FImages%2FModels%2FFull%2F31861.jpg&feedId=102894&k=785e9979137b81d08b829d5b5f4632629408bd84,USD,,12.95,https://www.dv8fashion.com/en/Tally-Weijl-Print-Bandeau-Top---Snake/m-31861.aspx?PartnerID=4730&utm_source=awin&utm_medium=affiliate&utm_campaign=UnitedStatesUS,,,USD29.95,102894,DV8 Fashion,1,,https://www.dv8fashion.com/Images/Models/Full/31861-1.jpg,https://www.dv8fashion.com/Images/Models/Full/31861-2.jpg,,https://www.dv8fashion.com/Images/Models/Full/31861-3.jpg,Womens,Tops & T-Shirts
https://www.awin1.com/pclick.php?p=41493325939&a=2771700&m=116329,Tally Weijl Print Bandeau Top - Snake - M,41493325939,218606AWUS,https://www.dv8fashion.com/Images/Models/Full/31861.jpg,"Introducing our Animal Print Bandeau Top, a stylish choice for your next night out. Crafted from mesh fabric, this fitted bandeau top features a trendy animal print design, perfect for adding a touch of wild charm to your ensemble. With its off-shoulder style and cropped length, it exudes sophistication and allure      Look: Going Out     Pattern: Animal print     Fabric: Mesh     Details: Ruched     Length: Cropped     Sleeve shape: Off Shoulder     Product: Bandeau Top     Fit: Fitted Product Code: P-78335-62--",Sleeveless Tops,29.95,DV8 Fashion (USA),116329,Women's Tops,204,https://images2.productserve.com/?w=200&h=200&bg=white&trim=5&t=letterbox&url=ssl%3Awww.dv8fashion.com%2FImages%2FModels%2FFull%2F31861.jpg&feedId=102894&k=785e9979137b81d08b829d5b5f4632629408bd84,USD,,12.95,https://www.dv8fashion.com/en/Tally-Weijl-Print-Bandeau-Top---Snake/m-31861.aspx?PartnerID=4730&utm_source=awin&utm_medium=affiliate&utm_campaign=UnitedStatesUS,,,USD29.95,102894,DV8 Fashion,1,,https://www.dv8fashion.com/Images/Models/Full/31861-1.jpg,https://www.dv8fashion.com/Images/Models/Full/31861-2.jpg,,https://www.dv8fashion.com/Images/Models/Full/31861-3.jpg,Womens,Tops & T-Shirts
https://www.awin1.com/pclick.php?p=41493325893&a=2771700&m=116329,Tally Weijl Mesh Crop Top - Floral Print - S,41493325893,245237AWUS,https://www.dv8fashion.com/Images/Models/Full/34331.jpg,"This black mesh crop top with a floral print is the perfect piece for a look that&rsquo;s sexy, chic, and refreshingly stylish. Made from lightweight tulle, it has a subtle sheer effect and flattering ruching that shows off your shape just right      Pattern: Floral     Material: Mesh     Colour: Black     Details: Ruching     Length: Short     Sleeves: Strappy     Product: Top Cropped Product Code: P-82236-10--",Sleeveless Tops,26.95,DV8 Fashion (USA),116329,Women's Tops,204,https://images2.productserve.com/?w=200&h=200&bg=white&trim=5&t=letterbox&url=ssl%3Awww.dv8fashion.com%2FImages%2FModels%2FFull%2F34331.jpg&feedId=102894&k=821cde1d76d929414310f8111c5fc037ef659e03,USD,,12.95,https://www.dv8fashion.com/en/Tally-Weijl-Mesh-Crop-Top---Floral-Print/m-34331.aspx?PartnerID=4730&utm_source=awin&utm_medium=affiliate&utm_campaign=UnitedStatesUS,,,USD26.95,102894,DV8 Fashion,1,,https://www.dv8fashion.com/Images/Models/Full/34331-1.jpg,https://www.dv8fashion.com/Images/Models/Full/34331-2.jpg,,https://www.dv8fashion.com/Images/Models/Full/34331-3.jpg,Womens,Tops & T-Shirts
https://www.awin1.com/pclick.php?p=41493325894&a=2771700&m=116329,Tally Weijl Mesh Crop Top - Floral Print - XS,41493325894,245239AWUS,https://www.dv8fashion.com/Images/Models/Full/34331.jpg,"This black mesh crop top with a floral print is the perfect piece for a look that&rsquo;s sexy, chic, and refreshingly stylish. Made from lightweight tulle, it has a subtle sheer effect and flattering ruching that shows off your shape just right      Pattern: Floral     Material: Mesh     Colour: Black     Details: Ruching     Length: Short     Sleeves: Strappy     Product: Top Cropped Product Code: P-82236-10--",Sleeveless Tops,26.95,DV8 Fashion (USA),116329,Women's Tops,204,https://images2.productserve.com/?w=200&h=200&bg=white&trim=5&t=letterbox&url=ssl%3Awww.dv8fashion.com%2FImages%2FModels%2FFull%2F34331.jpg&feedId=102894&k=821cde1d76d929414310f8111c5fc037ef659e03,USD,,12.95,https://www.dv8fashion.com/en/Tally-Weijl-Mesh-Crop-Top---Floral-Print/m-34331.aspx?PartnerID=4730&utm_source=awin&utm_medium=affiliate&utm_campaign=UnitedStatesUS,,,USD26.95,102894,DV8 Fashion,1,,https://www.dv8fashion.com/Images/Models/Full/34331-1.jpg,https://www.dv8fashion.com/Images/Models/Full/34331-2.jpg,,https://www.dv8fashion.com/Images/Models/Full/34331-3.jpg,Womens,Tops & T-Shirts
https://www.awin1.com/pclick.php?p=41493325916&a=2771700&m=116329,Tally Weijl Cut Out Cropped Top - Blue - L,41493325916,207939AWUS,https://www.dv8fashion.com/Images/Models/Full/30823.jpg,"Tally Weijl is a proud member of Better Cotton. By choosing our cotton products, you&acute;re supporting our investment in Better Cotton&acute;s mission. This product was sourced via a system of mass balance and therefore may not contain Better Cotton      Color: Blue     Length: Cropped     Product type: Top Product Code: P-76371-56--",Sleeveless Tops,14.95,DV8 Fashion (USA),116329,Women's Tops,204,https://images2.productserve.com/?w=200&h=200&bg=white&trim=5&t=letterbox&url=ssl%3Awww.dv8fashion.com%2FImages%2FModels%2FFull%2F30823.jpg&feedId=102894&k=892cec2ce1549077535029099b9939587cfd4927,USD,,12.95,https://www.dv8fashion.com/en/Tally-Weijl-Cut-Out-Cropped-Top---Blue/m-30823.aspx?PartnerID=4730&utm_source=awin&utm_medium=affiliate&utm_campaign=UnitedStatesUS,,,USD14.95,102894,DV8 Fashion,1,,https://www.dv8fashion.com/Images/Models/Full/30823-1.jpg,https://www.dv8fashion.com/Images/Models/Full/30823-2.jpg,,https://www.dv8fashion.com/Images/Models/Full/30823-3.jpg,Womens,Tops & T-Shirts
https://www.awin1.com/pclick.php?p=41493325924&a=2771700&m=116329,Tally Weijl Crochet Co-Ord Bralet With Beads - Beige - M,41493325924,215044AWUS,https://www.dv8fashion.com/Images/Models/Full/31516.jpg,"Embrace boho-chic vibes with our Beige Crochet Bralet with Beads Application! This sleeveless bralet features a soft beige hue and intricate crochet detailing. The special mention of beads applications on the v-neck adds a hint of sparkle and coolness, perfect for elevating your summer wardrobe      Fabric: Crochet     Color: Beige     Sleeves: Sleeveless     Product type: Bralet Product Code: P-77962-34--",Sleeveless Tops,39.95,DV8 Fashion (USA),116329,Women's Tops,204,https://images2.productserve.com/?w=200&h=200&bg=white&trim=5&t=letterbox&url=ssl%3Awww.dv8fashion.com%2FImages%2FModels%2FFull%2F31516.jpg&feedId=102894&k=2dbbe599c359337dd57eb9a087bca084e80d8564,USD,,12.95,https://www.dv8fashion.com/en/Tally-Weijl-Crochet-Co-Ord-Bralet-With-Beads---Beige/m-31516.aspx?PartnerID=4730&utm_source=awin&utm_medium=affiliate&utm_campaign=UnitedStatesUS,,,USD39.95,102894,DV8 Fashion,1,,https://www.dv8fashion.com/Images/Models/Full/31516-1.jpg,https://www.dv8fashion.com/Images/Models/Full/31516-2.jpg,,https://www.dv8fashion.com/Images/Models/Full/31516-3.jpg,Womens,Tops & T-Shirts
https://www.awin1.com/pclick.php?p=42029589443&a=2771700&m=116329,Tally Weijl Print Round Neck Top - Snake - S,42029589443,253076AWUS,https://www.dv8fashion.com/Images/Models/Full/35062.jpg,"Make a bold statement with this snake print round neck top, designed for a trendy and modern touch. Crafted from soft cotton, it&rsquo;s fitted to enhance your silhouette while staying super comfy. The short sleeves and eye-catching animal print make it perfect for standing out. Wear it with denim or tailored trousers for a cool, fashionable look.      Neckline: Round Neck     Pattern: Animal print     Fabric: Cotton     Color: Grey, White     Sleeves: Short Sleeves     Product type: Top     Fit: Fitted Product Code: P-83375-26--",Sleeveless Tops,20.95,DV8 Fashion (USA),116329,Women's Tops,204,https://images2.productserve.com/?w=200&h=200&bg=white&trim=5&t=letterbox&url=ssl%3Awww.dv8fashion.com%2FImages%2FModels%2FFull%2F35062.jpg&feedId=102894&k=a4a74ef48f87f2429908b5f20cce49b2c9384afa,USD,,12.95,https://www.dv8fashion.com/en/Tally-Weijl-Print-Round-Neck-Top---Snake/m-35062.aspx?PartnerID=4730&utm_source=awin&utm_medium=affiliate&utm_campaign=UnitedStatesUS,,,USD20.95,102894,DV8 Fashion,1,,https://www.dv8fashion.com/Images/Models/Full/35062-1.jpg,https://www.dv8fashion.com/Images/Models/Full/35062-2.jpg,,https://www.dv8fashion.com/Images/Models/Full/35062-3.jpg,Womens,Tops & T-Shirts
https://www.awin1.com/pclick.php?p=41493325927&a=2771700&m=116329,Tally Weijl Knit Crop Co-Ord Top - Green - XS,41493325927,216483AWUS,https://www.dv8fashion.com/Images/Models/Full/31656.jpg,"Our green knitted crop top is perfect for a casual yet trendy look! The textured knit material gives this top a cool texture, while the skimpy design and sleeveless shape make it ideal for warm days. Wear it solo or pair it with a denim jacket for a casual style. Get it now and be ready to turn heads      Material: Knitting Pattern     Color: Green     Sleeve: Sleeveless     Products: Crop Top Product Code: P-78083-45--",Sleeveless Tops,29.95,DV8 Fashion (USA),116329,Women's Tops,204,https://images2.productserve.com/?w=200&h=200&bg=white&trim=5&t=letterbox&url=ssl%3Awww.dv8fashion.com%2FImages%2FModels%2FFull%2F31656.jpg&feedId=102894&k=39df5dfc9436dc17846e7f41eed751b00abb4d46,USD,,12.95,https://www.dv8fashion.com/en/Tally-Weijl-Knit-Crop-Co-Ord-Top---Green/m-31656.aspx?PartnerID=4730&utm_source=awin&utm_medium=affiliate&utm_campaign=UnitedStatesUS,,,USD29.95,102894,DV8 Fashion,1,,https://www.dv8fashion.com/Images/Models/Full/31656-1.jpg,https://www.dv8fashion.com/Images/Models/Full/31656-2.jpg,,https://www.dv8fashion.com/Images/Models/Full/31656-3.jpg,Womens,Tops & T-Shirts
https://www.awin1.com/pclick.php?p=41493325941&a=2771700&m=116329,Tally Weijl Party Bandeau Co-Ord Top With Strass - White - M,41493325941,218076AWUS,https://www.dv8fashion.com/Images/Models/Full/31810.jpg,"Step into the spotlight with our White Party Bandeau Top with Strass! This glamorous bandeau top features sparkling strass embellishments for a dazzling effect. Perfect for parties and events, its cropped length and off-shoulder design exude elegance and style. Pair it with high-waisted bottoms for a chic and sophisticated look      Look: Party     Fabric: Mesh     Color: White     Length: Cropped     Sleeves: Off Shoulder Product Code: P-78280-11--",Sleeveless Tops,29.95,DV8 Fashion (USA),116329,Women's Tops,204,https://images2.productserve.com/?w=200&h=200&bg=white&trim=5&t=letterbox&url=ssl%3Awww.dv8fashion.com%2FImages%2FModels%2FFull%2F31810.jpg&feedId=102894&k=3571bcfd8e5f40cc466ad80970bf51181f80bfce,USD,,12.95,https://www.dv8fashion.com/en/Tally-Weijl-Party-Bandeau-Co-Ord-Top-With-Strass---White/m-31810.aspx?PartnerID=4730&utm_source=awin&utm_medium=affiliate&utm_campaign=UnitedStatesUS,,,USD29.95,102894,DV8 Fashion,1,,https://www.dv8fashion.com/Images/Models/Full/31810-1.jpg,https://www.dv8fashion.com/Images/Models/Full/31810-2.jpg,,https://www.dv8fashion.com/Images/Models/Full/31810-3.jpg,Womens,Tops & T-Shirts
https://www.awin1.com/pclick.php?p=41493325934&a=2771700&m=116329,Tally Weijl Halter Knit Top With Lurex - Beige - XS,41493325934,218024AWUS,https://www.dv8fashion.com/Images/Models/Full/31805.jpg,"Introducing our Halter Knit Top with Lurex in a chic beige hue. Crafted from high-quality knit fabric with shimmering lurex accents. Sleeveless and sexy, it&apos;s ideal for warm-weather days and nights out. Elevate your wardrobe with this versatile and glamorous top      Neckline: Halter     Look: Sexy     Fabric: Knit     Color: Beige     Details: Glitters     Length: Cropped     Sleeves: Sleeveless     Product type: Top     Fit: Fitted Product Code: P-78276-26--",Sleeveless Tops,29.95,DV8 Fashion (USA),116329,Women's Tops,204,https://images2.productserve.com/?w=200&h=200&bg=white&trim=5&t=letterbox&url=ssl%3Awww.dv8fashion.com%2FImages%2FModels%2FFull%2F31805.jpg&feedId=102894&k=b6defeb22a7e2e77e8822e1b0d5553be1e80f83c,USD,,12.95,https://www.dv8fashion.com/en/Tally-Weijl-Halter-Knit-Top-With-Lurex---Beige/m-31805.aspx?PartnerID=4730&utm_source=awin&utm_medium=affiliate&utm_campaign=UnitedStatesUS,,,USD29.95,102894,DV8 Fashion,1,,https://www.dv8fashion.com/Images/Models/Full/31805-1.jpg,https://www.dv8fashion.com/Images/Models/Full/31805-2.jpg,,https://www.dv8fashion.com/Images/Models/Full/31805-3.jpg,Womens,Tops & T-Shirts
https://www.awin1.com/pclick.php?p=41493325933&a=2771700&m=116329,Tally Weijl Halter Knit Top With Lurex - Beige - S,41493325933,218022AWUS,https://www.dv8fashion.com/Images/Models/Full/31805.jpg,"Introducing our Halter Knit Top with Lurex in a chic beige hue. Crafted from high-quality knit fabric with shimmering lurex accents. Sleeveless and sexy, it&apos;s ideal for warm-weather days and nights out. Elevate your wardrobe with this versatile and glamorous top      Neckline: Halter     Look: Sexy     Fabric: Knit     Color: Beige     Details: Glitters     Length: Cropped     Sleeves: Sleeveless     Product type: Top     Fit: Fitted Product Code: P-78276-26--",Sleeveless Tops,29.95,DV8 Fashion (USA),116329,Women's Tops,204,https://images2.productserve.com/?w=200&h=200&bg=white&trim=5&t=letterbox&url=ssl%3Awww.dv8fashion.com%2FImages%2FModels%2FFull%2F31805.jpg&feedId=102894&k=b6defeb22a7e2e77e8822e1b0d5553be1e80f83c,USD,,12.95,https://www.dv8fashion.com/en/Tally-Weijl-Halter-Knit-Top-With-Lurex---Beige/m-31805.aspx?PartnerID=4730&utm_source=awin&utm_medium=affiliate&utm_campaign=UnitedStatesUS,,,USD29.95,102894,DV8 Fashion,1,,https://www.dv8fashion.com/Images/Models/Full/31805-1.jpg,https://www.dv8fashion.com/Images/Models/Full/31805-2.jpg,,https://www.dv8fashion.com/Images/Models/Full/31805-3.jpg,Womens,Tops & T-Shirts
https://www.awin1.com/pclick.php?p=41857301404&a=2771700&m=116329,Tally Weijl Tank Top - Purple - L,41857301404,251730AWUS,https://www.dv8fashion.com/Images/Models/Full/34940.jpg,"Add a pop of color to your wardrobe with this Purple Tank Top made from soft ribbed cotton for a fitted and comfy feel. Its sleeveless design keeps you cool and perfect for layering or wearing solo on warmer days. The plain purple shade is versatile and easy to match with your favorite jeans, skirts, or shorts. Lightweight and breathable, this tank top is designed for all-day      Pattern: Plain     Fabric: Cotton, Ribbed     Colors: Purple     Sleeve shape: Sleeveless     Product: Tank top     Fit: Fitted Product Code: P-83140-23--",Sleeveless Tops,22.95,DV8 Fashion (USA),116329,Women's Tops,204,https://images2.productserve.com/?w=200&h=200&bg=white&trim=5&t=letterbox&url=ssl%3Awww.dv8fashion.com%2FImages%2FModels%2FFull%2F34940.jpg&feedId=102894&k=8d27b83a9c6a863f401c902335173624811392a7,USD,,12.95,https://www.dv8fashion.com/en/Tally-Weijl-Tank-Top---Purple/m-34940.aspx?PartnerID=4730&utm_source=awin&utm_medium=affiliate&utm_campaign=UnitedStatesUS,,,USD22.95,102894,DV8 Fashion,1,,https://www.dv8fashion.com/Images/Models/Full/34940-1.jpg,https://www.dv8fashion.com/Images/Models/Full/34940-2.jpg,,https://www.dv8fashion.com/Images/Models/Full/34940-3.jpg,Womens,Tops & T-Shirts
https://www.awin1.com/pclick.php?p=41862900464&a=2771700&m=116329,Tally Weijl Printed Tank Top - Green - M,41862900464,251764AWUS,https://www.dv8fashion.com/Images/Models/Full/34943.jpg,"Fresh and fun, this green printed tank top brings a pop of color to your casual outfits. The soft cotton fabric feels great on the skin, and the sleeveless round neck cut makes it super easy to wear. Pair it with denim or flowy trousers for a cool off duty look. A simple but trendy essential      Neckline: Round Neck     Pattern: Printed     Fabric: Cotton     Color: Green     Sleeves: Sleeveless     Product type: Tank top Product Code: P-83141-45--",Sleeveless Tops,20.95,DV8 Fashion (USA),116329,Women's Tops,204,https://images2.productserve.com/?w=200&h=200&bg=white&trim=5&t=letterbox&url=ssl%3Awww.dv8fashion.com%2FImages%2FModels%2FFull%2F34943.jpg&feedId=102894&k=768e197e13156320488d1c58a681f5a65cc7f202,USD,,12.95,https://www.dv8fashion.com/en/Tally-Weijl-Printed-Tank-Top---Green/m-34943.aspx?PartnerID=4730&utm_source=awin&utm_medium=affiliate&utm_campaign=UnitedStatesUS,,,USD20.95,102894,DV8 Fashion,1,,https://www.dv8fashion.com/Images/Models/Full/34943-1.jpg,https://www.dv8fashion.com/Images/Models/Full/34943-2.jpg,,https://www.dv8fashion.com/Images/Models/Full/34943-3.jpg,Womens,Tops & T-Shirts
https://www.awin1.com/pclick.php?p=41493325940&a=2771700&m=116329,Tally Weijl Party Bandeau Co-Ord Top With Strass - White - L,41493325940,218075AWUS,https://www.dv8fashion.com/Images/Models/Full/31810.jpg,"Step into the spotlight with our White Party Bandeau Top with Strass! This glamorous bandeau top features sparkling strass embellishments for a dazzling effect. Perfect for parties and events, its cropped length and off-shoulder design exude elegance and style. Pair it with high-waisted bottoms for a chic and sophisticated look      Look: Party     Fabric: Mesh     Color: White     Length: Cropped     Sleeves: Off Shoulder Product Code: P-78280-11--",Sleeveless Tops,29.95,DV8 Fashion (USA),116329,Women's Tops,204,https://images2.productserve.com/?w=200&h=200&bg=white&trim=5&t=letterbox&url=ssl%3Awww.dv8fashion.com%2FImages%2FModels%2FFull%2F31810.jpg&feedId=102894&k=3571bcfd8e5f40cc466ad80970bf51181f80bfce,USD,,12.95,https://www.dv8fashion.com/en/Tally-Weijl-Party-Bandeau-Co-Ord-Top-With-Strass---White/m-31810.aspx?PartnerID=4730&utm_source=awin&utm_medium=affiliate&utm_campaign=UnitedStatesUS,,,USD29.95,102894,DV8 Fashion,1,,https://www.dv8fashion.com/Images/Models/Full/31810-1.jpg,https://www.dv8fashion.com/Images/Models/Full/31810-2.jpg,,https://www.dv8fashion.com/Images/Models/Full/31810-3.jpg,Womens,Tops & T-Shirts
https://www.awin1.com/pclick.php?p=41705768325&a=2771700&m=116329,Tally Weijl Striped Knited Pointelle Bikini Top - White/Black - S,41705768325,250815AWUS,https://www.dv8fashion.com/Images/Models/Full/34862.jpg,"Make waves this season with this striped knitted pointelle bikini top, make it a co-ord with matching shorts...      Pattern: Striped     Fabric: Knit, pointelle     Color: Black, white     Sleeve shape: Sleeveless     Product type: Top Product Code: P-82977-11--",Sleeveless Tops,25.95,DV8 Fashion (USA),116329,Women's Tops,204,https://images2.productserve.com/?w=200&h=200&bg=white&trim=5&t=letterbox&url=ssl%3Awww.dv8fashion.com%2FImages%2FModels%2FFull%2F34862.jpg&feedId=102894&k=73974b450262af6f23c8055819a41bf72efb833a,USD,,12.95,https://www.dv8fashion.com/en/Tally-Weijl-Striped-Knited-Pointelle-Bikini-Top---WhiteBlack/m-34862.aspx?PartnerID=4730&utm_source=awin&utm_medium=affiliate&utm_campaign=UnitedStatesUS,,,USD25.95,102894,DV8 Fashion,1,,https://www.dv8fashion.com/Images/Models/Full/34862-1.jpg,https://www.dv8fashion.com/Images/Models/Full/34862-2.jpg,,https://www.dv8fashion.com/Images/Models/Full/34862-3.jpg,Womens,Tops & T-Shirts
https://www.awin1.com/pclick.php?p=41493325928&a=2771700&m=116329,Tally Weijl Crop Top With Ruffles - White - M,41493325928,216510AWUS,https://www.dv8fashion.com/Images/Models/Full/31659.jpg,"The white crop top with ruffles is a playful and feminine piece for your wardrobe. With a V-neckline and lacing at the neck, decorated with pearl appliqu&eacute;s, it will add a romantic yet modern touch to your outfit. Ideal for summer or special occasions      Neckline: V-neck     Color: White     Details: Ruffled     Sleeve: Sleeveless     Products: Crop Top Product Code: P-78086-11--",Sleeveless Tops,31.95,DV8 Fashion (USA),116329,Women's Tops,204,https://images2.productserve.com/?w=200&h=200&bg=white&trim=5&t=letterbox&url=ssl%3Awww.dv8fashion.com%2FImages%2FModels%2FFull%2F31659.jpg&feedId=102894&k=4b869ca6101b469215ad4e703318f14f72e90d28,USD,,12.95,https://www.dv8fashion.com/en/Tally-Weijl-Crop-Top-With-Ruffles---White/m-31659.aspx?PartnerID=4730&utm_source=awin&utm_medium=affiliate&utm_campaign=UnitedStatesUS,,,USD31.95,102894,DV8 Fashion,1,,https://www.dv8fashion.com/Images/Models/Full/31659-1.jpg,https://www.dv8fashion.com/Images/Models/Full/31659-2.jpg,,https://www.dv8fashion.com/Images/Models/Full/31659-3.jpg,Womens,Tops & T-Shirts
https://www.awin1.com/pclick.php?p=41493325929&a=2771700&m=116329,Tally Weijl Crop Top With Ruffles - White - S,41493325929,216511AWUS,https://www.dv8fashion.com/Images/Models/Full/31659.jpg,"The white crop top with ruffles is a playful and feminine piece for your wardrobe. With a V-neckline and lacing at the neck, decorated with pearl appliqu&eacute;s, it will add a romantic yet modern touch to your outfit. Ideal for summer or special occasions      Neckline: V-neck     Color: White     Details: Ruffled     Sleeve: Sleeveless     Products: Crop Top Product Code: P-78086-11--",Sleeveless Tops,31.95,DV8 Fashion (USA),116329,Women's Tops,204,https://images2.productserve.com/?w=200&h=200&bg=white&trim=5&t=letterbox&url=ssl%3Awww.dv8fashion.com%2FImages%2FModels%2FFull%2F31659.jpg&feedId=102894&k=4b869ca6101b469215ad4e703318f14f72e90d28,USD,,12.95,https://www.dv8fashion.com/en/Tally-Weijl-Crop-Top-With-Ruffles---White/m-31659.aspx?PartnerID=4730&utm_source=awin&utm_medium=affiliate&utm_campaign=UnitedStatesUS,,,USD31.95,102894,DV8 Fashion,1,,https://www.dv8fashion.com/Images/Models/Full/31659-1.jpg,https://www.dv8fashion.com/Images/Models/Full/31659-2.jpg,,https://www.dv8fashion.com/Images/Models/Full/31659-3.jpg,Womens,Tops & T-Shirts
https://www.awin1.com/pclick.php?p=41705768326&a=2771700&m=116329,Tally Weijl Striped Knited Pointelle Bikini Top - White/Black - XS,41705768326,250817AWUS,https://www.dv8fashion.com/Images/Models/Full/34862.jpg,"Make waves this season with this striped knitted pointelle bikini top, make it a co-ord with matching shorts...      Pattern: Striped     Fabric: Knit, pointelle     Color: Black, white     Sleeve shape: Sleeveless     Product type: Top Product Code: P-82977-11--",Sleeveless Tops,25.95,DV8 Fashion (USA),116329,Women's Tops,204,https://images2.productserve.com/?w=200&h=200&bg=white&trim=5&t=letterbox&url=ssl%3Awww.dv8fashion.com%2FImages%2FModels%2FFull%2F34862.jpg&feedId=102894&k=73974b450262af6f23c8055819a41bf72efb833a,USD,,12.95,https://www.dv8fashion.com/en/Tally-Weijl-Striped-Knited-Pointelle-Bikini-Top---WhiteBlack/m-34862.aspx?PartnerID=4730&utm_source=awin&utm_medium=affiliate&utm_campaign=UnitedStatesUS,,,USD25.95,102894,DV8 Fashion,1,,https://www.dv8fashion.com/Images/Models/Full/34862-1.jpg,https://www.dv8fashion.com/Images/Models/Full/34862-2.jpg,,https://www.dv8fashion.com/Images/Models/Full/34862-3.jpg,Womens,Tops & T-Shirts
https://www.awin1.com/pclick.php?p=41493325926&a=2771700&m=116329,Tally Weijl Knit Crop Co-Ord Top - Green - M,41493325926,216480AWUS,https://www.dv8fashion.com/Images/Models/Full/31656.jpg,"Our green knitted crop top is perfect for a casual yet trendy look! The textured knit material gives this top a cool texture, while the skimpy design and sleeveless shape make it ideal for warm days. Wear it solo or pair it with a denim jacket for a casual style. Get it now and be ready to turn heads      Material: Knitting Pattern     Color: Green     Sleeve: Sleeveless     Products: Crop Top Product Code: P-78083-45--",Sleeveless Tops,29.95,DV8 Fashion (USA),116329,Women's Tops,204,https://images2.productserve.com/?w=200&h=200&bg=white&trim=5&t=letterbox&url=ssl%3Awww.dv8fashion.com%2FImages%2FModels%2FFull%2F31656.jpg&feedId=102894&k=39df5dfc9436dc17846e7f41eed751b00abb4d46,USD,,12.95,https://www.dv8fashion.com/en/Tally-Weijl-Knit-Crop-Co-Ord-Top---Green/m-31656.aspx?PartnerID=4730&utm_source=awin&utm_medium=affiliate&utm_campaign=UnitedStatesUS,,,USD29.95,102894,DV8 Fashion,1,,https://www.dv8fashion.com/Images/Models/Full/31656-1.jpg,https://www.dv8fashion.com/Images/Models/Full/31656-2.jpg,,https://www.dv8fashion.com/Images/Models/Full/31656-3.jpg,Womens,Tops & T-Shirts
https://www.awin1.com/pclick.php?p=41705768324&a=2771700&m=116329,Tally Weijl Striped Knited Pointelle Bikini Top - White/Black - M,41705768324,250814AWUS,https://www.dv8fashion.com/Images/Models/Full/34862.jpg,"Make waves this season with this striped knitted pointelle bikini top, make it a co-ord with matching shorts...      Pattern: Striped     Fabric: Knit, pointelle     Color: Black, white     Sleeve shape: Sleeveless     Product type: Top Product Code: P-82977-11--",Sleeveless Tops,25.95,DV8 Fashion (USA),116329,Women's Tops,204,https://images2.productserve.com/?w=200&h=200&bg=white&trim=5&t=letterbox&url=ssl%3Awww.dv8fashion.com%2FImages%2FModels%2FFull%2F34862.jpg&feedId=102894&k=73974b450262af6f23c8055819a41bf72efb833a,USD,,12.95,https://www.dv8fashion.com/en/Tally-Weijl-Striped-Knited-Pointelle-Bikini-Top---WhiteBlack/m-34862.aspx?PartnerID=4730&utm_source=awin&utm_medium=affiliate&utm_campaign=UnitedStatesUS,,,USD25.95,102894,DV8 Fashion,1,,https://www.dv8fashion.com/Images/Models/Full/34862-1.jpg,https://www.dv8fashion.com/Images/Models/Full/34862-2.jpg,,https://www.dv8fashion.com/Images/Models/Full/34862-3.jpg,Womens,Tops & T-Shirts
https://www.awin1.com/pclick.php?p=41517008396&a=2771700&m=116329,Tally Weijl Front Lace Up Detail Tank Top - White - L,41517008396,218955AWUS,https://www.dv8fashion.com/Images/Models/Full/31895.jpg,"Introducing our Front Lace-Up Detail White Tank Top, a versatile and stylish addition to your wardrobe. Crafted from comfortable cotton fabric, this fitted tank top features a trendy lace-up detail at the front, adding a touch of sophistication to your look. With its classic round neck and spaghetti straps, it&apos;s perfect for creating a casual yet fashionable outfit      Neckline: Round Neck     Look: Fabric: Cotton     Color: White     Sleeves: Spaghetti     Product type: Top     Fit: Fitted Product Code: P-78399-11--",Sleeveless Tops,13.95,DV8 Fashion (USA),116329,Women's Tops,204,https://images2.productserve.com/?w=200&h=200&bg=white&trim=5&t=letterbox&url=ssl%3Awww.dv8fashion.com%2FImages%2FModels%2FFull%2F31895.jpg&feedId=102894&k=31fec14940e5045937aa3c1961618428047190ac,USD,,12.95,https://www.dv8fashion.com/en/Tally-Weijl-Front-Lace-Up-Detail-Tank-Top---White/m-31895.aspx?PartnerID=4730&utm_source=awin&utm_medium=affiliate&utm_campaign=UnitedStatesUS,,,USD13.95,102894,DV8 Fashion,1,,https://www.dv8fashion.com/Images/Models/Full/31895-1.jpg,https://www.dv8fashion.com/Images/Models/Full/31895-2.jpg,,https://www.dv8fashion.com/Images/Models/Full/31895-3.jpg,Womens,Tops & T-Shirts
https://www.awin1.com/pclick.php?p=41857301412&a=2771700&m=116329,Tally Weijl One Shoulder Top - Purple - L,41857301412,251752AWUS,https://www.dv8fashion.com/Images/Models/Full/34942.jpg,"Add a bold pop of color to your wardrobe with this One Shoulder Purple Top. Crafted from soft, ribbed cotton, it offers a snug, comfy fit that flatters your figure. The asymmetric one-shoulder cut adds an edgy, fashion-forward vibe to your look, making it perfect for both casual days and nights out. The plain purple shade is rich and versatile, easy to pair with jeans, skirts, or statement accessories      Neckline: Asymmetric     Pattern: Plain     Fabric: Cotton, Ribbed     Color: Purple     Sleeves: One shoulder     Product type: TProduct Code: P-83143-23--",Sleeveless Tops,20.95,DV8 Fashion (USA),116329,Women's Tops,204,https://images2.productserve.com/?w=200&h=200&bg=white&trim=5&t=letterbox&url=ssl%3Awww.dv8fashion.com%2FImages%2FModels%2FFull%2F34942.jpg&feedId=102894&k=89a27ee62245af396707a464d670b66dedb62da6,USD,,12.95,https://www.dv8fashion.com/en/Tally-Weijl-One-Shoulder-Top---Purple/m-34942.aspx?PartnerID=4730&utm_source=awin&utm_medium=affiliate&utm_campaign=UnitedStatesUS,,,USD20.95,102894,DV8 Fashion,1,,https://www.dv8fashion.com/Images/Models/Full/34942-1.jpg,https://www.dv8fashion.com/Images/Models/Full/34942-2.jpg,,https://www.dv8fashion.com/Images/Models/Full/34942-3.jpg,Womens,Tops & T-Shirts
https://www.awin1.com/pclick.php?p=41493325908&a=2771700&m=116329,Tally Weijl Boat Neck Sleeveless Top - Black - L,41493325908,248635AWUS,https://www.dv8fashion.com/Images/Models/Full/34661.jpg,"Elevate your basics with this Black Boat Neck Sleeveless Top, a sleek and timeless addition to your wardrobe. Made from soft, breathable cotton, it offers a comfortable fit that&rsquo;s perfect for everyday wear. The classic boat neckline adds a touch of sophistication, while the sleeveless design keeps you cool and ready for layering      Fabric: Cotton     Color: Black     Sleeves: Sleeveless     Product type: Top     Fit: Basic Product Code: P-82707-10--",Sleeveless Tops,20.95,DV8 Fashion (USA),116329,Women's Tops,204,https://images2.productserve.com/?w=200&h=200&bg=white&trim=5&t=letterbox&url=ssl%3Awww.dv8fashion.com%2FImages%2FModels%2FFull%2F34661.jpg&feedId=102894&k=4e6e432dd510cb0e8b8cd0d27c12fe0250a675b2,USD,,12.95,https://www.dv8fashion.com/en/Tally-Weijl-Boat-Neck-Sleeveless-Top---Black/m-34661.aspx?PartnerID=4730&utm_source=awin&utm_medium=affiliate&utm_campaign=UnitedStatesUS,,,USD20.95,102894,DV8 Fashion,1,,https://www.dv8fashion.com/Images/Models/Full/34661-1.jpg,https://www.dv8fashion.com/Images/Models/Full/34661-2.jpg,,https://www.dv8fashion.com/Images/Models/Full/34661-3.jpg,Womens,Tops & T-Shirts
https://www.awin1.com/pclick.php?p=41493325950&a=2771700&m=116329,In The Style Crochet Lace Up Top - Black / Cream - 12,41493325950,215448AWUS,https://www.dv8fashion.com/Images/Models/Full/31557.jpg,Update your look with In The Style sleeveless lace top...      Cream and black crochet lace pattern     Lace tie back     Cropped length Product Code: P-77990-10--,Sleeveless Tops,46.95,DV8 Fashion (USA),116329,Women's Tops,204,https://images2.productserve.com/?w=200&h=200&bg=white&trim=5&t=letterbox&url=ssl%3Awww.dv8fashion.com%2FImages%2FModels%2FFull%2F31557.jpg&feedId=102894&k=d8c57d8644f093b214cdf3dd6456007c6f80397f,USD,,12.95,https://www.dv8fashion.com/en/In-The-Style-Crochet-Lace-Up-Top---Black--Cream/m-31557.aspx?PartnerID=4730&utm_source=awin&utm_medium=affiliate&utm_campaign=UnitedStatesUS,,,USD46.95,102894,DV8 Fashion,1,,https://www.dv8fashion.com/Images/Models/Full/31557-1.jpg,https://www.dv8fashion.com/Images/Models/Full/31557-2.jpg,,https://www.dv8fashion.com/Images/Models/Full/31557-3.jpg,Womens,Tops & T-Shirts
https://www.awin1.com/pclick.php?p=41493325947&a=2771700&m=116329,In The Style Fringe Knit Vest - Cream - M,41493325947,215273AWUS,https://www.dv8fashion.com/Images/Models/Full/31541.jpg,We are obsessed with the tassel detail on this crochet top!      Crochet detailing     Tassel style     Round neckline Product Code: P-77988-26--,Sleeveless Tops,42.95,DV8 Fashion (USA),116329,Women's Tops,204,https://images2.productserve.com/?w=200&h=200&bg=white&trim=5&t=letterbox&url=ssl%3Awww.dv8fashion.com%2FImages%2FModels%2FFull%2F31541.jpg&feedId=102894&k=9a0473bced44832545a1f3636e631a78695458cd,USD,,12.95,https://www.dv8fashion.com/en/In-The-Style-Fringe-Knit-Vest---Cream/m-31541.aspx?PartnerID=4730&utm_source=awin&utm_medium=affiliate&utm_campaign=UnitedStatesUS,,,USD42.95,102894,DV8 Fashion,1,,https://www.dv8fashion.com/Images/Models/Full/31541-1.jpg,https://www.dv8fashion.com/Images/Models/Full/31541-2.jpg,,https://www.dv8fashion.com/Images/Models/Full/31541-3.jpg,Womens,Tops & T-Shirts
https://www.awin1.com/pclick.php?p=41493325949&a=2771700&m=116329,In The Style Crochet Lace Up Top - Black / Cream - 10,41493325949,215447AWUS,https://www.dv8fashion.com/Images/Models/Full/31557.jpg,Update your look with In The Style sleeveless lace top...      Cream and black crochet lace pattern     Lace tie back     Cropped length Product Code: P-77990-10--,Sleeveless Tops,46.95,DV8 Fashion (USA),116329,Women's Tops,204,https://images2.productserve.com/?w=200&h=200&bg=white&trim=5&t=letterbox&url=ssl%3Awww.dv8fashion.com%2FImages%2FModels%2FFull%2F31557.jpg&feedId=102894&k=d8c57d8644f093b214cdf3dd6456007c6f80397f,USD,,12.95,https://www.dv8fashion.com/en/In-The-Style-Crochet-Lace-Up-Top---Black--Cream/m-31557.aspx?PartnerID=4730&utm_source=awin&utm_medium=affiliate&utm_campaign=UnitedStatesUS,,,USD46.95,102894,DV8 Fashion,1,,https://www.dv8fashion.com/Images/Models/Full/31557-1.jpg,https://www.dv8fashion.com/Images/Models/Full/31557-2.jpg,,https://www.dv8fashion.com/Images/Models/Full/31557-3.jpg,Womens,Tops & T-Shirts
https://www.awin1.com/pclick.php?p=41493325948&a=2771700&m=116329,In The Style Fringe Knit Vest - Cream - S,41493325948,215274AWUS,https://www.dv8fashion.com/Images/Models/Full/31541.jpg,We are obsessed with the tassel detail on this crochet top!      Crochet detailing     Tassel style     Round neckline Product Code: P-77988-26--,Sleeveless Tops,42.95,DV8 Fashion (USA),116329,Women's Tops,204,https://images2.productserve.com/?w=200&h=200&bg=white&trim=5&t=letterbox&url=ssl%3Awww.dv8fashion.com%2FImages%2FModels%2FFull%2F31541.jpg&feedId=102894&k=9a0473bced44832545a1f3636e631a78695458cd,USD,,12.95,https://www.dv8fashion.com/en/In-The-Style-Fringe-Knit-Vest---Cream/m-31541.aspx?PartnerID=4730&utm_source=awin&utm_medium=affiliate&utm_campaign=UnitedStatesUS,,,USD42.95,102894,DV8 Fashion,1,,https://www.dv8fashion.com/Images/Models/Full/31541-1.jpg,https://www.dv8fashion.com/Images/Models/Full/31541-2.jpg,,https://www.dv8fashion.com/Images/Models/Full/31541-3.jpg,Womens,Tops & T-Shirts
https://www.awin1.com/pclick.php?p=41493325888&a=2771700&m=116329,Tally Weijl Lace Top With Ruffles - White - L,41493325888,245224AWUS,https://www.dv8fashion.com/Images/Models/Full/34330.jpg,"This white lace and ruffle top is the perfect pick for a fresh, romantic, and super feminine look. With its elegant V-neckline, thin straps, and cropped cut, it flatters your shape while keeping things light and comfy. The delicate lace adds a touch of sophistication, and the ruffles bring movement and charm to the whole look      Neckline: V-Neck     Fabric: Lace     Color: White     Details: Ruffles     Length: Cropped     Sleeves: Spaghetti     Product type: Top Product Code: P-82235-11--",Sleeveless Tops,40.95,DV8 Fashion (USA),116329,Women's Tops,204,https://images2.productserve.com/?w=200&h=200&bg=white&trim=5&t=letterbox&url=ssl%3Awww.dv8fashion.com%2FImages%2FModels%2FFull%2F34330.jpg&feedId=102894&k=91eaee4ed48fe48bbfdff2c8e22bd5cee2173642,USD,,12.95,https://www.dv8fashion.com/en/Tally-Weijl-Lace-Top-With-Ruffles---White/m-34330.aspx?PartnerID=4730&utm_source=awin&utm_medium=affiliate&utm_campaign=UnitedStatesUS,,,USD40.95,102894,DV8 Fashion,1,,https://www.dv8fashion.com/Images/Models/Full/34330-1.jpg,https://www.dv8fashion.com/Images/Models/Full/34330-2.jpg,,https://www.dv8fashion.com/Images/Models/Full/34330-3.jpg,Womens,Tops & T-Shirts
https://www.awin1.com/pclick.php?p=41493325952&a=2771700&m=116329,In The Style Crochet Lace Up Top - Black / Cream - 16,41493325952,215450AWUS,https://www.dv8fashion.com/Images/Models/Full/31557.jpg,Update your look with In The Style sleeveless lace top...      Cream and black crochet lace pattern     Lace tie back     Cropped length Product Code: P-77990-10--,Sleeveless Tops,46.95,DV8 Fashion (USA),116329,Women's Tops,204,https://images2.productserve.com/?w=200&h=200&bg=white&trim=5&t=letterbox&url=ssl%3Awww.dv8fashion.com%2FImages%2FModels%2FFull%2F31557.jpg&feedId=102894&k=d8c57d8644f093b214cdf3dd6456007c6f80397f,USD,,12.95,https://www.dv8fashion.com/en/In-The-Style-Crochet-Lace-Up-Top---Black--Cream/m-31557.aspx?PartnerID=4730&utm_source=awin&utm_medium=affiliate&utm_campaign=UnitedStatesUS,,,USD46.95,102894,DV8 Fashion,1,,https://www.dv8fashion.com/Images/Models/Full/31557-1.jpg,https://www.dv8fashion.com/Images/Models/Full/31557-2.jpg,,https://www.dv8fashion.com/Images/Models/Full/31557-3.jpg,Womens,Tops & T-Shirts
https://www.awin1.com/pclick.php?p=41857301409&a=2771700&m=116329,Tally Weijl Tank Top With Strass - Black - M,41857301409,251742AWUS,https://www.dv8fashion.com/Images/Models/Full/34941.jpg,"Shine bright in this Black Tank Top with sparkling strass details that add just the right amount of glam to your casual look. Made from soft ribbed cotton, it fits snugly to highlight your silhouette while keeping you comfortable all day long. The sleeveless design and classic black color make it a versatile piece that pairs perfectly with jeans, skirts, or shorts      Fabric: Cotton, Ribbed     Color: Black     Details: Strass     Sleeves: Sleeveless     Product type: Tank top     Fit: Fitted Product Code: P-83139-10--",Sleeveless Tops,26.95,DV8 Fashion (USA),116329,Women's Tops,204,https://images2.productserve.com/?w=200&h=200&bg=white&trim=5&t=letterbox&url=ssl%3Awww.dv8fashion.com%2FImages%2FModels%2FFull%2F34941.jpg&feedId=102894&k=09c7e5489765dda7c081a4f480240039f92f3aed,USD,,12.95,https://www.dv8fashion.com/en/Tally-Weijl-Tank-Top-With-Strass---Black/m-34941.aspx?PartnerID=4730&utm_source=awin&utm_medium=affiliate&utm_campaign=UnitedStatesUS,,,USD26.95,102894,DV8 Fashion,1,,https://www.dv8fashion.com/Images/Models/Full/34941-1.jpg,https://www.dv8fashion.com/Images/Models/Full/34941-2.jpg,,https://www.dv8fashion.com/Images/Models/Full/34941-3.jpg,Womens,Tops & T-Shirts
https://www.awin1.com/pclick.php?p=41862900466&a=2771700&m=116329,Tally Weijl Printed Tank Top - Green - XS,41862900466,251767AWUS,https://www.dv8fashion.com/Images/Models/Full/34943.jpg,"Fresh and fun, this green printed tank top brings a pop of color to your casual outfits. The soft cotton fabric feels great on the skin, and the sleeveless round neck cut makes it super easy to wear. Pair it with denim or flowy trousers for a cool off duty look. A simple but trendy essential      Neckline: Round Neck     Pattern: Printed     Fabric: Cotton     Color: Green     Sleeves: Sleeveless     Product type: Tank top Product Code: P-83141-45--",Sleeveless Tops,20.95,DV8 Fashion (USA),116329,Women's Tops,204,https://images2.productserve.com/?w=200&h=200&bg=white&trim=5&t=letterbox&url=ssl%3Awww.dv8fashion.com%2FImages%2FModels%2FFull%2F34943.jpg&feedId=102894&k=768e197e13156320488d1c58a681f5a65cc7f202,USD,,12.95,https://www.dv8fashion.com/en/Tally-Weijl-Printed-Tank-Top---Green/m-34943.aspx?PartnerID=4730&utm_source=awin&utm_medium=affiliate&utm_campaign=UnitedStatesUS,,,USD20.95,102894,DV8 Fashion,1,,https://www.dv8fashion.com/Images/Models/Full/34943-1.jpg,https://www.dv8fashion.com/Images/Models/Full/34943-2.jpg,,https://www.dv8fashion.com/Images/Models/Full/34943-3.jpg,Womens,Tops & T-Shirts
https://www.awin1.com/pclick.php?p=41493325911&a=2771700&m=116329,Tally Weijl Boat Neck Sleeveless Top - Black - XS,41493325911,248639AWUS,https://www.dv8fashion.com/Images/Models/Full/34661.jpg,"Elevate your basics with this Black Boat Neck Sleeveless Top, a sleek and timeless addition to your wardrobe. Made from soft, breathable cotton, it offers a comfortable fit that&rsquo;s perfect for everyday wear. The classic boat neckline adds a touch of sophistication, while the sleeveless design keeps you cool and ready for layering      Fabric: Cotton     Color: Black     Sleeves: Sleeveless     Product type: Top     Fit: Basic Product Code: P-82707-10--",Sleeveless Tops,20.95,DV8 Fashion (USA),116329,Women's Tops,204,https://images2.productserve.com/?w=200&h=200&bg=white&trim=5&t=letterbox&url=ssl%3Awww.dv8fashion.com%2FImages%2FModels%2FFull%2F34661.jpg&feedId=102894&k=4e6e432dd510cb0e8b8cd0d27c12fe0250a675b2,USD,,12.95,https://www.dv8fashion.com/en/Tally-Weijl-Boat-Neck-Sleeveless-Top---Black/m-34661.aspx?PartnerID=4730&utm_source=awin&utm_medium=affiliate&utm_campaign=UnitedStatesUS,,,USD20.95,102894,DV8 Fashion,1,,https://www.dv8fashion.com/Images/Models/Full/34661-1.jpg,https://www.dv8fashion.com/Images/Models/Full/34661-2.jpg,,https://www.dv8fashion.com/Images/Models/Full/34661-3.jpg,Womens,Tops & T-Shirts
https://www.awin1.com/pclick.php?p=41493325951&a=2771700&m=116329,In The Style Crochet Lace Up Top - Black / Cream - 14,41493325951,215449AWUS,https://www.dv8fashion.com/Images/Models/Full/31557.jpg,Update your look with In The Style sleeveless lace top...      Cream and black crochet lace pattern     Lace tie back     Cropped length Product Code: P-77990-10--,Sleeveless Tops,46.95,DV8 Fashion (USA),116329,Women's Tops,204,https://images2.productserve.com/?w=200&h=200&bg=white&trim=5&t=letterbox&url=ssl%3Awww.dv8fashion.com%2FImages%2FModels%2FFull%2F31557.jpg&feedId=102894&k=d8c57d8644f093b214cdf3dd6456007c6f80397f,USD,,12.95,https://www.dv8fashion.com/en/In-The-Style-Crochet-Lace-Up-Top---Black--Cream/m-31557.aspx?PartnerID=4730&utm_source=awin&utm_medium=affiliate&utm_campaign=UnitedStatesUS,,,USD46.95,102894,DV8 Fashion,1,,https://www.dv8fashion.com/Images/Models/Full/31557-1.jpg,https://www.dv8fashion.com/Images/Models/Full/31557-2.jpg,,https://www.dv8fashion.com/Images/Models/Full/31557-3.jpg,Womens,Tops & T-Shirts
https://www.awin1.com/pclick.php?p=41643854290&a=2771700&m=116329,Saint Genies Bandeau Co-Ord Top - Leopard - M,41643854290,250405AWUS,https://www.dv8fashion.com/Images/Models/Full/34825.jpg,Get new season ready with this bandeau top by Saint Genies. This stunning piece is designed to make you stand out wherever you go      Colour: Leopard print     Sleeves: Sleeveless     Product type: Top     Fit: Fitted     Part of a co-ord Product Code: P-82937-35--,Sleeveless Tops,20.95,DV8 Fashion (USA),116329,Women's Tops,204,https://images2.productserve.com/?w=200&h=200&bg=white&trim=5&t=letterbox&url=ssl%3Awww.dv8fashion.com%2FImages%2FModels%2FFull%2F34825.jpg&feedId=102894&k=21406dec7df7d90c8967371dff16181c16b09845,USD,,12.95,https://www.dv8fashion.com/en/Saint-Genies-Bandeau-Co-Ord-Top---Leopard/m-34825.aspx?PartnerID=4730&utm_source=awin&utm_medium=affiliate&utm_campaign=UnitedStatesUS,,,USD20.95,102894,DV8 Fashion,1,,https://www.dv8fashion.com/Images/Models/Full/34825-1.jpg,https://www.dv8fashion.com/Images/Models/Full/34825-2.jpg,,https://www.dv8fashion.com/Images/Models/Full/34825-3.jpg,Womens,Tops & T-Shirts
https://www.awin1.com/pclick.php?p=41524245800&a=2771700&m=116329,Brave Soul Glitter Front Tie Top - Taupe Gold - XS,41524245800,249194AWUS,https://www.dv8fashion.com/Images/Models/Full/34711.jpg,New season Brave Soul has landed...      Product Type: Top     Sleeve: Sleeveless     Extra details: Tie front detail Product Code: P-82818-52--,Sleeveless Tops,26.95,DV8 Fashion (USA),116329,Women's Tops,204,https://images2.productserve.com/?w=200&h=200&bg=white&trim=5&t=letterbox&url=ssl%3Awww.dv8fashion.com%2FImages%2FModels%2FFull%2F34711.jpg&feedId=102894&k=99ccfa26a5f5c8d46a3e190b1071730533ad4e13,USD,,12.95,https://www.dv8fashion.com/en/Brave-Soul-Glitter-Front-Tie-Top---Taupe-Gold/m-34711.aspx?PartnerID=4730&utm_source=awin&utm_medium=affiliate&utm_campaign=UnitedStatesUS,,,USD26.95,102894,DV8 Fashion,1,,https://www.dv8fashion.com/Images/Models/Full/34711-1.jpg,https://www.dv8fashion.com/Images/Models/Full/34711-2.jpg,,https://www.dv8fashion.com/Images/Models/Full/34711-3.jpg,Womens,Tops & T-Shirts
https://www.awin1.com/pclick.php?p=41493325811&a=2771700&m=116329,Noisy May Devin Singlet Sequin Top - Black / Silver - L,41493325811,227310AWUS,https://www.dv8fashion.com/Images/Models/Full/32649.jpg,Get party ready with Noisy May new season collection      Product Type: Top     Neck: Camisole     Sleeve: Sleeveless     Extra details: Sequins     Fit: Loose Fit Product Code: P-79714-10--,Sleeveless Tops,36.95,DV8 Fashion (USA),116329,Women's Tops,204,https://images2.productserve.com/?w=200&h=200&bg=white&trim=5&t=letterbox&url=ssl%3Awww.dv8fashion.com%2FImages%2FModels%2FFull%2F32649.jpg&feedId=102894&k=4da4340b67582863c2979f401a801672dce5f77d,USD,,12.95,https://www.dv8fashion.com/en/Noisy-May-Devin-Singlet-Sequin-Top---Black--Silver/m-32649.aspx?PartnerID=4730&utm_source=awin&utm_medium=affiliate&utm_campaign=UnitedStatesUS,,,USD36.95,102894,DV8 Fashion,1,,https://www.dv8fashion.com/Images/Models/Full/32649-1.jpg,https://www.dv8fashion.com/Images/Models/Full/32649-2.jpg,,https://www.dv8fashion.com/Images/Models/Full/32649-3.jpg,Womens,Tops & T-Shirts
https://www.awin1.com/pclick.php?p=41493326036&a=2771700&m=116329,Saint Genies Tie Front Sleeveless Top - Lemon - XL,41493326036,248451AWUS,https://www.dv8fashion.com/Images/Models/Full/34644.jpg,Stay on trend in the new season with Saint Genies collection!      Frill hem detail     Tie front fastening     Cropped length Product Code: P-82687-24--,Sleeveless Tops,36.95,DV8 Fashion (USA),116329,Women's Tops,204,https://images2.productserve.com/?w=200&h=200&bg=white&trim=5&t=letterbox&url=ssl%3Awww.dv8fashion.com%2FImages%2FModels%2FFull%2F34644.jpg&feedId=102894&k=f4211a856d2d40997558d8069ca91a82a8fb3f31,USD,,12.95,https://www.dv8fashion.com/en/Saint-Genies-Tie-Front-Sleeveless-Top---Lemon/m-34644.aspx?PartnerID=4730&utm_source=awin&utm_medium=affiliate&utm_campaign=UnitedStatesUS,,,USD36.95,102894,DV8 Fashion,1,,https://www.dv8fashion.com/Images/Models/Full/34644-1.jpg,https://www.dv8fashion.com/Images/Models/Full/34644-2.jpg,,https://www.dv8fashion.com/Images/Models/Full/34644-3.jpg,Womens,Tops & T-Shirts
https://www.awin1.com/pclick.php?p=41493326293&a=2771700&m=116329,Brave Soul Stripe Button Top - Black / White - M,41493326293,245553AWUS,https://www.dv8fashion.com/Images/Models/Full/34356.jpg,Update your wardrobe with Brave Soul...      Black and white stripe rib fabric     Sleeveless style     Button fastening Product Code: P-82260-10--,Sleeveless Tops,26.95,DV8 Fashion (USA),116329,Women's Tops,204,https://images2.productserve.com/?w=200&h=200&bg=white&trim=5&t=letterbox&url=ssl%3Awww.dv8fashion.com%2FImages%2FModels%2FFull%2F34356.jpg&feedId=102894&k=b3bab02a9ca82dcac98d342f5a9b0b9dd89c6e99,USD,,12.95,https://www.dv8fashion.com/en/Brave-Soul-Stripe-Button-Top---Black--White/m-34356.aspx?PartnerID=4730&utm_source=awin&utm_medium=affiliate&utm_campaign=UnitedStatesUS,,,USD26.95,102894,DV8 Fashion,1,,https://www.dv8fashion.com/Images/Models/Full/34356-1.jpg,https://www.dv8fashion.com/Images/Models/Full/34356-2.jpg,,https://www.dv8fashion.com/Images/Models/Full/34356-3.jpg,Womens,Tops & T-Shirts
https://www.awin1.com/pclick.php?p=41811645390&a=2771700&m=116329,Saint Genies Crepe Sleeveless Button Top - Brown - XL,41811645390,251359AWUS,https://www.dv8fashion.com/Images/Models/Full/34909.jpg,New season Saint Genies has landed...      Product Type: Top     Fabric: Crinkle fabric     Details: Button front     Fit: Fitted     Make it a co-ord with a matching trousers Product Code: P-83000-27--,Sleeveless Tops,31.95,DV8 Fashion (USA),116329,Women's Tops,204,https://images2.productserve.com/?w=200&h=200&bg=white&trim=5&t=letterbox&url=ssl%3Awww.dv8fashion.com%2FImages%2FModels%2FFull%2F34909.jpg&feedId=102894&k=d0cc2d66c6e4875d8bcee8e53cf9fffb9e51e87c,USD,,12.95,https://www.dv8fashion.com/en/Saint-Genies-Crepe-Sleeveless-Button-Top---Brown/m-34909.aspx?PartnerID=4730&utm_source=awin&utm_medium=affiliate&utm_campaign=UnitedStatesUS,,,USD31.95,102894,DV8 Fashion,1,,https://www.dv8fashion.com/Images/Models/Full/34909-1.jpg,https://www.dv8fashion.com/Images/Models/Full/34909-2.jpg,,https://www.dv8fashion.com/Images/Models/Full/34909-3.jpg,Womens,Tops & T-Shirts
https://www.awin1.com/pclick.php?p=41811645385&a=2771700&m=116329,Saint Genies Tie Front Sleeveless Top - Chocolate Brown - XL,41811645385,251414AWUS,https://www.dv8fashion.com/Images/Models/Full/34914.jpg,Stay on trend in the new season with Saint Genies collection!      Chocolate brown hue     Frill hem detail     Tie front fastening     Cropped length Product Code: P-83065-27--,Sleeveless Tops,39.95,DV8 Fashion (USA),116329,Women's Tops,204,https://images2.productserve.com/?w=200&h=200&bg=white&trim=5&t=letterbox&url=ssl%3Awww.dv8fashion.com%2FImages%2FModels%2FFull%2F34914.jpg&feedId=102894&k=c3ce32ab84d61bd992a773e0c34b5f5dbdd67a6a,USD,,12.95,https://www.dv8fashion.com/en/Saint-Genies-Tie-Front-Sleeveless-Top---Chocolate-Brown/m-34914.aspx?PartnerID=4730&utm_source=awin&utm_medium=affiliate&utm_campaign=UnitedStatesUS,,,USD39.95,102894,DV8 Fashion,1,,https://www.dv8fashion.com/Images/Models/Full/34914-1.jpg,https://www.dv8fashion.com/Images/Models/Full/34914-2.jpg,,https://www.dv8fashion.com/Images/Models/Full/34914-3.jpg,Womens,Tops & T-Shirts
https://www.awin1.com/pclick.php?p=41493326041&a=2771700&m=116329,Saint Genies Bandeau Peplum Top - Pink - XL,41493326041,248429AWUS,https://www.dv8fashion.com/Images/Models/Full/34642.jpg,Get new season ready with this bandeau top by Saint Genies. This stunning piece is designed to make you stand out wherever you go      Colour: Baby Pink     Details: Peplum     Sleeves: Sleeveless     Product type: Top     Fit: Fitted     Fastening: Side Zip Product Code: P-82703-38--,Strapless Tops,40.95,DV8 Fashion (USA),116329,Women's Tops,204,https://images2.productserve.com/?w=200&h=200&bg=white&trim=5&t=letterbox&url=ssl%3Awww.dv8fashion.com%2FImages%2FModels%2FFull%2F34642.jpg&feedId=102894&k=b74dd2ae25102eb154b9454b6d8d7eb1ccd02729,USD,,12.95,https://www.dv8fashion.com/en/Saint-Genies-Bandeau-Peplum-Top---Pink/m-34642.aspx?PartnerID=4730&utm_source=awin&utm_medium=affiliate&utm_campaign=UnitedStatesUS,,,USD40.95,102894,DV8 Fashion,1,,https://www.dv8fashion.com/Images/Models/Full/34642-1.jpg,https://www.dv8fashion.com/Images/Models/Full/34642-2.jpg,,https://www.dv8fashion.com/Images/Models/Full/34642-3.jpg,Womens,Tops & T-Shirts
https://www.awin1.com/pclick.php?p=41493326031&a=2771700&m=116329,Saint Genies Bandeau Split Top - Lemon - 12,41493326031,244637AWUS,https://www.dv8fashion.com/Images/Models/Full/34281.jpg,Get new season ready with this bandeau top by Saint Genies. This stunning piece is designed to make you stand out wherever you go      Colour: Lemon     Details: Split sides     Sleeves: Sleeveless     Product type: Top     Fit: Fitted Product Code: P-82055-24--,Strapless Tops,31.95,DV8 Fashion (USA),116329,Women's Tops,204,https://images2.productserve.com/?w=200&h=200&bg=white&trim=5&t=letterbox&url=ssl%3Awww.dv8fashion.com%2FImages%2FModels%2FFull%2F34281.jpg&feedId=102894&k=51bdf2fd5723d4aea563d76865cb99bef38dd12f,USD,,12.95,https://www.dv8fashion.com/en/Saint-Genies-Bandeau-Split-Top---Lemon/m-34281.aspx?PartnerID=4730&utm_source=awin&utm_medium=affiliate&utm_campaign=UnitedStatesUS,,,USD31.95,102894,DV8 Fashion,1,,https://www.dv8fashion.com/Images/Models/Full/34281-1.jpg,https://www.dv8fashion.com/Images/Models/Full/34281-2.jpg,,https://www.dv8fashion.com/Images/Models/Full/34281-3.jpg,Womens,Tops & T-Shirts
https://www.awin1.com/pclick.php?p=41493325743&a=2771700&m=116329,Noisy May Fila Tank Top - Ghost Grey/Silver - XL,41493325743,242581AWUS,https://www.dv8fashion.com/Images/Models/Full/34057.jpg,Cotton is a breathable and soft fabric made of natural fibres       Product Type: Tank top   Neck: Round Neck   Sleeve: Sleeveless   Print: Foil print for a shiny look   Fit: Regular Fit         Product Code: P-81903-62--,Sleeveless Tops,36.95,DV8 Fashion (USA),116329,Women's Tops,204,https://images2.productserve.com/?w=200&h=200&bg=white&trim=5&t=letterbox&url=ssl%3Awww.dv8fashion.com%2FImages%2FModels%2FFull%2F34057.jpg&feedId=102894&k=071071652544154eab5de33a0aa5e4fad7fc7e88,USD,,12.95,https://www.dv8fashion.com/en/Noisy-May-Fila-Tank-Top---Ghost-GreySilver/m-34057.aspx?PartnerID=4730&utm_source=awin&utm_medium=affiliate&utm_campaign=UnitedStatesUS,,,USD36.95,102894,DV8 Fashion,1,,https://www.dv8fashion.com/Images/Models/Full/34057-1.jpg,https://www.dv8fashion.com/Images/Models/Full/34057-2.jpg,,https://www.dv8fashion.com/Images/Models/Full/34057-3.jpg,Womens,Tops & T-Shirts
https://www.awin1.com/pclick.php?p=41493325826&a=2771700&m=116329,Pieces Madison Draped Top - Lollipop - S,41493325826,234909AWUS,https://www.dv8fashion.com/Images/Models/Full/33364.jpg,"Jersey is a soft, stretchy fabric, that ensures comfort      Product Type: Blouse     Neck: Round Neck     Sleeve: Sleeveless     Fit: Slim Fit Product Code: P-80692-21--",Sleeveless Tops,29.95,DV8 Fashion (USA),116329,Women's Tops,204,https://images2.productserve.com/?w=200&h=200&bg=white&trim=5&t=letterbox&url=ssl%3Awww.dv8fashion.com%2FImages%2FModels%2FFull%2F33364.jpg&feedId=102894&k=c5021e8a10bc08f3663134e5a8a102a759b6511d,USD,,12.95,https://www.dv8fashion.com/en/Pieces-Madison-Draped-Top---Lollipop/m-33364.aspx?PartnerID=4730&utm_source=awin&utm_medium=affiliate&utm_campaign=UnitedStatesUS,,,USD29.95,102894,DV8 Fashion,1,,https://www.dv8fashion.com/Images/Models/Full/33364-1.jpg,https://www.dv8fashion.com/Images/Models/Full/33364-2.jpg,,https://www.dv8fashion.com/Images/Models/Full/33364-3.jpg,Womens,Tops & T-Shirts
https://www.awin1.com/pclick.php?p=41493326146&a=2771700&m=116329,Dickies Racer Top - Beige - XS,41493326146,239913AWUS,https://www.dv8fashion.com/Images/Models/Full/33824.jpg,"Made from light, supersoft stretch jersey for comfort, the Racer Top is an everyday staple for the warmer seasons. This slim-fit tank top has a slightly cropped silhouette and an arched &lsquo;Dickies Quality Made&rsquo; logo on the centre front      Made from a partly recycled cotton-viscose blend with comfort stretch     Scoop neckline     &quot;Dickies Quality Made&quot; logo print on the front     Woven Label     Straight Hem     Slim fit Product Code: P-81448-11--",Sleeveless Tops,40.95,DV8 Fashion (USA),116329,Women's Tops,204,https://images2.productserve.com/?w=200&h=200&bg=white&trim=5&t=letterbox&url=ssl%3Awww.dv8fashion.com%2FImages%2FModels%2FFull%2F33824.jpg&feedId=102894&k=77f5436815b1806bbddb78de62dad870ff8743de,USD,,12.95,https://www.dv8fashion.com/en/Dickies-Racer-Top---Beige/m-33824.aspx?PartnerID=4730&utm_source=awin&utm_medium=affiliate&utm_campaign=UnitedStatesUS,,,USD40.95,102894,DV8 Fashion,1,,https://www.dv8fashion.com/Images/Models/Full/33824-1.jpg,https://www.dv8fashion.com/Images/Models/Full/33824-2.jpg,,https://www.dv8fashion.com/Images/Models/Full/33824-3.jpg,Womens,Tops & T-Shirts
https://www.awin1.com/pclick.php?p=41963849313&a=2771700&m=116329,Saint Genies Lurex Halter Neck Top - Champagne - L,41963849313,252589AWUS,https://www.dv8fashion.com/Images/Models/Full/35021.jpg,Complete your new season wardrobe with this stunner of a bodysuit! Featuring a chic cowl draped neckline and stretch spun gold fabric...      Stretch champagne fabric     Draped cowl neckline Product Code: P-83293-34--,Sleeveless Tops,34.95,DV8 Fashion (USA),116329,Women's Tops,204,https://images2.productserve.com/?w=200&h=200&bg=white&trim=5&t=letterbox&url=ssl%3Awww.dv8fashion.com%2FImages%2FModels%2FFull%2F35021.jpg&feedId=102894&k=b76e9926aa91b6892d5bf78b318f905bacccd10b,USD,,12.95,https://www.dv8fashion.com/en/Saint-Genies-Lurex-Halter-Neck-Top---Champagne/m-35021.aspx?PartnerID=4730&utm_source=awin&utm_medium=affiliate&utm_campaign=UnitedStatesUS,,,USD34.95,102894,DV8 Fashion,1,,https://www.dv8fashion.com/Images/Models/Full/35021-1.jpg,https://www.dv8fashion.com/Images/Models/Full/35021-2.jpg,,https://www.dv8fashion.com/Images/Models/Full/35021-3.jpg,Womens,Tops & T-Shirts
https://www.awin1.com/pclick.php?p=41963849315&a=2771700&m=116329,Saint Genies Lurex Halter Neck Top - Champagne - XL,41963849315,252592AWUS,https://www.dv8fashion.com/Images/Models/Full/35021.jpg,Complete your new season wardrobe with this stunner of a bodysuit! Featuring a chic cowl draped neckline and stretch spun gold fabric...      Stretch champagne fabric     Draped cowl neckline Product Code: P-83293-34--,Sleeveless Tops,34.95,DV8 Fashion (USA),116329,Women's Tops,204,https://images2.productserve.com/?w=200&h=200&bg=white&trim=5&t=letterbox&url=ssl%3Awww.dv8fashion.com%2FImages%2FModels%2FFull%2F35021.jpg&feedId=102894&k=b76e9926aa91b6892d5bf78b318f905bacccd10b,USD,,12.95,https://www.dv8fashion.com/en/Saint-Genies-Lurex-Halter-Neck-Top---Champagne/m-35021.aspx?PartnerID=4730&utm_source=awin&utm_medium=affiliate&utm_campaign=UnitedStatesUS,,,USD34.95,102894,DV8 Fashion,1,,https://www.dv8fashion.com/Images/Models/Full/35021-1.jpg,https://www.dv8fashion.com/Images/Models/Full/35021-2.jpg,,https://www.dv8fashion.com/Images/Models/Full/35021-3.jpg,Womens,Tops & T-Shirts
https://www.awin1.com/pclick.php?p=41963849316&a=2771700&m=116329,Saint Genies Lurex Halter Neck Top - Champagne - XS,41963849316,252593AWUS,https://www.dv8fashion.com/Images/Models/Full/35021.jpg,Complete your new season wardrobe with this stunner of a bodysuit! Featuring a chic cowl draped neckline and stretch spun gold fabric...      Stretch champagne fabric     Draped cowl neckline Product Code: P-83293-34--,Sleeveless Tops,34.95,DV8 Fashion (USA),116329,Women's Tops,204,https://images2.productserve.com/?w=200&h=200&bg=white&trim=5&t=letterbox&url=ssl%3Awww.dv8fashion.com%2FImages%2FModels%2FFull%2F35021.jpg&feedId=102894&k=b76e9926aa91b6892d5bf78b318f905bacccd10b,USD,,12.95,https://www.dv8fashion.com/en/Saint-Genies-Lurex-Halter-Neck-Top---Champagne/m-35021.aspx?PartnerID=4730&utm_source=awin&utm_medium=affiliate&utm_campaign=UnitedStatesUS,,,USD34.95,102894,DV8 Fashion,1,,https://www.dv8fashion.com/Images/Models/Full/35021-1.jpg,https://www.dv8fashion.com/Images/Models/Full/35021-2.jpg,,https://www.dv8fashion.com/Images/Models/Full/35021-3.jpg,Womens,Tops & T-Shirts
https://www.awin1.com/pclick.php?p=42132327288&a=2771700&m=116329,Saint Genies Corset - Grey Pinstripe - L,42132327288,253806AWUS,https://www.dv8fashion.com/Images/Models/Full/35132.jpg,"Make sure you don&rsquo;t miss out on getting our pinstripe bandeau top! Featuring a strapless shape and pinstripe fabric, this is a must to add to your collection!      Strapless Shape     Zip fastening     Make it a co-ord with a matching skort Product Code: P-83385-62--",Strapless Tops,40.95,DV8 Fashion (USA),116329,Women's Tops,204,https://images2.productserve.com/?w=200&h=200&bg=white&trim=5&t=letterbox&url=ssl%3Awww.dv8fashion.com%2FImages%2FModels%2FFull%2F35132.jpg&feedId=102894&k=761869293c8798075dd556faf22b01d772a0f0f8,USD,,12.95,https://www.dv8fashion.com/en/Saint-Genies-Corset---Grey-Pinstripe/m-35132.aspx?PartnerID=4730&utm_source=awin&utm_medium=affiliate&utm_campaign=UnitedStatesUS,,,USD40.95,102894,DV8 Fashion,1,,https://www.dv8fashion.com/Images/Models/Full/35132-1.jpg,https://www.dv8fashion.com/Images/Models/Full/35132-2.jpg,,https://www.dv8fashion.com/Images/Models/Full/35132-3.jpg,Womens,Tops & T-Shirts
https://www.awin1.com/pclick.php?p=41963849314&a=2771700&m=116329,Saint Genies Lurex Halter Neck Top - Champagne - M,41963849314,252590AWUS,https://www.dv8fashion.com/Images/Models/Full/35021.jpg,Complete your new season wardrobe with this stunner of a bodysuit! Featuring a chic cowl draped neckline and stretch spun gold fabric...      Stretch champagne fabric     Draped cowl neckline Product Code: P-83293-34--,Sleeveless Tops,34.95,DV8 Fashion (USA),116329,Women's Tops,204,https://images2.productserve.com/?w=200&h=200&bg=white&trim=5&t=letterbox&url=ssl%3Awww.dv8fashion.com%2FImages%2FModels%2FFull%2F35021.jpg&feedId=102894&k=b76e9926aa91b6892d5bf78b318f905bacccd10b,USD,,12.95,https://www.dv8fashion.com/en/Saint-Genies-Lurex-Halter-Neck-Top---Champagne/m-35021.aspx?PartnerID=4730&utm_source=awin&utm_medium=affiliate&utm_campaign=UnitedStatesUS,,,USD34.95,102894,DV8 Fashion,1,,https://www.dv8fashion.com/Images/Models/Full/35021-1.jpg,https://www.dv8fashion.com/Images/Models/Full/35021-2.jpg,,https://www.dv8fashion.com/Images/Models/Full/35021-3.jpg,Womens,Tops & T-Shirts
https://www.awin1.com/pclick.php?p=42045483064&a=2771700&m=116329,Saint Genies Lurex Halter Neck Top - Champagne - S,42045483064,252591AWUS,https://www.dv8fashion.com/Images/Models/Full/35021.jpg,Complete your new season wardrobe with this stunner of a bodysuit! Featuring a chic cowl draped neckline and stretch spun gold fabric...      Stretch champagne fabric     Draped cowl neckline Product Code: P-83293-34--,Sleeveless Tops,34.95,DV8 Fashion (USA),116329,Women's Tops,204,https://images2.productserve.com/?w=200&h=200&bg=white&trim=5&t=letterbox&url=ssl%3Awww.dv8fashion.com%2FImages%2FModels%2FFull%2F35021.jpg&feedId=102894&k=b76e9926aa91b6892d5bf78b318f905bacccd10b,USD,,12.95,https://www.dv8fashion.com/en/Saint-Genies-Lurex-Halter-Neck-Top---Champagne/m-35021.aspx?PartnerID=4730&utm_source=awin&utm_medium=affiliate&utm_campaign=UnitedStatesUS,,,USD34.95,102894,DV8 Fashion,1,,https://www.dv8fashion.com/Images/Models/Full/35021-1.jpg,https://www.dv8fashion.com/Images/Models/Full/35021-2.jpg,,https://www.dv8fashion.com/Images/Models/Full/35021-3.jpg,Womens,Tops & T-Shirts
https://www.awin1.com/pclick.php?p=42132327256&a=2771700&m=116329,Saint Genies Crepe Sleeveless Button Top - Berry - M,42132327256,253730AWUS,https://www.dv8fashion.com/Images/Models/Full/35125.jpg,New season Saint Genies has landed...      Product Type: Top     Fabric: Crinkle fabric     Details: Button front     Fit: Fitted     Make it a co-ord with a matching trousers Product Code: P-83411-20--,Sleeveless Tops,34.95,DV8 Fashion (USA),116329,Women's Tops,204,https://images2.productserve.com/?w=200&h=200&bg=white&trim=5&t=letterbox&url=ssl%3Awww.dv8fashion.com%2FImages%2FModels%2FFull%2F35125.jpg&feedId=102894&k=796396be4df0129abb513be1c09aeb175c7ec7b1,USD,,12.95,https://www.dv8fashion.com/en/Saint-Genies-Crepe-Sleeveless-Button-Top---Berry/m-35125.aspx?PartnerID=4730&utm_source=awin&utm_medium=affiliate&utm_campaign=UnitedStatesUS,,,USD34.95,102894,DV8 Fashion,1,,https://www.dv8fashion.com/Images/Models/Full/35125-1.jpg,https://www.dv8fashion.com/Images/Models/Full/35125-2.jpg,,https://www.dv8fashion.com/Images/Models/Full/35125-3.jpg,Womens,Tops & T-Shirts
https://www.awin1.com/pclick.php?p=42996730226&a=2771700&m=116329,Saint Genies Halter Zip Top - Brown - XL,42996730226,253930AWUS,https://www.dv8fashion.com/Images/Models/Full/35143.jpg,New season Saint Genies has landed...      Product Type: Top     Neck: Halter neck strap     Sleeve: Sleeveless     Extra details: Zip front Product Code: P-83386-27--,Sleeveless Tops,40.95,DV8 Fashion (USA),116329,Women's Tops,204,https://images2.productserve.com/?w=200&h=200&bg=white&trim=5&t=letterbox&url=ssl%3Awww.dv8fashion.com%2FImages%2FModels%2FFull%2F35143.jpg&feedId=102894&k=051d5a866983c89ae42830d27da4d95274b4419f,USD,,12.95,https://www.dv8fashion.com/en/Saint-Genies-Halter-Zip-Top---Brown/m-35143.aspx?PartnerID=4730&utm_source=awin&utm_medium=affiliate&utm_campaign=UnitedStatesUS,,,USD40.95,102894,DV8 Fashion,1,,https://www.dv8fashion.com/Images/Models/Full/35143-1.jpg,https://www.dv8fashion.com/Images/Models/Full/35143-2.jpg,,https://www.dv8fashion.com/Images/Models/Full/35143-3.jpg,Womens,Tops & T-Shirts
https://www.awin1.com/pclick.php?p=42142733252&a=2771700&m=116329,Saint Genies Halter Zip Top - Brown - M,42142733252,253928AWUS,https://www.dv8fashion.com/Images/Models/Full/35143.jpg,New season Saint Genies has landed...      Product Type: Top     Neck: Halter neck strap     Sleeve: Sleeveless     Extra details: Zip front Product Code: P-83386-27--,Sleeveless Tops,40.95,DV8 Fashion (USA),116329,Women's Tops,204,https://images2.productserve.com/?w=200&h=200&bg=white&trim=5&t=letterbox&url=ssl%3Awww.dv8fashion.com%2FImages%2FModels%2FFull%2F35143.jpg&feedId=102894&k=051d5a866983c89ae42830d27da4d95274b4419f,USD,,12.95,https://www.dv8fashion.com/en/Saint-Genies-Halter-Zip-Top---Brown/m-35143.aspx?PartnerID=4730&utm_source=awin&utm_medium=affiliate&utm_campaign=UnitedStatesUS,,,USD40.95,102894,DV8 Fashion,1,,https://www.dv8fashion.com/Images/Models/Full/35143-1.jpg,https://www.dv8fashion.com/Images/Models/Full/35143-2.jpg,,https://www.dv8fashion.com/Images/Models/Full/35143-3.jpg,Womens,Tops & T-Shirts
https://www.awin1.com/pclick.php?p=42655302453&a=2771700&m=116329,Saint Genies Halter Zip Top - Brown - L,42655302453,253927AWUS,https://www.dv8fashion.com/Images/Models/Full/35143.jpg,New season Saint Genies has landed...      Product Type: Top     Neck: Halter neck strap     Sleeve: Sleeveless     Extra details: Zip front Product Code: P-83386-27--,Sleeveless Tops,40.95,DV8 Fashion (USA),116329,Women's Tops,204,https://images2.productserve.com/?w=200&h=200&bg=white&trim=5&t=letterbox&url=ssl%3Awww.dv8fashion.com%2FImages%2FModels%2FFull%2F35143.jpg&feedId=102894&k=051d5a866983c89ae42830d27da4d95274b4419f,USD,,12.95,https://www.dv8fashion.com/en/Saint-Genies-Halter-Zip-Top---Brown/m-35143.aspx?PartnerID=4730&utm_source=awin&utm_medium=affiliate&utm_campaign=UnitedStatesUS,,,USD40.95,102894,DV8 Fashion,1,,https://www.dv8fashion.com/Images/Models/Full/35143-1.jpg,https://www.dv8fashion.com/Images/Models/Full/35143-2.jpg,,https://www.dv8fashion.com/Images/Models/Full/35143-3.jpg,Womens,Tops & T-Shirts
https://www.awin1.com/pclick.php?p=42142733255&a=2771700&m=116329,Saint Genies Halter Zip Top - Brown - XS,42142733255,253931AWUS,https://www.dv8fashion.com/Images/Models/Full/35143.jpg,New season Saint Genies has landed...      Product Type: Top     Neck: Halter neck strap     Sleeve: Sleeveless     Extra details: Zip front Product Code: P-83386-27--,Sleeveless Tops,40.95,DV8 Fashion (USA),116329,Women's Tops,204,https://images2.productserve.com/?w=200&h=200&bg=white&trim=5&t=letterbox&url=ssl%3Awww.dv8fashion.com%2FImages%2FModels%2FFull%2F35143.jpg&feedId=102894&k=051d5a866983c89ae42830d27da4d95274b4419f,USD,,12.95,https://www.dv8fashion.com/en/Saint-Genies-Halter-Zip-Top---Brown/m-35143.aspx?PartnerID=4730&utm_source=awin&utm_medium=affiliate&utm_campaign=UnitedStatesUS,,,USD40.95,102894,DV8 Fashion,1,,https://www.dv8fashion.com/Images/Models/Full/35143-1.jpg,https://www.dv8fashion.com/Images/Models/Full/35143-2.jpg,,https://www.dv8fashion.com/Images/Models/Full/35143-3.jpg,Womens,Tops & T-Shirts
https://www.awin1.com/pclick.php?p=42335631435&a=2771700&m=116329,Brave Soul Button Down Sleeveless Knitted Waistcoat - Wine - L,42335631435,255494AWUS,https://www.dv8fashion.com/Images/Models/Full/35284.jpg,Brave Soul Knitted Waistcoat...      Colour: Wine     Button Down Front     Decorative Buttons     Sleeveless     V-Neck     Cropped Length Product Code: P-83600-21--,Sleeveless Tops,29.95,DV8 Fashion (USA),116329,Women's Tops,204,https://images2.productserve.com/?w=200&h=200&bg=white&trim=5&t=letterbox&url=ssl%3Awww.dv8fashion.com%2FImages%2FModels%2FFull%2F35284.jpg&feedId=102894&k=9729b3da9a3265715b5942fd6a79126070f285b3,USD,,12.95,https://www.dv8fashion.com/en/Brave-Soul-Button-Down-Sleeveless-Knitted-Waistcoat---Wine/m-35284.aspx?PartnerID=4730&utm_source=awin&utm_medium=affiliate&utm_campaign=UnitedStatesUS,,,USD29.95,102894,DV8 Fashion,1,,https://www.dv8fashion.com/Images/Models/Full/35284-1.jpg,https://www.dv8fashion.com/Images/Models/Full/35284-2.jpg,,https://www.dv8fashion.com/Images/Models/Full/35284-3.jpg,Womens,Tops & T-Shirts
https://www.awin1.com/pclick.php?p=42335631436&a=2771700&m=116329,Brave Soul Button Down Sleeveless Knitted Waistcoat - Wine - M,42335631436,255495AWUS,https://www.dv8fashion.com/Images/Models/Full/35284.jpg,Brave Soul Knitted Waistcoat...      Colour: Wine     Button Down Front     Decorative Buttons     Sleeveless     V-Neck     Cropped Length Product Code: P-83600-21--,Sleeveless Tops,29.95,DV8 Fashion (USA),116329,Women's Tops,204,https://images2.productserve.com/?w=200&h=200&bg=white&trim=5&t=letterbox&url=ssl%3Awww.dv8fashion.com%2FImages%2FModels%2FFull%2F35284.jpg&feedId=102894&k=9729b3da9a3265715b5942fd6a79126070f285b3,USD,,12.95,https://www.dv8fashion.com/en/Brave-Soul-Button-Down-Sleeveless-Knitted-Waistcoat---Wine/m-35284.aspx?PartnerID=4730&utm_source=awin&utm_medium=affiliate&utm_campaign=UnitedStatesUS,,,USD29.95,102894,DV8 Fashion,1,,https://www.dv8fashion.com/Images/Models/Full/35284-1.jpg,https://www.dv8fashion.com/Images/Models/Full/35284-2.jpg,,https://www.dv8fashion.com/Images/Models/Full/35284-3.jpg,Womens,Tops & T-Shirts
https://www.awin1.com/pclick.php?p=42335631438&a=2771700&m=116329,Brave Soul Button Down Sleeveless Knitted Waistcoat - Wine - XS,42335631438,255498AWUS,https://www.dv8fashion.com/Images/Models/Full/35284.jpg,Brave Soul Knitted Waistcoat...      Colour: Wine     Button Down Front     Decorative Buttons     Sleeveless     V-Neck     Cropped Length Product Code: P-83600-21--,Sleeveless Tops,29.95,DV8 Fashion (USA),116329,Women's Tops,204,https://images2.productserve.com/?w=200&h=200&bg=white&trim=5&t=letterbox&url=ssl%3Awww.dv8fashion.com%2FImages%2FModels%2FFull%2F35284.jpg&feedId=102894&k=9729b3da9a3265715b5942fd6a79126070f285b3,USD,,12.95,https://www.dv8fashion.com/en/Brave-Soul-Button-Down-Sleeveless-Knitted-Waistcoat---Wine/m-35284.aspx?PartnerID=4730&utm_source=awin&utm_medium=affiliate&utm_campaign=UnitedStatesUS,,,USD29.95,102894,DV8 Fashion,1,,https://www.dv8fashion.com/Images/Models/Full/35284-1.jpg,https://www.dv8fashion.com/Images/Models/Full/35284-2.jpg,,https://www.dv8fashion.com/Images/Models/Full/35284-3.jpg,Womens,Tops & T-Shirts
https://www.awin1.com/pclick.php?p=42335631437&a=2771700&m=116329,Brave Soul Button Down Sleeveless Knitted Waistcoat - Wine - S,42335631437,255496AWUS,https://www.dv8fashion.com/Images/Models/Full/35284.jpg,Brave Soul Knitted Waistcoat...      Colour: Wine     Button Down Front     Decorative Buttons     Sleeveless     V-Neck     Cropped Length Product Code: P-83600-21--,Sleeveless Tops,29.95,DV8 Fashion (USA),116329,Women's Tops,204,https://images2.productserve.com/?w=200&h=200&bg=white&trim=5&t=letterbox&url=ssl%3Awww.dv8fashion.com%2FImages%2FModels%2FFull%2F35284.jpg&feedId=102894&k=9729b3da9a3265715b5942fd6a79126070f285b3,USD,,12.95,https://www.dv8fashion.com/en/Brave-Soul-Button-Down-Sleeveless-Knitted-Waistcoat---Wine/m-35284.aspx?PartnerID=4730&utm_source=awin&utm_medium=affiliate&utm_campaign=UnitedStatesUS,,,USD29.95,102894,DV8 Fashion,1,,https://www.dv8fashion.com/Images/Models/Full/35284-1.jpg,https://www.dv8fashion.com/Images/Models/Full/35284-2.jpg,,https://www.dv8fashion.com/Images/Models/Full/35284-3.jpg,Womens,Tops & T-Shirts
https://www.awin1.com/pclick.php?p=42372234205&a=2771700&m=116329,Saint Genies Halter Sequin Top - Brown - M,42372234205,255580AWUS,https://www.dv8fashion.com/Images/Models/Full/35292.jpg,Did someone say sparkle season? Get the sparkle style with our diamante halter top      Diamond detailing     Halter neck with tie fastening     Fitted style Product Code: P-83573-27--,Sleeveless Tops,42.95,DV8 Fashion (USA),116329,Women's Tops,204,https://images2.productserve.com/?w=200&h=200&bg=white&trim=5&t=letterbox&url=ssl%3Awww.dv8fashion.com%2FImages%2FModels%2FFull%2F35292.jpg&feedId=102894&k=b8f67e683f8c3a2553b858992cc055c60aae8bf3,USD,,12.95,https://www.dv8fashion.com/en/Saint-Genies-Halter-Sequin-Top---Brown/m-35292.aspx?PartnerID=4730&utm_source=awin&utm_medium=affiliate&utm_campaign=UnitedStatesUS,,,USD42.95,102894,DV8 Fashion,1,,https://www.dv8fashion.com/Images/Models/Full/35292-1.jpg,https://www.dv8fashion.com/Images/Models/Full/35292-2.jpg,,https://www.dv8fashion.com/Images/Models/Full/35292-3.jpg,Womens,Tops & T-Shirts
https://www.awin1.com/pclick.php?p=42395067282&a=2771700&m=116329,Pieces Silly Reversible Tie Vest Knit - Morel - XL,42395067282,256091AWUS,https://www.dv8fashion.com/Images/Models/Full/35337.jpg,Rib is a soft fabric with visible ribs on its front and back creating a stretchy fabric      Product Type: Gilets     Neck: Round Neck     Sleeve: Sleeveless     Fit: Regular Fit Product Code: P-83662-27--,Sleeveless Tops,43.95,DV8 Fashion (USA),116329,Women's Tops,204,https://images2.productserve.com/?w=200&h=200&bg=white&trim=5&t=letterbox&url=ssl%3Awww.dv8fashion.com%2FImages%2FModels%2FFull%2F35337.jpg&feedId=102894&k=d1304977eaf05bab94f0ee78c8d29acda65378f6,USD,,12.95,https://www.dv8fashion.com/en/Pieces-Silly-Reversible-Tie-Vest-Knit---Morel/m-35337.aspx?PartnerID=4730&utm_source=awin&utm_medium=affiliate&utm_campaign=UnitedStatesUS,,,USD43.95,102894,DV8 Fashion,1,,https://www.dv8fashion.com/Images/Models/Full/35337-1.jpg,https://www.dv8fashion.com/Images/Models/Full/35337-2.jpg,,https://www.dv8fashion.com/Images/Models/Full/35337-3.jpg,Womens,Tops & T-Shirts
https://www.awin1.com/pclick.php?p=42372234207&a=2771700&m=116329,Saint Genies Halter Sequin Top - Brown - XL,42372234207,255582AWUS,https://www.dv8fashion.com/Images/Models/Full/35292.jpg,Did someone say sparkle season? Get the sparkle style with our diamante halter top      Diamond detailing     Halter neck with tie fastening     Fitted style Product Code: P-83573-27--,Sleeveless Tops,42.95,DV8 Fashion (USA),116329,Women's Tops,204,https://images2.productserve.com/?w=200&h=200&bg=white&trim=5&t=letterbox&url=ssl%3Awww.dv8fashion.com%2FImages%2FModels%2FFull%2F35292.jpg&feedId=102894&k=b8f67e683f8c3a2553b858992cc055c60aae8bf3,USD,,12.95,https://www.dv8fashion.com/en/Saint-Genies-Halter-Sequin-Top---Brown/m-35292.aspx?PartnerID=4730&utm_source=awin&utm_medium=affiliate&utm_campaign=UnitedStatesUS,,,USD42.95,102894,DV8 Fashion,1,,https://www.dv8fashion.com/Images/Models/Full/35292-1.jpg,https://www.dv8fashion.com/Images/Models/Full/35292-2.jpg,,https://www.dv8fashion.com/Images/Models/Full/35292-3.jpg,Womens,Tops & T-Shirts
https://www.awin1.com/pclick.php?p=42395067281&a=2771700&m=116329,Pieces Silly Reversible Tie Vest Knit - Morel - S,42395067281,256090AWUS,https://www.dv8fashion.com/Images/Models/Full/35337.jpg,Rib is a soft fabric with visible ribs on its front and back creating a stretchy fabric      Product Type: Gilets     Neck: Round Neck     Sleeve: Sleeveless     Fit: Regular Fit Product Code: P-83662-27--,Sleeveless Tops,43.95,DV8 Fashion (USA),116329,Women's Tops,204,https://images2.productserve.com/?w=200&h=200&bg=white&trim=5&t=letterbox&url=ssl%3Awww.dv8fashion.com%2FImages%2FModels%2FFull%2F35337.jpg&feedId=102894&k=d1304977eaf05bab94f0ee78c8d29acda65378f6,USD,,12.95,https://www.dv8fashion.com/en/Pieces-Silly-Reversible-Tie-Vest-Knit---Morel/m-35337.aspx?PartnerID=4730&utm_source=awin&utm_medium=affiliate&utm_campaign=UnitedStatesUS,,,USD43.95,102894,DV8 Fashion,1,,https://www.dv8fashion.com/Images/Models/Full/35337-1.jpg,https://www.dv8fashion.com/Images/Models/Full/35337-2.jpg,,https://www.dv8fashion.com/Images/Models/Full/35337-3.jpg,Womens,Tops & T-Shirts
https://www.awin1.com/pclick.php?p=42404853494&a=2771700&m=116329,Only Vicky Lace Singlet Square Neck - Periscope - S/M,42404853494,256171AWUS,https://www.dv8fashion.com/Images/Models/Full/35347.jpg,"Look and feel your best in beautiful, soft lingerie for day and night-time      Product Type: Vest top     Straps: Wide straps     Extra details: Lace detail Product Code: P-83678-62--",Sleeveless Tops,25.95,DV8 Fashion (USA),116329,Women's Tops,204,https://images2.productserve.com/?w=200&h=200&bg=white&trim=5&t=letterbox&url=ssl%3Awww.dv8fashion.com%2FImages%2FModels%2FFull%2F35347.jpg&feedId=102894&k=9a83019976ae5b99d9d2f2d3776900eea5fcaa49,USD,,12.95,https://www.dv8fashion.com/en/Only-Vicky-Lace-Singlet-Square-Neck---Periscope/m-35347.aspx?PartnerID=4730&utm_source=awin&utm_medium=affiliate&utm_campaign=UnitedStatesUS,,,USD25.95,102894,DV8 Fashion,1,,https://www.dv8fashion.com/Images/Models/Full/35347-1.jpg,https://www.dv8fashion.com/Images/Models/Full/35347-2.jpg,,https://www.dv8fashion.com/Images/Models/Full/35347-3.jpg,Womens,Tops & T-Shirts
https://www.awin1.com/pclick.php?p=42404853493&a=2771700&m=116329,Only Vicky Lace Singlet Square Neck - Periscope - M/L,42404853493,256170AWUS,https://www.dv8fashion.com/Images/Models/Full/35347.jpg,"Look and feel your best in beautiful, soft lingerie for day and night-time      Product Type: Vest top     Straps: Wide straps     Extra details: Lace detail Product Code: P-83678-62--",Sleeveless Tops,25.95,DV8 Fashion (USA),116329,Women's Tops,204,https://images2.productserve.com/?w=200&h=200&bg=white&trim=5&t=letterbox&url=ssl%3Awww.dv8fashion.com%2FImages%2FModels%2FFull%2F35347.jpg&feedId=102894&k=9a83019976ae5b99d9d2f2d3776900eea5fcaa49,USD,,12.95,https://www.dv8fashion.com/en/Only-Vicky-Lace-Singlet-Square-Neck---Periscope/m-35347.aspx?PartnerID=4730&utm_source=awin&utm_medium=affiliate&utm_campaign=UnitedStatesUS,,,USD25.95,102894,DV8 Fashion,1,,https://www.dv8fashion.com/Images/Models/Full/35347-1.jpg,https://www.dv8fashion.com/Images/Models/Full/35347-2.jpg,,https://www.dv8fashion.com/Images/Models/Full/35347-3.jpg,Womens,Tops & T-Shirts
https://www.awin1.com/pclick.php?p=42495008668&a=2771700&m=116329,Saint Genies Button Waistcoat - Burgundy - L,42495008668,257192AWUS,https://www.dv8fashion.com/Images/Models/Full/35434.jpg,Saint Genies women&apos;s waistcoat...      Burgundy hue     Tailored waistcoat     Gold button front     V neck and sleeveless Product Code: P-83621-21--,Sleeveless Tops,43.95,DV8 Fashion (USA),116329,Women's Tops,204,https://images2.productserve.com/?w=200&h=200&bg=white&trim=5&t=letterbox&url=ssl%3Awww.dv8fashion.com%2FImages%2FModels%2FFull%2F35434.jpg&feedId=102894&k=b547a2219605460a74360d491a4a1c8e2da013f5,USD,,12.95,https://www.dv8fashion.com/en/Saint-Genies-Button-Waistcoat---Burgundy/m-35434.aspx?PartnerID=4730&utm_source=awin&utm_medium=affiliate&utm_campaign=UnitedStatesUS,,,USD43.95,102894,DV8 Fashion,1,,https://www.dv8fashion.com/Images/Models/Full/35434-1.jpg,https://www.dv8fashion.com/Images/Models/Full/35434-2.jpg,,https://www.dv8fashion.com/Images/Models/Full/35434-3.jpg,Womens,Tops & T-Shirts
https://www.awin1.com/pclick.php?p=42495008669&a=2771700&m=116329,Saint Genies Button Waistcoat - Burgundy - M,42495008669,257193AWUS,https://www.dv8fashion.com/Images/Models/Full/35434.jpg,Saint Genies women&apos;s waistcoat...      Burgundy hue     Tailored waistcoat     Gold button front     V neck and sleeveless Product Code: P-83621-21--,Sleeveless Tops,43.95,DV8 Fashion (USA),116329,Women's Tops,204,https://images2.productserve.com/?w=200&h=200&bg=white&trim=5&t=letterbox&url=ssl%3Awww.dv8fashion.com%2FImages%2FModels%2FFull%2F35434.jpg&feedId=102894&k=b547a2219605460a74360d491a4a1c8e2da013f5,USD,,12.95,https://www.dv8fashion.com/en/Saint-Genies-Button-Waistcoat---Burgundy/m-35434.aspx?PartnerID=4730&utm_source=awin&utm_medium=affiliate&utm_campaign=UnitedStatesUS,,,USD43.95,102894,DV8 Fashion,1,,https://www.dv8fashion.com/Images/Models/Full/35434-1.jpg,https://www.dv8fashion.com/Images/Models/Full/35434-2.jpg,,https://www.dv8fashion.com/Images/Models/Full/35434-3.jpg,Womens,Tops & T-Shirts
https://www.awin1.com/pclick.php?p=42495008670&a=2771700&m=116329,Saint Genies Button Waistcoat - Burgundy - S,42495008670,257194AWUS,https://www.dv8fashion.com/Images/Models/Full/35434.jpg,Saint Genies women&apos;s waistcoat...      Burgundy hue     Tailored waistcoat     Gold button front     V neck and sleeveless Product Code: P-83621-21--,Sleeveless Tops,43.95,DV8 Fashion (USA),116329,Women's Tops,204,https://images2.productserve.com/?w=200&h=200&bg=white&trim=5&t=letterbox&url=ssl%3Awww.dv8fashion.com%2FImages%2FModels%2FFull%2F35434.jpg&feedId=102894&k=b547a2219605460a74360d491a4a1c8e2da013f5,USD,,12.95,https://www.dv8fashion.com/en/Saint-Genies-Button-Waistcoat---Burgundy/m-35434.aspx?PartnerID=4730&utm_source=awin&utm_medium=affiliate&utm_campaign=UnitedStatesUS,,,USD43.95,102894,DV8 Fashion,1,,https://www.dv8fashion.com/Images/Models/Full/35434-1.jpg,https://www.dv8fashion.com/Images/Models/Full/35434-2.jpg,,https://www.dv8fashion.com/Images/Models/Full/35434-3.jpg,Womens,Tops & T-Shirts
https://www.awin1.com/pclick.php?p=42495008672&a=2771700&m=116329,Saint Genies Button Waistcoat - Burgundy - XS,42495008672,257196AWUS,https://www.dv8fashion.com/Images/Models/Full/35434.jpg,Saint Genies women&apos;s waistcoat...      Burgundy hue     Tailored waistcoat     Gold button front     V neck and sleeveless Product Code: P-83621-21--,Sleeveless Tops,43.95,DV8 Fashion (USA),116329,Women's Tops,204,https://images2.productserve.com/?w=200&h=200&bg=white&trim=5&t=letterbox&url=ssl%3Awww.dv8fashion.com%2FImages%2FModels%2FFull%2F35434.jpg&feedId=102894&k=b547a2219605460a74360d491a4a1c8e2da013f5,USD,,12.95,https://www.dv8fashion.com/en/Saint-Genies-Button-Waistcoat---Burgundy/m-35434.aspx?PartnerID=4730&utm_source=awin&utm_medium=affiliate&utm_campaign=UnitedStatesUS,,,USD43.95,102894,DV8 Fashion,1,,https://www.dv8fashion.com/Images/Models/Full/35434-1.jpg,https://www.dv8fashion.com/Images/Models/Full/35434-2.jpg,,https://www.dv8fashion.com/Images/Models/Full/35434-3.jpg,Womens,Tops & T-Shirts
https://www.awin1.com/pclick.php?p=42495008697&a=2771700&m=116329,Saint Genies Bandeau Split Top - Plum - L,42495008697,257262AWUS,https://www.dv8fashion.com/Images/Models/Full/35440.jpg,Get new season ready with this bandeau top by Saint Genies. This stunning piece is designed to make you stand out wherever you go      Colour: Plum     Details: Split sides     Sleeves: Sleeveless     Product type: Top     Fit: Fitted Product Code: P-83625-21--,Sleeveless Tops,31.95,DV8 Fashion (USA),116329,Women's Tops,204,https://images2.productserve.com/?w=200&h=200&bg=white&trim=5&t=letterbox&url=ssl%3Awww.dv8fashion.com%2FImages%2FModels%2FFull%2F35440.jpg&feedId=102894&k=ae07f6277a838ca82da721c9736ca1d0fe271adb,USD,,12.95,https://www.dv8fashion.com/en/Saint-Genies-Bandeau-Split-Top---Plum/m-35440.aspx?PartnerID=4730&utm_source=awin&utm_medium=affiliate&utm_campaign=UnitedStatesUS,,,USD31.95,102894,DV8 Fashion,1,,https://www.dv8fashion.com/Images/Models/Full/35440-1.jpg,https://www.dv8fashion.com/Images/Models/Full/35440-2.jpg,,https://www.dv8fashion.com/Images/Models/Full/35440-3.jpg,Womens,Tops & T-Shirts
https://www.awin1.com/pclick.php?p=42495008701&a=2771700&m=116329,Saint Genies Bandeau Split Top - Plum - XS,42495008701,257266AWUS,https://www.dv8fashion.com/Images/Models/Full/35440.jpg,Get new season ready with this bandeau top by Saint Genies. This stunning piece is designed to make you stand out wherever you go      Colour: Plum     Details: Split sides     Sleeves: Sleeveless     Product type: Top     Fit: Fitted Product Code: P-83625-21--,Sleeveless Tops,31.95,DV8 Fashion (USA),116329,Women's Tops,204,https://images2.productserve.com/?w=200&h=200&bg=white&trim=5&t=letterbox&url=ssl%3Awww.dv8fashion.com%2FImages%2FModels%2FFull%2F35440.jpg&feedId=102894&k=ae07f6277a838ca82da721c9736ca1d0fe271adb,USD,,12.95,https://www.dv8fashion.com/en/Saint-Genies-Bandeau-Split-Top---Plum/m-35440.aspx?PartnerID=4730&utm_source=awin&utm_medium=affiliate&utm_campaign=UnitedStatesUS,,,USD31.95,102894,DV8 Fashion,1,,https://www.dv8fashion.com/Images/Models/Full/35440-1.jpg,https://www.dv8fashion.com/Images/Models/Full/35440-2.jpg,,https://www.dv8fashion.com/Images/Models/Full/35440-3.jpg,Womens,Tops & T-Shirts
https://www.awin1.com/pclick.php?p=42495008705&a=2771700&m=116329,Saint Genies Button Rib Sleeveless Top - Beige - XL,42495008705,257276AWUS,https://www.dv8fashion.com/Images/Models/Full/35441.jpg,New season Saint Genies has landed...      Product Type: Top     Fabric: Ribbed fabric     Details: Button front     Fit: Fitted     Make it a co-ord with a matching trousers Product Code: P-83622-28--,Sleeveless Tops,36.95,DV8 Fashion (USA),116329,Women's Tops,204,https://images2.productserve.com/?w=200&h=200&bg=white&trim=5&t=letterbox&url=ssl%3Awww.dv8fashion.com%2FImages%2FModels%2FFull%2F35441.jpg&feedId=102894&k=5c16f8a5046035fe3ed2093a2da3f5351bbeae6a,USD,,12.95,https://www.dv8fashion.com/en/Saint-Genies-Button-Rib-Sleeveless-Top---Beige/m-35441.aspx?PartnerID=4730&utm_source=awin&utm_medium=affiliate&utm_campaign=UnitedStatesUS,,,USD36.95,102894,DV8 Fashion,1,,https://www.dv8fashion.com/Images/Models/Full/35441-1.jpg,https://www.dv8fashion.com/Images/Models/Full/35441-2.jpg,,https://www.dv8fashion.com/Images/Models/Full/35441-3.jpg,Womens,Tops & T-Shirts
https://www.awin1.com/pclick.php?p=42495008716&a=2771700&m=116329,Saint Genies Sleeveless Peplum Top - Plum - L,42495008716,257306AWUS,https://www.dv8fashion.com/Images/Models/Full/35444.jpg,Get new season ready with this sleeveless top by Saint Genies. This stunning piece is designed to make you stand out wherever you go      Colour: Plum     Details: Sweetheart neckline     Sleeves: Sleeveless     Product type: Top     Fit: Fitted with peplum Product Code: P-83624-21--,Sleeveless Tops,40.95,DV8 Fashion (USA),116329,Women's Tops,204,https://images2.productserve.com/?w=200&h=200&bg=white&trim=5&t=letterbox&url=ssl%3Awww.dv8fashion.com%2FImages%2FModels%2FFull%2F35444.jpg&feedId=102894&k=03f199921b3aece039bcd67000aa8c2b58831d22,USD,,12.95,https://www.dv8fashion.com/en/Saint-Genies-Sleeveless-Peplum-Top---Plum/m-35444.aspx?PartnerID=4730&utm_source=awin&utm_medium=affiliate&utm_campaign=UnitedStatesUS,,,USD40.95,102894,DV8 Fashion,1,,https://www.dv8fashion.com/Images/Models/Full/35444-1.jpg,https://www.dv8fashion.com/Images/Models/Full/35444-2.jpg,,https://www.dv8fashion.com/Images/Models/Full/35444-3.jpg,Womens,Tops & T-Shirts
https://www.awin1.com/pclick.php?p=42562677753&a=2771700&m=116329,Saint Genies Lace Corset Top - Brown - XL,42562677753,257723AWUS,https://www.dv8fashion.com/Images/Models/Full/35478.jpg,Elevate your weekend style with our stunning lace corset by Saint Genies...      Lace fabric     Tie detailing     Back zip fastening     Bow on front     Adjustable straps Product Code: P-83788-27--,Sleeveless Tops,43.95,DV8 Fashion (USA),116329,Women's Tops,204,https://images2.productserve.com/?w=200&h=200&bg=white&trim=5&t=letterbox&url=ssl%3Awww.dv8fashion.com%2FImages%2FModels%2FFull%2F35478.jpg&feedId=102894&k=7a8120fae180447ac03280f00a78630968a4f00d,USD,,12.95,https://www.dv8fashion.com/en/Saint-Genies-Lace-Corset-Top---Brown/m-35478.aspx?PartnerID=4730&utm_source=awin&utm_medium=affiliate&utm_campaign=UnitedStatesUS,,,USD43.95,102894,DV8 Fashion,1,,https://www.dv8fashion.com/Images/Models/Full/35478-1.jpg,https://www.dv8fashion.com/Images/Models/Full/35478-2.jpg,,https://www.dv8fashion.com/Images/Models/Full/35478-3.jpg,Womens,Tops & T-Shirts
https://www.awin1.com/pclick.php?p=41493325820&a=2771700&m=116329,Pieces Silly Tie Knit Vest - Roseate Spoonbill - M,41493325820,240115AWUS,https://www.dv8fashion.com/Images/Models/Full/33840.jpg,Rib is a soft fabric with visible ribs on its front and back creating a stretchy fabric      Product Type: Gilets     Neck: Round Neck     Sleeve: Sleeveless     Fit: Regular Fit Product Code: P-81460-38--,Sleeveless Tops,43.95,DV8 Fashion (USA),116329,Women's Tops,204,https://images2.productserve.com/?w=200&h=200&bg=white&trim=5&t=letterbox&url=ssl%3Awww.dv8fashion.com%2FImages%2FModels%2FFull%2F33840.jpg&feedId=102894&k=4ec64963ec843bd885eb1822fcac1b606b6073db,USD,,12.95,https://www.dv8fashion.com/en/Pieces-Silly-Tie-Knit-Vest---Roseate-Spoonbill/m-33840.aspx?PartnerID=4730&utm_source=awin&utm_medium=affiliate&utm_campaign=UnitedStatesUS,,,USD43.95,102894,DV8 Fashion,1,,https://www.dv8fashion.com/Images/Models/Full/33840-1.jpg,https://www.dv8fashion.com/Images/Models/Full/33840-2.jpg,,https://www.dv8fashion.com/Images/Models/Full/33840-3.jpg,Womens,Tops & T-Shirts
https://www.awin1.com/pclick.php?p=43718253979&a=2771700&m=116329,Only Love Strap Singlet - White - XL,43718253979,237015AWUS,https://www.dv8fashion.com/Images/Models/Full/33555.jpg,"No wardrobe is complete without soft, timeless, basic styles, perfect for any occasion and season      Product Type: Top     Neck: Round Neck     Sleeve: Sleeveless     Fit: Stretch Fit Product Code: P-81021-11--",Sleeveless Tops,16.95,DV8 Fashion (USA),116329,Women's Tops,204,https://images2.productserve.com/?w=200&h=200&bg=white&trim=5&t=letterbox&url=ssl%3Awww.dv8fashion.com%2FImages%2FModels%2FFull%2F33555.jpg&feedId=102894&k=84b4940caefd0c5c5ac8f0c2640ef96598c6b6b4,USD,,12.95,https://www.dv8fashion.com/en/Only-Love-Strap-Singlet---White/m-33555.aspx?PartnerID=4730&utm_source=awin&utm_medium=affiliate&utm_campaign=UnitedStatesUS,,,USD16.95,102894,DV8 Fashion,1,,https://www.dv8fashion.com/Images/Models/Full/33555-1.jpg,https://www.dv8fashion.com/Images/Models/Full/33555-2.jpg,,https://www.dv8fashion.com/Images/Models/Full/33555-3.jpg,Womens,Tops & T-Shirts
https://www.awin1.com/pclick.php?p=41493326192&a=2771700&m=116329,Jdy Sabrina Life S/L Knot Top - Patina Green - M,41493326192,211803AWUS,https://www.dv8fashion.com/Images/Models/Full/31181.jpg,Casual and easy all day wear. Rib knit      Product Type: Knitted top     Neck: V-Neck     Sleeve: Sleeveless     Length/size: Short Product Code: P-77064-45--,Sleeveless Tops,36.95,DV8 Fashion (USA),116329,Women's Tops,204,https://images2.productserve.com/?w=200&h=200&bg=white&trim=5&t=letterbox&url=ssl%3Awww.dv8fashion.com%2FImages%2FModels%2FFull%2F31181.jpg&feedId=102894&k=698b48dd1edfb2e4a1dd781096ee8064550bee15,USD,,12.95,https://www.dv8fashion.com/en/Jdy-Sabrina-Life-SL-Knot-Top---Patina-Green/m-31181.aspx?PartnerID=4730&utm_source=awin&utm_medium=affiliate&utm_campaign=UnitedStatesUS,,,USD36.95,102894,DV8 Fashion,1,,https://www.dv8fashion.com/Images/Models/Full/31181-1.jpg,https://www.dv8fashion.com/Images/Models/Full/31181-2.jpg,,https://www.dv8fashion.com/Images/Models/Full/31181-3.jpg,Womens,Tops & T-Shirts
https://www.awin1.com/pclick.php?p=43523128821&a=2771700&m=116329,Only Chloe Lace Bralet - Black - L,43523128821,17299AWUS,https://www.dv8fashion.com/Images/Models/Full/10726.jpg,Lace styling Padding detail V neckline&nbsp; Product Code: P-28730-10--,Sleeveless Tops,34.95,DV8 Fashion (USA),116329,Women's Tops,204,https://images2.productserve.com/?w=200&h=200&bg=white&trim=5&t=letterbox&url=ssl%3Awww.dv8fashion.com%2FImages%2FModels%2FFull%2F10726.jpg&feedId=102894&k=1b6dc131dcc8c1b4fff0ea0c415bff4e44d0706a,USD,,12.95,https://www.dv8fashion.com/en/Only-Chloe-Lace-Bralet---Black/m-10726.aspx?PartnerID=4730&utm_source=awin&utm_medium=affiliate&utm_campaign=UnitedStatesUS,,,USD34.95,102894,DV8 Fashion,1,,https://www.dv8fashion.com/Images/Models/Full/10726-1.jpg,https://www.dv8fashion.com/Images/Models/Full/10726-2.jpg,,https://www.dv8fashion.com/Images/Models/Full/10726-3.jpg,Womens,Tops & T-Shirts
https://www.awin1.com/pclick.php?p=41493325654&a=2771700&m=116329,Only Chloe Lace Bralet - Black - M,41493325654,17300AWUS,https://www.dv8fashion.com/Images/Models/Full/10726.jpg,Lace styling Padding detail V neckline&nbsp; Product Code: P-28730-10--,Sleeveless Tops,34.95,DV8 Fashion (USA),116329,Women's Tops,204,https://images2.productserve.com/?w=200&h=200&bg=white&trim=5&t=letterbox&url=ssl%3Awww.dv8fashion.com%2FImages%2FModels%2FFull%2F10726.jpg&feedId=102894&k=1b6dc131dcc8c1b4fff0ea0c415bff4e44d0706a,USD,,12.95,https://www.dv8fashion.com/en/Only-Chloe-Lace-Bralet---Black/m-10726.aspx?PartnerID=4730&utm_source=awin&utm_medium=affiliate&utm_campaign=UnitedStatesUS,,,USD34.95,102894,DV8 Fashion,1,,https://www.dv8fashion.com/Images/Models/Full/10726-1.jpg,https://www.dv8fashion.com/Images/Models/Full/10726-2.jpg,,https://www.dv8fashion.com/Images/Models/Full/10726-3.jpg,Womens,Tops & T-Shirts
https://www.awin1.com/pclick.php?p=41493325655&a=2771700&m=116329,Only Chloe Lace Bralet - Black - S,41493325655,17301AWUS,https://www.dv8fashion.com/Images/Models/Full/10726.jpg,Lace styling Padding detail V neckline&nbsp; Product Code: P-28730-10--,Sleeveless Tops,34.95,DV8 Fashion (USA),116329,Women's Tops,204,https://images2.productserve.com/?w=200&h=200&bg=white&trim=5&t=letterbox&url=ssl%3Awww.dv8fashion.com%2FImages%2FModels%2FFull%2F10726.jpg&feedId=102894&k=1b6dc131dcc8c1b4fff0ea0c415bff4e44d0706a,USD,,12.95,https://www.dv8fashion.com/en/Only-Chloe-Lace-Bralet---Black/m-10726.aspx?PartnerID=4730&utm_source=awin&utm_medium=affiliate&utm_campaign=UnitedStatesUS,,,USD34.95,102894,DV8 Fashion,1,,https://www.dv8fashion.com/Images/Models/Full/10726-1.jpg,https://www.dv8fashion.com/Images/Models/Full/10726-2.jpg,,https://www.dv8fashion.com/Images/Models/Full/10726-3.jpg,Womens,Tops & T-Shirts
https://www.awin1.com/pclick.php?p=41493326118&a=2771700&m=116329,Urban Bliss Grey Padded Shoulder Sleeveless Top - 12,41493326118,111835AWUS,https://www.dv8fashion.com/Images/Models/Full/21089.jpg,Grey marl knitted fabric   High neck and sleeveless styling   Shoulder pads and relaxed fit         Product Code: P-47585-62--,Sleeveless Tops,34.95,DV8 Fashion (USA),116329,Women's Tops,204,https://images2.productserve.com/?w=200&h=200&bg=white&trim=5&t=letterbox&url=ssl%3Awww.dv8fashion.com%2FImages%2FModels%2FFull%2F21089.jpg&feedId=102894&k=c3e5ff9172ba6403ebc32f9438aa251b2feb2b76,USD,,12.95,https://www.dv8fashion.com/en/Urban-Bliss-Grey-Padded-Shoulder-Sleeveless-Top/m-21089.aspx?PartnerID=4730&utm_source=awin&utm_medium=affiliate&utm_campaign=UnitedStatesUS,,,USD34.95,102894,DV8 Fashion,1,,https://www.dv8fashion.com/Images/Models/Full/21089-1.jpg,https://www.dv8fashion.com/Images/Models/Full/21089-2.jpg,,https://www.dv8fashion.com/Images/Models/Full/21089-3.jpg,Womens,Tops & T-Shirts
https://www.awin1.com/pclick.php?p=41493326115&a=2771700&m=116329,Urban Bliss Grey Padded Shoulder Sleeveless Top - 6,41493326115,111832AWUS,https://www.dv8fashion.com/Images/Models/Full/21089.jpg,Grey marl knitted fabric   High neck and sleeveless styling   Shoulder pads and relaxed fit         Product Code: P-47585-62--,Sleeveless Tops,34.95,DV8 Fashion (USA),116329,Women's Tops,204,https://images2.productserve.com/?w=200&h=200&bg=white&trim=5&t=letterbox&url=ssl%3Awww.dv8fashion.com%2FImages%2FModels%2FFull%2F21089.jpg&feedId=102894&k=c3e5ff9172ba6403ebc32f9438aa251b2feb2b76,USD,,12.95,https://www.dv8fashion.com/en/Urban-Bliss-Grey-Padded-Shoulder-Sleeveless-Top/m-21089.aspx?PartnerID=4730&utm_source=awin&utm_medium=affiliate&utm_campaign=UnitedStatesUS,,,USD34.95,102894,DV8 Fashion,1,,https://www.dv8fashion.com/Images/Models/Full/21089-1.jpg,https://www.dv8fashion.com/Images/Models/Full/21089-2.jpg,,https://www.dv8fashion.com/Images/Models/Full/21089-3.jpg,Womens,Tops & T-Shirts
https://www.awin1.com/pclick.php?p=41493326116&a=2771700&m=116329,Urban Bliss Grey Padded Shoulder Sleeveless Top - 8,41493326116,111833AWUS,https://www.dv8fashion.com/Images/Models/Full/21089.jpg,Grey marl knitted fabric   High neck and sleeveless styling   Shoulder pads and relaxed fit         Product Code: P-47585-62--,Sleeveless Tops,34.95,DV8 Fashion (USA),116329,Women's Tops,204,https://images2.productserve.com/?w=200&h=200&bg=white&trim=5&t=letterbox&url=ssl%3Awww.dv8fashion.com%2FImages%2FModels%2FFull%2F21089.jpg&feedId=102894&k=c3e5ff9172ba6403ebc32f9438aa251b2feb2b76,USD,,12.95,https://www.dv8fashion.com/en/Urban-Bliss-Grey-Padded-Shoulder-Sleeveless-Top/m-21089.aspx?PartnerID=4730&utm_source=awin&utm_medium=affiliate&utm_campaign=UnitedStatesUS,,,USD34.95,102894,DV8 Fashion,1,,https://www.dv8fashion.com/Images/Models/Full/21089-1.jpg,https://www.dv8fashion.com/Images/Models/Full/21089-2.jpg,,https://www.dv8fashion.com/Images/Models/Full/21089-3.jpg,Womens,Tops & T-Shirts
https://www.awin1.com/pclick.php?p=41493326117&a=2771700&m=116329,Urban Bliss Grey Padded Shoulder Sleeveless Top - 10,41493326117,111834AWUS,https://www.dv8fashion.com/Images/Models/Full/21089.jpg,Grey marl knitted fabric   High neck and sleeveless styling   Shoulder pads and relaxed fit         Product Code: P-47585-62--,Sleeveless Tops,34.95,DV8 Fashion (USA),116329,Women's Tops,204,https://images2.productserve.com/?w=200&h=200&bg=white&trim=5&t=letterbox&url=ssl%3Awww.dv8fashion.com%2FImages%2FModels%2FFull%2F21089.jpg&feedId=102894&k=c3e5ff9172ba6403ebc32f9438aa251b2feb2b76,USD,,12.95,https://www.dv8fashion.com/en/Urban-Bliss-Grey-Padded-Shoulder-Sleeveless-Top/m-21089.aspx?PartnerID=4730&utm_source=awin&utm_medium=affiliate&utm_campaign=UnitedStatesUS,,,USD34.95,102894,DV8 Fashion,1,,https://www.dv8fashion.com/Images/Models/Full/21089-1.jpg,https://www.dv8fashion.com/Images/Models/Full/21089-2.jpg,,https://www.dv8fashion.com/Images/Models/Full/21089-3.jpg,Womens,Tops & T-Shirts
https://www.awin1.com/pclick.php?p=41493326121&a=2771700&m=116329,Urban Bliss Grey Padded Shoulder Sleeveless Top - 18,41493326121,111838AWUS,https://www.dv8fashion.com/Images/Models/Full/21089.jpg,Grey marl knitted fabric   High neck and sleeveless styling   Shoulder pads and relaxed fit         Product Code: P-47585-62--,Sleeveless Tops,34.95,DV8 Fashion (USA),116329,Women's Tops,204,https://images2.productserve.com/?w=200&h=200&bg=white&trim=5&t=letterbox&url=ssl%3Awww.dv8fashion.com%2FImages%2FModels%2FFull%2F21089.jpg&feedId=102894&k=c3e5ff9172ba6403ebc32f9438aa251b2feb2b76,USD,,12.95,https://www.dv8fashion.com/en/Urban-Bliss-Grey-Padded-Shoulder-Sleeveless-Top/m-21089.aspx?PartnerID=4730&utm_source=awin&utm_medium=affiliate&utm_campaign=UnitedStatesUS,,,USD34.95,102894,DV8 Fashion,1,,https://www.dv8fashion.com/Images/Models/Full/21089-1.jpg,https://www.dv8fashion.com/Images/Models/Full/21089-2.jpg,,https://www.dv8fashion.com/Images/Models/Full/21089-3.jpg,Womens,Tops & T-Shirts
https://www.awin1.com/pclick.php?p=41493326119&a=2771700&m=116329,Urban Bliss Grey Padded Shoulder Sleeveless Top - 14,41493326119,111836AWUS,https://www.dv8fashion.com/Images/Models/Full/21089.jpg,Grey marl knitted fabric   High neck and sleeveless styling   Shoulder pads and relaxed fit         Product Code: P-47585-62--,Sleeveless Tops,34.95,DV8 Fashion (USA),116329,Women's Tops,204,https://images2.productserve.com/?w=200&h=200&bg=white&trim=5&t=letterbox&url=ssl%3Awww.dv8fashion.com%2FImages%2FModels%2FFull%2F21089.jpg&feedId=102894&k=c3e5ff9172ba6403ebc32f9438aa251b2feb2b76,USD,,12.95,https://www.dv8fashion.com/en/Urban-Bliss-Grey-Padded-Shoulder-Sleeveless-Top/m-21089.aspx?PartnerID=4730&utm_source=awin&utm_medium=affiliate&utm_campaign=UnitedStatesUS,,,USD34.95,102894,DV8 Fashion,1,,https://www.dv8fashion.com/Images/Models/Full/21089-1.jpg,https://www.dv8fashion.com/Images/Models/Full/21089-2.jpg,,https://www.dv8fashion.com/Images/Models/Full/21089-3.jpg,Womens,Tops & T-Shirts
https://www.awin1.com/pclick.php?p=41493326120&a=2771700&m=116329,Urban Bliss Grey Padded Shoulder Sleeveless Top - 16,41493326120,111837AWUS,https://www.dv8fashion.com/Images/Models/Full/21089.jpg,Grey marl knitted fabric   High neck and sleeveless styling   Shoulder pads and relaxed fit         Product Code: P-47585-62--,Sleeveless Tops,34.95,DV8 Fashion (USA),116329,Women's Tops,204,https://images2.productserve.com/?w=200&h=200&bg=white&trim=5&t=letterbox&url=ssl%3Awww.dv8fashion.com%2FImages%2FModels%2FFull%2F21089.jpg&feedId=102894&k=c3e5ff9172ba6403ebc32f9438aa251b2feb2b76,USD,,12.95,https://www.dv8fashion.com/en/Urban-Bliss-Grey-Padded-Shoulder-Sleeveless-Top/m-21089.aspx?PartnerID=4730&utm_source=awin&utm_medium=affiliate&utm_campaign=UnitedStatesUS,,,USD34.95,102894,DV8 Fashion,1,,https://www.dv8fashion.com/Images/Models/Full/21089-1.jpg,https://www.dv8fashion.com/Images/Models/Full/21089-2.jpg,,https://www.dv8fashion.com/Images/Models/Full/21089-3.jpg,Womens,Tops & T-Shirts
https://www.awin1.com/pclick.php?p=41493312552&a=2771700&m=116329,Only Vicky Lace Seamless Cropped Top - Black - M,41493312552,126243AWUS,https://www.dv8fashion.com/Images/Models/Full/22566.jpg,"No wardrobe is complete without soft, timeless, basic styles, perfect for any occasion and season      Product Type: Vest top     Straps: Thin straps, Elasticated straps     Length/Size: Cropped     Extra details: Lace detail Product Code: P-53494-10--",Sleeveless Tops,22.95,DV8 Fashion (USA),116329,Women's Tops,204,https://images2.productserve.com/?w=200&h=200&bg=white&trim=5&t=letterbox&url=ssl%3Awww.dv8fashion.com%2FImages%2FModels%2FFull%2F22566.jpg&feedId=102894&k=b123514d204bb1a218f364161c960b34e0933cd8,USD,,12.95,https://www.dv8fashion.com/en/Only-Vicky-Lace-Seamless-Cropped-Top---Black/m-22566.aspx?PartnerID=4730&utm_source=awin&utm_medium=affiliate&utm_campaign=UnitedStatesUS,,,USD22.95,102894,DV8 Fashion,1,,https://www.dv8fashion.com/Images/Models/Full/22566-1.jpg,https://www.dv8fashion.com/Images/Models/Full/22566-2.jpg,,https://www.dv8fashion.com/Images/Models/Full/22566-3.jpg,Womens,Tops & T-Shirts
https://www.awin1.com/pclick.php?p=41493312551&a=2771700&m=116329,Only Vicky Lace Seamless Cropped Top - Black - L,41493312551,126242AWUS,https://www.dv8fashion.com/Images/Models/Full/22566.jpg,"No wardrobe is complete without soft, timeless, basic styles, perfect for any occasion and season      Product Type: Vest top     Straps: Thin straps, Elasticated straps     Length/Size: Cropped     Extra details: Lace detail Product Code: P-53494-10--",Sleeveless Tops,22.95,DV8 Fashion (USA),116329,Women's Tops,204,https://images2.productserve.com/?w=200&h=200&bg=white&trim=5&t=letterbox&url=ssl%3Awww.dv8fashion.com%2FImages%2FModels%2FFull%2F22566.jpg&feedId=102894&k=b123514d204bb1a218f364161c960b34e0933cd8,USD,,12.95,https://www.dv8fashion.com/en/Only-Vicky-Lace-Seamless-Cropped-Top---Black/m-22566.aspx?PartnerID=4730&utm_source=awin&utm_medium=affiliate&utm_campaign=UnitedStatesUS,,,USD22.95,102894,DV8 Fashion,1,,https://www.dv8fashion.com/Images/Models/Full/22566-1.jpg,https://www.dv8fashion.com/Images/Models/Full/22566-2.jpg,,https://www.dv8fashion.com/Images/Models/Full/22566-3.jpg,Womens,Tops & T-Shirts
https://www.awin1.com/pclick.php?p=41493312553&a=2771700&m=116329,Only Vicky Lace Seamless Cropped Top - Black - S,41493312553,126244AWUS,https://www.dv8fashion.com/Images/Models/Full/22566.jpg,"No wardrobe is complete without soft, timeless, basic styles, perfect for any occasion and season      Product Type: Vest top     Straps: Thin straps, Elasticated straps     Length/Size: Cropped     Extra details: Lace detail Product Code: P-53494-10--",Sleeveless Tops,22.95,DV8 Fashion (USA),116329,Women's Tops,204,https://images2.productserve.com/?w=200&h=200&bg=white&trim=5&t=letterbox&url=ssl%3Awww.dv8fashion.com%2FImages%2FModels%2FFull%2F22566.jpg&feedId=102894&k=b123514d204bb1a218f364161c960b34e0933cd8,USD,,12.95,https://www.dv8fashion.com/en/Only-Vicky-Lace-Seamless-Cropped-Top---Black/m-22566.aspx?PartnerID=4730&utm_source=awin&utm_medium=affiliate&utm_campaign=UnitedStatesUS,,,USD22.95,102894,DV8 Fashion,1,,https://www.dv8fashion.com/Images/Models/Full/22566-1.jpg,https://www.dv8fashion.com/Images/Models/Full/22566-2.jpg,,https://www.dv8fashion.com/Images/Models/Full/22566-3.jpg,Womens,Tops & T-Shirts
https://www.awin1.com/pclick.php?p=43297517986&a=2771700&m=116329,Only Vicky Lace Seamless Cropped Top - Black - XL,43297517986,126245AWUS,https://www.dv8fashion.com/Images/Models/Full/22566.jpg,"No wardrobe is complete without soft, timeless, basic styles, perfect for any occasion and season      Product Type: Vest top     Straps: Thin straps, Elasticated straps     Length/Size: Cropped     Extra details: Lace detail Product Code: P-53494-10--",Sleeveless Tops,22.95,DV8 Fashion (USA),116329,Women's Tops,204,https://images2.productserve.com/?w=200&h=200&bg=white&trim=5&t=letterbox&url=ssl%3Awww.dv8fashion.com%2FImages%2FModels%2FFull%2F22566.jpg&feedId=102894&k=b123514d204bb1a218f364161c960b34e0933cd8,USD,,12.95,https://www.dv8fashion.com/en/Only-Vicky-Lace-Seamless-Cropped-Top---Black/m-22566.aspx?PartnerID=4730&utm_source=awin&utm_medium=affiliate&utm_campaign=UnitedStatesUS,,,USD22.95,102894,DV8 Fashion,1,,https://www.dv8fashion.com/Images/Models/Full/22566-1.jpg,https://www.dv8fashion.com/Images/Models/Full/22566-2.jpg,,https://www.dv8fashion.com/Images/Models/Full/22566-3.jpg,Womens,Tops & T-Shirts
https://www.awin1.com/pclick.php?p=41493311381&a=2771700&m=116329,Only Live Love Tank Top - White - L,41493311381,126497AWUS,https://www.dv8fashion.com/Images/Models/Full/22594.jpg,"Look your best for school, work, and everyday activities in cool styles that are easy to match with your wardrobe favourites      Product Type: Tank top     Neck: Round Neck     Sleeve: Sleeveless     Length/Size: Extra long     Fit: Stretch Fit Product Code: P-53533-11--",Sleeveless Tops,16.95,DV8 Fashion (USA),116329,Women's Tops,204,https://images2.productserve.com/?w=200&h=200&bg=white&trim=5&t=letterbox&url=ssl%3Awww.dv8fashion.com%2FImages%2FModels%2FFull%2F22594.jpg&feedId=102894&k=f648ec0f73c9c52179da59b04c6dbac658f7f3da,USD,,12.95,https://www.dv8fashion.com/en/Only-Live-Love-Tank-Top---White/m-22594.aspx?PartnerID=4730&utm_source=awin&utm_medium=affiliate&utm_campaign=UnitedStatesUS,,,USD16.95,102894,DV8 Fashion,1,,https://www.dv8fashion.com/Images/Models/Full/22594-1.jpg,https://www.dv8fashion.com/Images/Models/Full/22594-2.jpg,,https://www.dv8fashion.com/Images/Models/Full/22594-3.jpg,Womens,Tops & T-Shirts
https://www.awin1.com/pclick.php?p=41493311382&a=2771700&m=116329,Only Live Love Tank Top - White - M,41493311382,126498AWUS,https://www.dv8fashion.com/Images/Models/Full/22594.jpg,"Look your best for school, work, and everyday activities in cool styles that are easy to match with your wardrobe favourites      Product Type: Tank top     Neck: Round Neck     Sleeve: Sleeveless     Length/Size: Extra long     Fit: Stretch Fit Product Code: P-53533-11--",Sleeveless Tops,16.95,DV8 Fashion (USA),116329,Women's Tops,204,https://images2.productserve.com/?w=200&h=200&bg=white&trim=5&t=letterbox&url=ssl%3Awww.dv8fashion.com%2FImages%2FModels%2FFull%2F22594.jpg&feedId=102894&k=f648ec0f73c9c52179da59b04c6dbac658f7f3da,USD,,12.95,https://www.dv8fashion.com/en/Only-Live-Love-Tank-Top---White/m-22594.aspx?PartnerID=4730&utm_source=awin&utm_medium=affiliate&utm_campaign=UnitedStatesUS,,,USD16.95,102894,DV8 Fashion,1,,https://www.dv8fashion.com/Images/Models/Full/22594-1.jpg,https://www.dv8fashion.com/Images/Models/Full/22594-2.jpg,,https://www.dv8fashion.com/Images/Models/Full/22594-3.jpg,Womens,Tops & T-Shirts
https://www.awin1.com/pclick.php?p=41493311383&a=2771700&m=116329,Only Live Love Tank Top - White - S,41493311383,126499AWUS,https://www.dv8fashion.com/Images/Models/Full/22594.jpg,"Look your best for school, work, and everyday activities in cool styles that are easy to match with your wardrobe favourites      Product Type: Tank top     Neck: Round Neck     Sleeve: Sleeveless     Length/Size: Extra long     Fit: Stretch Fit Product Code: P-53533-11--",Sleeveless Tops,16.95,DV8 Fashion (USA),116329,Women's Tops,204,https://images2.productserve.com/?w=200&h=200&bg=white&trim=5&t=letterbox&url=ssl%3Awww.dv8fashion.com%2FImages%2FModels%2FFull%2F22594.jpg&feedId=102894&k=f648ec0f73c9c52179da59b04c6dbac658f7f3da,USD,,12.95,https://www.dv8fashion.com/en/Only-Live-Love-Tank-Top---White/m-22594.aspx?PartnerID=4730&utm_source=awin&utm_medium=affiliate&utm_campaign=UnitedStatesUS,,,USD16.95,102894,DV8 Fashion,1,,https://www.dv8fashion.com/Images/Models/Full/22594-1.jpg,https://www.dv8fashion.com/Images/Models/Full/22594-2.jpg,,https://www.dv8fashion.com/Images/Models/Full/22594-3.jpg,Womens,Tops & T-Shirts
https://www.awin1.com/pclick.php?p=41493311384&a=2771700&m=116329,Only Live Love Tank Top - White - XL,41493311384,126500AWUS,https://www.dv8fashion.com/Images/Models/Full/22594.jpg,"Look your best for school, work, and everyday activities in cool styles that are easy to match with your wardrobe favourites      Product Type: Tank top     Neck: Round Neck     Sleeve: Sleeveless     Length/Size: Extra long     Fit: Stretch Fit Product Code: P-53533-11--",Sleeveless Tops,16.95,DV8 Fashion (USA),116329,Women's Tops,204,https://images2.productserve.com/?w=200&h=200&bg=white&trim=5&t=letterbox&url=ssl%3Awww.dv8fashion.com%2FImages%2FModels%2FFull%2F22594.jpg&feedId=102894&k=f648ec0f73c9c52179da59b04c6dbac658f7f3da,USD,,12.95,https://www.dv8fashion.com/en/Only-Live-Love-Tank-Top---White/m-22594.aspx?PartnerID=4730&utm_source=awin&utm_medium=affiliate&utm_campaign=UnitedStatesUS,,,USD16.95,102894,DV8 Fashion,1,,https://www.dv8fashion.com/Images/Models/Full/22594-1.jpg,https://www.dv8fashion.com/Images/Models/Full/22594-2.jpg,,https://www.dv8fashion.com/Images/Models/Full/22594-3.jpg,Womens,Tops & T-Shirts
https://www.awin1.com/pclick.php?p=41493311385&a=2771700&m=116329,Only Live Love Tank Top - White - XS,41493311385,126501AWUS,https://www.dv8fashion.com/Images/Models/Full/22594.jpg,"Look your best for school, work, and everyday activities in cool styles that are easy to match with your wardrobe favourites      Product Type: Tank top     Neck: Round Neck     Sleeve: Sleeveless     Length/Size: Extra long     Fit: Stretch Fit Product Code: P-53533-11--",Sleeveless Tops,16.95,DV8 Fashion (USA),116329,Women's Tops,204,https://images2.productserve.com/?w=200&h=200&bg=white&trim=5&t=letterbox&url=ssl%3Awww.dv8fashion.com%2FImages%2FModels%2FFull%2F22594.jpg&feedId=102894&k=f648ec0f73c9c52179da59b04c6dbac658f7f3da,USD,,12.95,https://www.dv8fashion.com/en/Only-Live-Love-Tank-Top---White/m-22594.aspx?PartnerID=4730&utm_source=awin&utm_medium=affiliate&utm_campaign=UnitedStatesUS,,,USD16.95,102894,DV8 Fashion,1,,https://www.dv8fashion.com/Images/Models/Full/22594-1.jpg,https://www.dv8fashion.com/Images/Models/Full/22594-2.jpg,,https://www.dv8fashion.com/Images/Models/Full/22594-3.jpg,Womens,Tops & T-Shirts
https://www.awin1.com/pclick.php?p=41493311386&a=2771700&m=116329,Only Live Love Tank Top - Black - L,41493311386,128255AWUS,https://www.dv8fashion.com/Images/Models/Full/22777.jpg,"Look your best for school, work, and everyday activities in cool styles that are easy to match with your wardrobe favourites      Product Type: Tank top     Neck: Round Neck     Sleeve: Sleeveless     Length/Size: Extra long     Fit: Stretch Fit Product Code: P-53874-10--",Sleeveless Tops,16.95,DV8 Fashion (USA),116329,Women's Tops,204,https://images2.productserve.com/?w=200&h=200&bg=white&trim=5&t=letterbox&url=ssl%3Awww.dv8fashion.com%2FImages%2FModels%2FFull%2F22777.jpg&feedId=102894&k=badba2edaff7f03d654c753871b2051630b8935c,USD,,12.95,https://www.dv8fashion.com/en/Only-Live-Love-Tank-Top---Black/m-22777.aspx?PartnerID=4730&utm_source=awin&utm_medium=affiliate&utm_campaign=UnitedStatesUS,,,USD16.95,102894,DV8 Fashion,1,,https://www.dv8fashion.com/Images/Models/Full/22777-1.jpg,https://www.dv8fashion.com/Images/Models/Full/22777-2.jpg,,https://www.dv8fashion.com/Images/Models/Full/22777-3.jpg,Womens,Tops & T-Shirts
https://www.awin1.com/pclick.php?p=41493311387&a=2771700&m=116329,Only Live Love Tank Top - Black - M,41493311387,128256AWUS,https://www.dv8fashion.com/Images/Models/Full/22777.jpg,"Look your best for school, work, and everyday activities in cool styles that are easy to match with your wardrobe favourites      Product Type: Tank top     Neck: Round Neck     Sleeve: Sleeveless     Length/Size: Extra long     Fit: Stretch Fit Product Code: P-53874-10--",Sleeveless Tops,16.95,DV8 Fashion (USA),116329,Women's Tops,204,https://images2.productserve.com/?w=200&h=200&bg=white&trim=5&t=letterbox&url=ssl%3Awww.dv8fashion.com%2FImages%2FModels%2FFull%2F22777.jpg&feedId=102894&k=badba2edaff7f03d654c753871b2051630b8935c,USD,,12.95,https://www.dv8fashion.com/en/Only-Live-Love-Tank-Top---Black/m-22777.aspx?PartnerID=4730&utm_source=awin&utm_medium=affiliate&utm_campaign=UnitedStatesUS,,,USD16.95,102894,DV8 Fashion,1,,https://www.dv8fashion.com/Images/Models/Full/22777-1.jpg,https://www.dv8fashion.com/Images/Models/Full/22777-2.jpg,,https://www.dv8fashion.com/Images/Models/Full/22777-3.jpg,Womens,Tops & T-Shirts
https://www.awin1.com/pclick.php?p=43534232646&a=2771700&m=116329,Only Live Love Tank Top - Black - S,43534232646,128257AWUS,https://www.dv8fashion.com/Images/Models/Full/22777.jpg,"Look your best for school, work, and everyday activities in cool styles that are easy to match with your wardrobe favourites      Product Type: Tank top     Neck: Round Neck     Sleeve: Sleeveless     Length/Size: Extra long     Fit: Stretch Fit Product Code: P-53874-10--",Sleeveless Tops,16.95,DV8 Fashion (USA),116329,Women's Tops,204,https://images2.productserve.com/?w=200&h=200&bg=white&trim=5&t=letterbox&url=ssl%3Awww.dv8fashion.com%2FImages%2FModels%2FFull%2F22777.jpg&feedId=102894&k=badba2edaff7f03d654c753871b2051630b8935c,USD,,12.95,https://www.dv8fashion.com/en/Only-Live-Love-Tank-Top---Black/m-22777.aspx?PartnerID=4730&utm_source=awin&utm_medium=affiliate&utm_campaign=UnitedStatesUS,,,USD16.95,102894,DV8 Fashion,1,,https://www.dv8fashion.com/Images/Models/Full/22777-1.jpg,https://www.dv8fashion.com/Images/Models/Full/22777-2.jpg,,https://www.dv8fashion.com/Images/Models/Full/22777-3.jpg,Womens,Tops & T-Shirts
https://www.awin1.com/pclick.php?p=43626613964&a=2771700&m=116329,Only Live Love Tank Top - Black - XL,43626613964,128258AWUS,https://www.dv8fashion.com/Images/Models/Full/22777.jpg,"Look your best for school, work, and everyday activities in cool styles that are easy to match with your wardrobe favourites      Product Type: Tank top     Neck: Round Neck     Sleeve: Sleeveless     Length/Size: Extra long     Fit: Stretch Fit Product Code: P-53874-10--",Sleeveless Tops,16.95,DV8 Fashion (USA),116329,Women's Tops,204,https://images2.productserve.com/?w=200&h=200&bg=white&trim=5&t=letterbox&url=ssl%3Awww.dv8fashion.com%2FImages%2FModels%2FFull%2F22777.jpg&feedId=102894&k=badba2edaff7f03d654c753871b2051630b8935c,USD,,12.95,https://www.dv8fashion.com/en/Only-Live-Love-Tank-Top---Black/m-22777.aspx?PartnerID=4730&utm_source=awin&utm_medium=affiliate&utm_campaign=UnitedStatesUS,,,USD16.95,102894,DV8 Fashion,1,,https://www.dv8fashion.com/Images/Models/Full/22777-1.jpg,https://www.dv8fashion.com/Images/Models/Full/22777-2.jpg,,https://www.dv8fashion.com/Images/Models/Full/22777-3.jpg,Womens,Tops & T-Shirts
https://www.awin1.com/pclick.php?p=41493311390&a=2771700&m=116329,Only Live Love Tank Top - Black - XS,41493311390,128259AWUS,https://www.dv8fashion.com/Images/Models/Full/22777.jpg,"Look your best for school, work, and everyday activities in cool styles that are easy to match with your wardrobe favourites      Product Type: Tank top     Neck: Round Neck     Sleeve: Sleeveless     Length/Size: Extra long     Fit: Stretch Fit Product Code: P-53874-10--",Sleeveless Tops,16.95,DV8 Fashion (USA),116329,Women's Tops,204,https://images2.productserve.com/?w=200&h=200&bg=white&trim=5&t=letterbox&url=ssl%3Awww.dv8fashion.com%2FImages%2FModels%2FFull%2F22777.jpg&feedId=102894&k=badba2edaff7f03d654c753871b2051630b8935c,USD,,12.95,https://www.dv8fashion.com/en/Only-Live-Love-Tank-Top---Black/m-22777.aspx?PartnerID=4730&utm_source=awin&utm_medium=affiliate&utm_campaign=UnitedStatesUS,,,USD16.95,102894,DV8 Fashion,1,,https://www.dv8fashion.com/Images/Models/Full/22777-1.jpg,https://www.dv8fashion.com/Images/Models/Full/22777-2.jpg,,https://www.dv8fashion.com/Images/Models/Full/22777-3.jpg,Womens,Tops & T-Shirts
https://www.awin1.com/pclick.php?p=41493325587&a=2771700&m=116329,Veromoda Camma Cropped Top - Cream / Irish Cream - L,41493325587,183839AWUS,https://www.dv8fashion.com/Images/Models/Full/28401.jpg,"The ultimate summer must-have! This cropped top will easily elevate your jeans, skirts, and shorts to a perfect summer look. Showing off your gorgeous figure and complimenting a high waisted bottom this top will definitely do your looks justice     Product Type: Top     Neck: O-Neck     Sleeve: Sleeveless     Length/size: Cropped     Fit: Cropped Fit Product Code: P-70041-26--",Sleeveless Tops,31.95,DV8 Fashion (USA),116329,Women's Tops,204,https://images2.productserve.com/?w=200&h=200&bg=white&trim=5&t=letterbox&url=ssl%3Awww.dv8fashion.com%2FImages%2FModels%2FFull%2F28401.jpg&feedId=102894&k=261413cd880db9504f472e86b80641140a6bd4f3,USD,,12.95,https://www.dv8fashion.com/en/Veromoda-Camma-Cropped-Top---Cream--Irish-Cream/m-28401.aspx?PartnerID=4730&utm_source=awin&utm_medium=affiliate&utm_campaign=UnitedStatesUS,,,USD31.95,102894,DV8 Fashion,1,,https://www.dv8fashion.com/Images/Models/Full/28401-1.jpg,https://www.dv8fashion.com/Images/Models/Full/28401-2.jpg,,https://www.dv8fashion.com/Images/Models/Full/28401-3.jpg,Womens,Tops & T-Shirts
https://www.awin1.com/pclick.php?p=41493325588&a=2771700&m=116329,Veromoda Camma Cropped Top - Cream / Irish Cream - XS,41493325588,183843AWUS,https://www.dv8fashion.com/Images/Models/Full/28401.jpg,"The ultimate summer must-have! This cropped top will easily elevate your jeans, skirts, and shorts to a perfect summer look. Showing off your gorgeous figure and complimenting a high waisted bottom this top will definitely do your looks justice     Product Type: Top     Neck: O-Neck     Sleeve: Sleeveless     Length/size: Cropped     Fit: Cropped Fit Product Code: P-70041-26--",Sleeveless Tops,31.95,DV8 Fashion (USA),116329,Women's Tops,204,https://images2.productserve.com/?w=200&h=200&bg=white&trim=5&t=letterbox&url=ssl%3Awww.dv8fashion.com%2FImages%2FModels%2FFull%2F28401.jpg&feedId=102894&k=261413cd880db9504f472e86b80641140a6bd4f3,USD,,12.95,https://www.dv8fashion.com/en/Veromoda-Camma-Cropped-Top---Cream--Irish-Cream/m-28401.aspx?PartnerID=4730&utm_source=awin&utm_medium=affiliate&utm_campaign=UnitedStatesUS,,,USD31.95,102894,DV8 Fashion,1,,https://www.dv8fashion.com/Images/Models/Full/28401-1.jpg,https://www.dv8fashion.com/Images/Models/Full/28401-2.jpg,,https://www.dv8fashion.com/Images/Models/Full/28401-3.jpg,Womens,Tops & T-Shirts
https://www.awin1.com/pclick.php?p=41493325919&a=2771700&m=116329,Tally Weijl Cropped Top With Rhinestones - White - M,41493325919,185851AWUS,https://www.dv8fashion.com/Images/Models/Full/28618.jpg,White cropped top with cross diamante detail on front and ruched fabric      Colour: white     Details: Ruched     Length: cropped     Sleeve: spaghetti Product Code: P-70472-11--,Sleeveless Tops,29.95,DV8 Fashion (USA),116329,Women's Tops,204,https://images2.productserve.com/?w=200&h=200&bg=white&trim=5&t=letterbox&url=ssl%3Awww.dv8fashion.com%2FImages%2FModels%2FFull%2F28618.jpg&feedId=102894&k=e649577c8185094ac49db28b58bb48cf9ddaa95b,USD,,12.95,https://www.dv8fashion.com/en/Tally-Weijl-Cropped-Top-With-Rhinestones---White/m-28618.aspx?PartnerID=4730&utm_source=awin&utm_medium=affiliate&utm_campaign=UnitedStatesUS,,,USD29.95,102894,DV8 Fashion,1,,https://www.dv8fashion.com/Images/Models/Full/28618-1.jpg,https://www.dv8fashion.com/Images/Models/Full/28618-2.jpg,,https://www.dv8fashion.com/Images/Models/Full/28618-3.jpg,Womens,Tops & T-Shirts
https://www.awin1.com/pclick.php?p=41493325595&a=2771700&m=116329,Veromoda Madi Jill Sleeveless Tank-Top - Pink / Bonbon - XL,41493325595,186207AWUS,https://www.dv8fashion.com/Images/Models/Full/28651.jpg,Sleeveless top     Round neckline     Wide straps     Ribbed structure     Regular fit Product Code: P-70560-38--,Sleeveless Tops,16.95,DV8 Fashion (USA),116329,Women's Tops,204,https://images2.productserve.com/?w=200&h=200&bg=white&trim=5&t=letterbox&url=ssl%3Awww.dv8fashion.com%2FImages%2FModels%2FFull%2F28651.jpg&feedId=102894&k=5f895987b7f73cbededccfbc56701383d941f268,USD,,12.95,https://www.dv8fashion.com/en/Veromoda-Madi-Jill-Sleeveless-Tank-Top---Pink--Bonbon/m-28651.aspx?PartnerID=4730&utm_source=awin&utm_medium=affiliate&utm_campaign=UnitedStatesUS,,,USD16.95,102894,DV8 Fashion,1,,https://www.dv8fashion.com/Images/Models/Full/28651-1.jpg,https://www.dv8fashion.com/Images/Models/Full/28651-2.jpg,,https://www.dv8fashion.com/Images/Models/Full/28651-3.jpg,Womens,Tops & T-Shirts
https://www.awin1.com/pclick.php?p=41493325752&a=2771700&m=116329,Noisy May Dance Sequin Tube Top - Black / Silver - L,41493325752,196383AWUS,https://www.dv8fashion.com/Images/Models/Full/29702.jpg,Product Type: Tube top     Neck: Strapless     Sleeve: Sleeveless     Extra details: Glitter detail     Fit: Slim Fit Product Code: P-73863-10--,Sleeveless Tops,34.95,DV8 Fashion (USA),116329,Women's Tops,204,https://images2.productserve.com/?w=200&h=200&bg=white&trim=5&t=letterbox&url=ssl%3Awww.dv8fashion.com%2FImages%2FModels%2FFull%2F29702.jpg&feedId=102894&k=38d04c523dae43eb340186e4f599a29347261c8c,USD,,12.95,https://www.dv8fashion.com/en/Noisy-May-Dance-Sequin-Tube-Top---Black--Silver/m-29702.aspx?PartnerID=4730&utm_source=awin&utm_medium=affiliate&utm_campaign=UnitedStatesUS,,,USD34.95,102894,DV8 Fashion,1,,https://www.dv8fashion.com/Images/Models/Full/29702-1.jpg,https://www.dv8fashion.com/Images/Models/Full/29702-2.jpg,,https://www.dv8fashion.com/Images/Models/Full/29702-3.jpg,Womens,Tops & T-Shirts
https://www.awin1.com/pclick.php?p=41493325753&a=2771700&m=116329,Noisy May Dance Sequin Tube Top - Black / Silver - XL,41493325753,196386AWUS,https://www.dv8fashion.com/Images/Models/Full/29702.jpg,Product Type: Tube top     Neck: Strapless     Sleeve: Sleeveless     Extra details: Glitter detail     Fit: Slim Fit Product Code: P-73863-10--,Sleeveless Tops,34.95,DV8 Fashion (USA),116329,Women's Tops,204,https://images2.productserve.com/?w=200&h=200&bg=white&trim=5&t=letterbox&url=ssl%3Awww.dv8fashion.com%2FImages%2FModels%2FFull%2F29702.jpg&feedId=102894&k=38d04c523dae43eb340186e4f599a29347261c8c,USD,,12.95,https://www.dv8fashion.com/en/Noisy-May-Dance-Sequin-Tube-Top---Black--Silver/m-29702.aspx?PartnerID=4730&utm_source=awin&utm_medium=affiliate&utm_campaign=UnitedStatesUS,,,USD34.95,102894,DV8 Fashion,1,,https://www.dv8fashion.com/Images/Models/Full/29702-1.jpg,https://www.dv8fashion.com/Images/Models/Full/29702-2.jpg,,https://www.dv8fashion.com/Images/Models/Full/29702-3.jpg,Womens,Tops & T-Shirts
https://www.awin1.com/pclick.php?p=41493326125&a=2771700&m=116329,Miss Truth Ribbed Crop Top - Charcoal - M,41493326125,200501AWUS,https://www.dv8fashion.com/Images/Models/Full/30126.jpg,Grey washed ribbed bra top   Cropped style   Ruched detail on front   Fitted style         Product Code: P-74656-57--,Sleeveless Tops,25.95,DV8 Fashion (USA),116329,Women's Tops,204,https://images2.productserve.com/?w=200&h=200&bg=white&trim=5&t=letterbox&url=ssl%3Awww.dv8fashion.com%2FImages%2FModels%2FFull%2F30126.jpg&feedId=102894&k=2048f53abc651f9b135e65afd9c7deff4d97ee2d,USD,,12.95,https://www.dv8fashion.com/en/Miss-Truth-Ribbed-Crop-Top---Charcoal/m-30126.aspx?PartnerID=4730&utm_source=awin&utm_medium=affiliate&utm_campaign=UnitedStatesUS,,,USD25.95,102894,DV8 Fashion,1,,https://www.dv8fashion.com/Images/Models/Full/30126-1.jpg,https://www.dv8fashion.com/Images/Models/Full/30126-2.jpg,,https://www.dv8fashion.com/Images/Models/Full/30126-3.jpg,Womens,Tops & T-Shirts
https://www.awin1.com/pclick.php?p=41493326124&a=2771700&m=116329,Miss Truth Ribbed Crop Top - Charcoal - L,41493326124,200500AWUS,https://www.dv8fashion.com/Images/Models/Full/30126.jpg,Grey washed ribbed bra top   Cropped style   Ruched detail on front   Fitted style         Product Code: P-74656-57--,Sleeveless Tops,25.95,DV8 Fashion (USA),116329,Women's Tops,204,https://images2.productserve.com/?w=200&h=200&bg=white&trim=5&t=letterbox&url=ssl%3Awww.dv8fashion.com%2FImages%2FModels%2FFull%2F30126.jpg&feedId=102894&k=2048f53abc651f9b135e65afd9c7deff4d97ee2d,USD,,12.95,https://www.dv8fashion.com/en/Miss-Truth-Ribbed-Crop-Top---Charcoal/m-30126.aspx?PartnerID=4730&utm_source=awin&utm_medium=affiliate&utm_campaign=UnitedStatesUS,,,USD25.95,102894,DV8 Fashion,1,,https://www.dv8fashion.com/Images/Models/Full/30126-1.jpg,https://www.dv8fashion.com/Images/Models/Full/30126-2.jpg,,https://www.dv8fashion.com/Images/Models/Full/30126-3.jpg,Womens,Tops & T-Shirts
https://www.awin1.com/pclick.php?p=41493325760&a=2771700&m=116329,Noisy May Maya S/L Halter Neck Top - Pink / Pirouette - M,41493325760,204847AWUS,https://www.dv8fashion.com/Images/Models/Full/30536.jpg,Product Type: Tank top     Neck: Halter neck     Sleeve: Sleeveless     Fit: Tight Fit Product Code: P-75800-38--,Sleeveless Tops,22.95,DV8 Fashion (USA),116329,Women's Tops,204,https://images2.productserve.com/?w=200&h=200&bg=white&trim=5&t=letterbox&url=ssl%3Awww.dv8fashion.com%2FImages%2FModels%2FFull%2F30536.jpg&feedId=102894&k=e931686df39edab2369a580d5e4ee6ac158a35c9,USD,,12.95,https://www.dv8fashion.com/en/Noisy-May-Maya-SL-Halter-Neck-Top---Pink--Pirouette/m-30536.aspx?PartnerID=4730&utm_source=awin&utm_medium=affiliate&utm_campaign=UnitedStatesUS,,,USD22.95,102894,DV8 Fashion,1,,https://www.dv8fashion.com/Images/Models/Full/30536-1.jpg,https://www.dv8fashion.com/Images/Models/Full/30536-2.jpg,,https://www.dv8fashion.com/Images/Models/Full/30536-3.jpg,Womens,Tops & T-Shirts
https://www.awin1.com/pclick.php?p=41493325761&a=2771700&m=116329,Noisy May Maya S/L Halter Neck Top - Pink / Pirouette - XL,41493325761,204849AWUS,https://www.dv8fashion.com/Images/Models/Full/30536.jpg,Product Type: Tank top     Neck: Halter neck     Sleeve: Sleeveless     Fit: Tight Fit Product Code: P-75800-38--,Sleeveless Tops,22.95,DV8 Fashion (USA),116329,Women's Tops,204,https://images2.productserve.com/?w=200&h=200&bg=white&trim=5&t=letterbox&url=ssl%3Awww.dv8fashion.com%2FImages%2FModels%2FFull%2F30536.jpg&feedId=102894&k=e931686df39edab2369a580d5e4ee6ac158a35c9,USD,,12.95,https://www.dv8fashion.com/en/Noisy-May-Maya-SL-Halter-Neck-Top---Pink--Pirouette/m-30536.aspx?PartnerID=4730&utm_source=awin&utm_medium=affiliate&utm_campaign=UnitedStatesUS,,,USD22.95,102894,DV8 Fashion,1,,https://www.dv8fashion.com/Images/Models/Full/30536-1.jpg,https://www.dv8fashion.com/Images/Models/Full/30536-2.jpg,,https://www.dv8fashion.com/Images/Models/Full/30536-3.jpg,Womens,Tops & T-Shirts
https://www.awin1.com/pclick.php?p=41493325757&a=2771700&m=116329,Noisy May Dallas Singlet Fringe Top - Black - L,41493325757,204925AWUS,https://www.dv8fashion.com/Images/Models/Full/30544.jpg,"Get festival ready in our Black Fringe Dallas Top by Noisy May. Featuring crop length, sleeveless and fringe style      Product Type: Top     Neck: Square neck     Sleeve: Sleeveless     Fit : Cropped Fit Product Code: P-75806-10--",Sleeveless Tops,36.95,DV8 Fashion (USA),116329,Women's Tops,204,https://images2.productserve.com/?w=200&h=200&bg=white&trim=5&t=letterbox&url=ssl%3Awww.dv8fashion.com%2FImages%2FModels%2FFull%2F30544.jpg&feedId=102894&k=6e102e828713b204317b56a31dee3d104484037c,USD,,12.95,https://www.dv8fashion.com/en/Noisy-May-Dallas-Singlet-Fringe-Top---Black/m-30544.aspx?PartnerID=4730&utm_source=awin&utm_medium=affiliate&utm_campaign=UnitedStatesUS,,,USD36.95,102894,DV8 Fashion,1,,https://www.dv8fashion.com/Images/Models/Full/30544-1.jpg,https://www.dv8fashion.com/Images/Models/Full/30544-2.jpg,,https://www.dv8fashion.com/Images/Models/Full/30544-3.jpg,Womens,Tops & T-Shirts
https://www.awin1.com/pclick.php?p=41493325758&a=2771700&m=116329,Noisy May Dallas Singlet Fringe Top - Black - S,41493325758,204927AWUS,https://www.dv8fashion.com/Images/Models/Full/30544.jpg,"Get festival ready in our Black Fringe Dallas Top by Noisy May. Featuring crop length, sleeveless and fringe style      Product Type: Top     Neck: Square neck     Sleeve: Sleeveless     Fit : Cropped Fit Product Code: P-75806-10--",Sleeveless Tops,36.95,DV8 Fashion (USA),116329,Women's Tops,204,https://images2.productserve.com/?w=200&h=200&bg=white&trim=5&t=letterbox&url=ssl%3Awww.dv8fashion.com%2FImages%2FModels%2FFull%2F30544.jpg&feedId=102894&k=6e102e828713b204317b56a31dee3d104484037c,USD,,12.95,https://www.dv8fashion.com/en/Noisy-May-Dallas-Singlet-Fringe-Top---Black/m-30544.aspx?PartnerID=4730&utm_source=awin&utm_medium=affiliate&utm_campaign=UnitedStatesUS,,,USD36.95,102894,DV8 Fashion,1,,https://www.dv8fashion.com/Images/Models/Full/30544-1.jpg,https://www.dv8fashion.com/Images/Models/Full/30544-2.jpg,,https://www.dv8fashion.com/Images/Models/Full/30544-3.jpg,Womens,Tops & T-Shirts
https://www.awin1.com/pclick.php?p=41493325759&a=2771700&m=116329,Noisy May Dallas Singlet Fringe Top - Black - XL,41493325759,204928AWUS,https://www.dv8fashion.com/Images/Models/Full/30544.jpg,"Get festival ready in our Black Fringe Dallas Top by Noisy May. Featuring crop length, sleeveless and fringe style      Product Type: Top     Neck: Square neck     Sleeve: Sleeveless     Fit : Cropped Fit Product Code: P-75806-10--",Sleeveless Tops,36.95,DV8 Fashion (USA),116329,Women's Tops,204,https://images2.productserve.com/?w=200&h=200&bg=white&trim=5&t=letterbox&url=ssl%3Awww.dv8fashion.com%2FImages%2FModels%2FFull%2F30544.jpg&feedId=102894&k=6e102e828713b204317b56a31dee3d104484037c,USD,,12.95,https://www.dv8fashion.com/en/Noisy-May-Dallas-Singlet-Fringe-Top---Black/m-30544.aspx?PartnerID=4730&utm_source=awin&utm_medium=affiliate&utm_campaign=UnitedStatesUS,,,USD36.95,102894,DV8 Fashion,1,,https://www.dv8fashion.com/Images/Models/Full/30544-1.jpg,https://www.dv8fashion.com/Images/Models/Full/30544-2.jpg,,https://www.dv8fashion.com/Images/Models/Full/30544-3.jpg,Womens,Tops & T-Shirts
https://www.awin1.com/pclick.php?p=41493325774&a=2771700&m=116329,Noisy May Maya S/L Halter Neck Top - Quiet Green - S,41493325774,205044AWUS,https://www.dv8fashion.com/Images/Models/Full/30553.jpg,Product Type: Tank top     Neck: Halter neck     Sleeve: Sleeveless     Fit: Tight Fit Product Code: P-75830-45--,Sleeveless Tops,22.95,DV8 Fashion (USA),116329,Women's Tops,204,https://images2.productserve.com/?w=200&h=200&bg=white&trim=5&t=letterbox&url=ssl%3Awww.dv8fashion.com%2FImages%2FModels%2FFull%2F30553.jpg&feedId=102894&k=87cfe21c6f2db96891c43236eeb9d9ad803a620c,USD,,12.95,https://www.dv8fashion.com/en/Noisy-May-Maya-SL-Halter-Neck-Top---Quiet-Green/m-30553.aspx?PartnerID=4730&utm_source=awin&utm_medium=affiliate&utm_campaign=UnitedStatesUS,,,USD22.95,102894,DV8 Fashion,1,,https://www.dv8fashion.com/Images/Models/Full/30553-1.jpg,https://www.dv8fashion.com/Images/Models/Full/30553-2.jpg,,https://www.dv8fashion.com/Images/Models/Full/30553-3.jpg,Womens,Tops & T-Shirts
https://www.awin1.com/pclick.php?p=41493325773&a=2771700&m=116329,Noisy May Maya S/L Halter Neck Top - Quiet Green - M,41493325773,205043AWUS,https://www.dv8fashion.com/Images/Models/Full/30553.jpg,Product Type: Tank top     Neck: Halter neck     Sleeve: Sleeveless     Fit: Tight Fit Product Code: P-75830-45--,Sleeveless Tops,22.95,DV8 Fashion (USA),116329,Women's Tops,204,https://images2.productserve.com/?w=200&h=200&bg=white&trim=5&t=letterbox&url=ssl%3Awww.dv8fashion.com%2FImages%2FModels%2FFull%2F30553.jpg&feedId=102894&k=87cfe21c6f2db96891c43236eeb9d9ad803a620c,USD,,12.95,https://www.dv8fashion.com/en/Noisy-May-Maya-SL-Halter-Neck-Top---Quiet-Green/m-30553.aspx?PartnerID=4730&utm_source=awin&utm_medium=affiliate&utm_campaign=UnitedStatesUS,,,USD22.95,102894,DV8 Fashion,1,,https://www.dv8fashion.com/Images/Models/Full/30553-1.jpg,https://www.dv8fashion.com/Images/Models/Full/30553-2.jpg,,https://www.dv8fashion.com/Images/Models/Full/30553-3.jpg,Womens,Tops & T-Shirts
https://www.awin1.com/pclick.php?p=41493325775&a=2771700&m=116329,Noisy May Maya S/L Halter Neck Top - Quiet Green - XL,41493325775,205045AWUS,https://www.dv8fashion.com/Images/Models/Full/30553.jpg,Product Type: Tank top     Neck: Halter neck     Sleeve: Sleeveless     Fit: Tight Fit Product Code: P-75830-45--,Sleeveless Tops,22.95,DV8 Fashion (USA),116329,Women's Tops,204,https://images2.productserve.com/?w=200&h=200&bg=white&trim=5&t=letterbox&url=ssl%3Awww.dv8fashion.com%2FImages%2FModels%2FFull%2F30553.jpg&feedId=102894&k=87cfe21c6f2db96891c43236eeb9d9ad803a620c,USD,,12.95,https://www.dv8fashion.com/en/Noisy-May-Maya-SL-Halter-Neck-Top---Quiet-Green/m-30553.aspx?PartnerID=4730&utm_source=awin&utm_medium=affiliate&utm_campaign=UnitedStatesUS,,,USD22.95,102894,DV8 Fashion,1,,https://www.dv8fashion.com/Images/Models/Full/30553-1.jpg,https://www.dv8fashion.com/Images/Models/Full/30553-2.jpg,,https://www.dv8fashion.com/Images/Models/Full/30553-3.jpg,Womens,Tops & T-Shirts
https://www.awin1.com/pclick.php?p=42642661061&a=2771700&m=116329,Saint Genies Button Waistcoat - Black - XL,42642661061,258228AWUS,https://www.dv8fashion.com/Images/Models/Full/35521.jpg,Saint Genies women&apos;s waistcoat...      Black hue     Tailored waistcoat     Button front     V neck and sleeveless Product Code: P-83789-10--,Sleeveless Tops,43.95,DV8 Fashion (USA),116329,Women's Tops,204,https://images2.productserve.com/?w=200&h=200&bg=white&trim=5&t=letterbox&url=ssl%3Awww.dv8fashion.com%2FImages%2FModels%2FFull%2F35521.jpg&feedId=102894&k=ffad1b480153f063c8f4743c9664ec1e70ed4449,USD,,12.95,https://www.dv8fashion.com/en/Saint-Genies-Button-Waistcoat---Black/m-35521.aspx?PartnerID=4730&utm_source=awin&utm_medium=affiliate&utm_campaign=UnitedStatesUS,,,USD43.95,102894,DV8 Fashion,1,,https://www.dv8fashion.com/Images/Models/Full/35521-1.jpg,https://www.dv8fashion.com/Images/Models/Full/35521-2.jpg,,https://www.dv8fashion.com/Images/Models/Full/35521-3.jpg,Womens,Tops & T-Shirts
https://www.awin1.com/pclick.php?p=42642661059&a=2771700&m=116329,Saint Genies Button Waistcoat - Black - M,42642661059,258226AWUS,https://www.dv8fashion.com/Images/Models/Full/35521.jpg,Saint Genies women&apos;s waistcoat...      Black hue     Tailored waistcoat     Button front     V neck and sleeveless Product Code: P-83789-10--,Sleeveless Tops,43.95,DV8 Fashion (USA),116329,Women's Tops,204,https://images2.productserve.com/?w=200&h=200&bg=white&trim=5&t=letterbox&url=ssl%3Awww.dv8fashion.com%2FImages%2FModels%2FFull%2F35521.jpg&feedId=102894&k=ffad1b480153f063c8f4743c9664ec1e70ed4449,USD,,12.95,https://www.dv8fashion.com/en/Saint-Genies-Button-Waistcoat---Black/m-35521.aspx?PartnerID=4730&utm_source=awin&utm_medium=affiliate&utm_campaign=UnitedStatesUS,,,USD43.95,102894,DV8 Fashion,1,,https://www.dv8fashion.com/Images/Models/Full/35521-1.jpg,https://www.dv8fashion.com/Images/Models/Full/35521-2.jpg,,https://www.dv8fashion.com/Images/Models/Full/35521-3.jpg,Womens,Tops & T-Shirts
https://www.awin1.com/pclick.php?p=42642661060&a=2771700&m=116329,Saint Genies Button Waistcoat - Black - S,42642661060,258227AWUS,https://www.dv8fashion.com/Images/Models/Full/35521.jpg,Saint Genies women&apos;s waistcoat...      Black hue     Tailored waistcoat     Button front     V neck and sleeveless Product Code: P-83789-10--,Sleeveless Tops,43.95,DV8 Fashion (USA),116329,Women's Tops,204,https://images2.productserve.com/?w=200&h=200&bg=white&trim=5&t=letterbox&url=ssl%3Awww.dv8fashion.com%2FImages%2FModels%2FFull%2F35521.jpg&feedId=102894&k=ffad1b480153f063c8f4743c9664ec1e70ed4449,USD,,12.95,https://www.dv8fashion.com/en/Saint-Genies-Button-Waistcoat---Black/m-35521.aspx?PartnerID=4730&utm_source=awin&utm_medium=affiliate&utm_campaign=UnitedStatesUS,,,USD43.95,102894,DV8 Fashion,1,,https://www.dv8fashion.com/Images/Models/Full/35521-1.jpg,https://www.dv8fashion.com/Images/Models/Full/35521-2.jpg,,https://www.dv8fashion.com/Images/Models/Full/35521-3.jpg,Womens,Tops & T-Shirts
https://www.awin1.com/pclick.php?p=42655302449&a=2771700&m=116329,Saint Genies Halter Zip Top - Burgundy - M,42655302449,258408AWUS,https://www.dv8fashion.com/Images/Models/Full/35534.jpg,New season Saint Genies has landed...      Product Type: Top     Neck: Halter neck strap     Sleeve: Sleeveless     Extra details: Zip front Product Code: P-83899-21--,Sleeveless Tops,42.95,DV8 Fashion (USA),116329,Women's Tops,204,https://images2.productserve.com/?w=200&h=200&bg=white&trim=5&t=letterbox&url=ssl%3Awww.dv8fashion.com%2FImages%2FModels%2FFull%2F35534.jpg&feedId=102894&k=6acc5e6418724e066d16fc4c0b090a128f8a8f72,USD,,12.95,https://www.dv8fashion.com/en/Saint-Genies-Halter-Zip-Top---Burgundy/m-35534.aspx?PartnerID=4730&utm_source=awin&utm_medium=affiliate&utm_campaign=UnitedStatesUS,,,USD42.95,102894,DV8 Fashion,1,,https://www.dv8fashion.com/Images/Models/Full/35534-1.jpg,https://www.dv8fashion.com/Images/Models/Full/35534-2.jpg,,https://www.dv8fashion.com/Images/Models/Full/35534-3.jpg,Womens,Tops & T-Shirts
https://www.awin1.com/pclick.php?p=42655302452&a=2771700&m=116329,Saint Genies Halter Zip Top - Burgundy - XS,42655302452,258411AWUS,https://www.dv8fashion.com/Images/Models/Full/35534.jpg,New season Saint Genies has landed...      Product Type: Top     Neck: Halter neck strap     Sleeve: Sleeveless     Extra details: Zip front Product Code: P-83899-21--,Sleeveless Tops,42.95,DV8 Fashion (USA),116329,Women's Tops,204,https://images2.productserve.com/?w=200&h=200&bg=white&trim=5&t=letterbox&url=ssl%3Awww.dv8fashion.com%2FImages%2FModels%2FFull%2F35534.jpg&feedId=102894&k=6acc5e6418724e066d16fc4c0b090a128f8a8f72,USD,,12.95,https://www.dv8fashion.com/en/Saint-Genies-Halter-Zip-Top---Burgundy/m-35534.aspx?PartnerID=4730&utm_source=awin&utm_medium=affiliate&utm_campaign=UnitedStatesUS,,,USD42.95,102894,DV8 Fashion,1,,https://www.dv8fashion.com/Images/Models/Full/35534-1.jpg,https://www.dv8fashion.com/Images/Models/Full/35534-2.jpg,,https://www.dv8fashion.com/Images/Models/Full/35534-3.jpg,Womens,Tops & T-Shirts
https://www.awin1.com/pclick.php?p=42655302450&a=2771700&m=116329,Saint Genies Halter Zip Top - Burgundy - S,42655302450,258409AWUS,https://www.dv8fashion.com/Images/Models/Full/35534.jpg,New season Saint Genies has landed...      Product Type: Top     Neck: Halter neck strap     Sleeve: Sleeveless     Extra details: Zip front Product Code: P-83899-21--,Sleeveless Tops,42.95,DV8 Fashion (USA),116329,Women's Tops,204,https://images2.productserve.com/?w=200&h=200&bg=white&trim=5&t=letterbox&url=ssl%3Awww.dv8fashion.com%2FImages%2FModels%2FFull%2F35534.jpg&feedId=102894&k=6acc5e6418724e066d16fc4c0b090a128f8a8f72,USD,,12.95,https://www.dv8fashion.com/en/Saint-Genies-Halter-Zip-Top---Burgundy/m-35534.aspx?PartnerID=4730&utm_source=awin&utm_medium=affiliate&utm_campaign=UnitedStatesUS,,,USD42.95,102894,DV8 Fashion,1,,https://www.dv8fashion.com/Images/Models/Full/35534-1.jpg,https://www.dv8fashion.com/Images/Models/Full/35534-2.jpg,,https://www.dv8fashion.com/Images/Models/Full/35534-3.jpg,Womens,Tops & T-Shirts
https://www.awin1.com/pclick.php?p=42827555946&a=2771700&m=116329,Saint Genies Lurex Halter Neck Top - XL,42827555946,259332AWUS,https://www.dv8fashion.com/Images/Models/Full/35609.jpg,Complete your new season wardrobe with this stunner of a top! Featuring a chic cowl draped neckline and stretch spun brown fabric...      Stretch brown fabric     Draped cowl neckline Product Code: P-83948-27--,Sleeveless Tops,31.95,DV8 Fashion (USA),116329,Women's Tops,204,https://images2.productserve.com/?w=200&h=200&bg=white&trim=5&t=letterbox&url=ssl%3Awww.dv8fashion.com%2FImages%2FModels%2FFull%2F35609.jpg&feedId=102894&k=b92ec3dab805dd49cba0735214e387f3efa13362,USD,,12.95,https://www.dv8fashion.com/en/Saint-Genies-Lurex-Halter-Neck-Top/m-35609.aspx?PartnerID=4730&utm_source=awin&utm_medium=affiliate&utm_campaign=UnitedStatesUS,,,USD31.95,102894,DV8 Fashion,1,,https://www.dv8fashion.com/Images/Models/Full/35609-1.jpg,https://www.dv8fashion.com/Images/Models/Full/35609-2.jpg,,https://www.dv8fashion.com/Images/Models/Full/35609-3.jpg,Womens,Tops & T-Shirts
https://www.awin1.com/pclick.php?p=42827555945&a=2771700&m=116329,Saint Genies Lurex Halter Neck Top - S,42827555945,259331AWUS,https://www.dv8fashion.com/Images/Models/Full/35609.jpg,Complete your new season wardrobe with this stunner of a top! Featuring a chic cowl draped neckline and stretch spun brown fabric...      Stretch brown fabric     Draped cowl neckline Product Code: P-83948-27--,Sleeveless Tops,31.95,DV8 Fashion (USA),116329,Women's Tops,204,https://images2.productserve.com/?w=200&h=200&bg=white&trim=5&t=letterbox&url=ssl%3Awww.dv8fashion.com%2FImages%2FModels%2FFull%2F35609.jpg&feedId=102894&k=b92ec3dab805dd49cba0735214e387f3efa13362,USD,,12.95,https://www.dv8fashion.com/en/Saint-Genies-Lurex-Halter-Neck-Top/m-35609.aspx?PartnerID=4730&utm_source=awin&utm_medium=affiliate&utm_campaign=UnitedStatesUS,,,USD31.95,102894,DV8 Fashion,1,,https://www.dv8fashion.com/Images/Models/Full/35609-1.jpg,https://www.dv8fashion.com/Images/Models/Full/35609-2.jpg,,https://www.dv8fashion.com/Images/Models/Full/35609-3.jpg,Womens,Tops & T-Shirts
https://www.awin1.com/pclick.php?p=42845264374&a=2771700&m=116329,Saint Genies Cowl Neck Halter Top - Black - M,42845264374,259507AWUS,https://www.dv8fashion.com/Images/Models/Full/35626.jpg,Complete your new season wardrobe with this stunner of a top! Featuring a chic cowl draped neckline and stretch satin fabric...      Stretch satin fabric     Draped cowl neckline Product Code: P-83952-10--,Sleeveless Tops,33.95,DV8 Fashion (USA),116329,Women's Tops,204,https://images2.productserve.com/?w=200&h=200&bg=white&trim=5&t=letterbox&url=ssl%3Awww.dv8fashion.com%2FImages%2FModels%2FFull%2F35626.jpg&feedId=102894&k=4a70fcbc4e82ba39ebe6b30f462bb878aa5d1ae5,USD,,12.95,https://www.dv8fashion.com/en/Saint-Genies-Cowl-Neck-Halter-Top---Black/m-35626.aspx?PartnerID=4730&utm_source=awin&utm_medium=affiliate&utm_campaign=UnitedStatesUS,,,USD33.95,102894,DV8 Fashion,1,,https://www.dv8fashion.com/Images/Models/Full/35626-1.jpg,https://www.dv8fashion.com/Images/Models/Full/35626-2.jpg,,https://www.dv8fashion.com/Images/Models/Full/35626-3.jpg,Womens,Tops & T-Shirts
https://www.awin1.com/pclick.php?p=42845264375&a=2771700&m=116329,Saint Genies Cowl Neck Halter Top - Black - S,42845264375,259508AWUS,https://www.dv8fashion.com/Images/Models/Full/35626.jpg,Complete your new season wardrobe with this stunner of a top! Featuring a chic cowl draped neckline and stretch satin fabric...      Stretch satin fabric     Draped cowl neckline Product Code: P-83952-10--,Sleeveless Tops,33.95,DV8 Fashion (USA),116329,Women's Tops,204,https://images2.productserve.com/?w=200&h=200&bg=white&trim=5&t=letterbox&url=ssl%3Awww.dv8fashion.com%2FImages%2FModels%2FFull%2F35626.jpg&feedId=102894&k=4a70fcbc4e82ba39ebe6b30f462bb878aa5d1ae5,USD,,12.95,https://www.dv8fashion.com/en/Saint-Genies-Cowl-Neck-Halter-Top---Black/m-35626.aspx?PartnerID=4730&utm_source=awin&utm_medium=affiliate&utm_campaign=UnitedStatesUS,,,USD33.95,102894,DV8 Fashion,1,,https://www.dv8fashion.com/Images/Models/Full/35626-1.jpg,https://www.dv8fashion.com/Images/Models/Full/35626-2.jpg,,https://www.dv8fashion.com/Images/Models/Full/35626-3.jpg,Womens,Tops & T-Shirts
https://www.awin1.com/pclick.php?p=42845264376&a=2771700&m=116329,Saint Genies Cowl Neck Halter Top - Black - XL,42845264376,259509AWUS,https://www.dv8fashion.com/Images/Models/Full/35626.jpg,Complete your new season wardrobe with this stunner of a top! Featuring a chic cowl draped neckline and stretch satin fabric...      Stretch satin fabric     Draped cowl neckline Product Code: P-83952-10--,Sleeveless Tops,33.95,DV8 Fashion (USA),116329,Women's Tops,204,https://images2.productserve.com/?w=200&h=200&bg=white&trim=5&t=letterbox&url=ssl%3Awww.dv8fashion.com%2FImages%2FModels%2FFull%2F35626.jpg&feedId=102894&k=4a70fcbc4e82ba39ebe6b30f462bb878aa5d1ae5,USD,,12.95,https://www.dv8fashion.com/en/Saint-Genies-Cowl-Neck-Halter-Top---Black/m-35626.aspx?PartnerID=4730&utm_source=awin&utm_medium=affiliate&utm_campaign=UnitedStatesUS,,,USD33.95,102894,DV8 Fashion,1,,https://www.dv8fashion.com/Images/Models/Full/35626-1.jpg,https://www.dv8fashion.com/Images/Models/Full/35626-2.jpg,,https://www.dv8fashion.com/Images/Models/Full/35626-3.jpg,Womens,Tops & T-Shirts
https://www.awin1.com/pclick.php?p=42845264377&a=2771700&m=116329,Saint Genies Cowl Neck Halter Top - Black - XS,42845264377,259510AWUS,https://www.dv8fashion.com/Images/Models/Full/35626.jpg,Complete your new season wardrobe with this stunner of a top! Featuring a chic cowl draped neckline and stretch satin fabric...      Stretch satin fabric     Draped cowl neckline Product Code: P-83952-10--,Sleeveless Tops,33.95,DV8 Fashion (USA),116329,Women's Tops,204,https://images2.productserve.com/?w=200&h=200&bg=white&trim=5&t=letterbox&url=ssl%3Awww.dv8fashion.com%2FImages%2FModels%2FFull%2F35626.jpg&feedId=102894&k=4a70fcbc4e82ba39ebe6b30f462bb878aa5d1ae5,USD,,12.95,https://www.dv8fashion.com/en/Saint-Genies-Cowl-Neck-Halter-Top---Black/m-35626.aspx?PartnerID=4730&utm_source=awin&utm_medium=affiliate&utm_campaign=UnitedStatesUS,,,USD33.95,102894,DV8 Fashion,1,,https://www.dv8fashion.com/Images/Models/Full/35626-1.jpg,https://www.dv8fashion.com/Images/Models/Full/35626-2.jpg,,https://www.dv8fashion.com/Images/Models/Full/35626-3.jpg,Womens,Tops & T-Shirts
https://www.awin1.com/pclick.php?p=42861674347&a=2771700&m=116329,Saint Genies Side Split Bandeau Top - Brown Sequin - M,42861674347,259731AWUS,https://www.dv8fashion.com/Images/Models/Full/35646.jpg,Get new season ready with this bandeau top by Saint Genies. This stunning piece is designed to make you stand out wherever you go      Colour: Brown     Details: Side split     Sleeves: Sleeveless     Product type: Top     Fit: Fitted     Make it a co-ord with matching trousers Product Code: P-84599-27--,Sleeveless Tops,36.95,DV8 Fashion (USA),116329,Women's Tops,204,https://images2.productserve.com/?w=200&h=200&bg=white&trim=5&t=letterbox&url=ssl%3Awww.dv8fashion.com%2FImages%2FModels%2FFull%2F35646.jpg&feedId=102894&k=ad87fa7f07092ff212a1f7052d3377cf7ab69ab1,USD,,12.95,https://www.dv8fashion.com/en/Saint-Genies-Side-Split-Bandeau-Top---Brown-Sequin/m-35646.aspx?PartnerID=4730&utm_source=awin&utm_medium=affiliate&utm_campaign=UnitedStatesUS,,,USD36.95,102894,DV8 Fashion,1,,https://www.dv8fashion.com/Images/Models/Full/35646-1.jpg,https://www.dv8fashion.com/Images/Models/Full/35646-2.jpg,,https://www.dv8fashion.com/Images/Models/Full/35646-3.jpg,Womens,Tops & T-Shirts
https://www.awin1.com/pclick.php?p=43587605186&a=2771700&m=116329,Saint Genies One Shoulder Top With Scarf - Green Brown - S,43587605186,259754AWUS,https://www.dv8fashion.com/Images/Models/Full/35648.jpg,Get new season ready with this one shoulder top by Saint Genies. This stunning piece is designed to make you stand out wherever you go      Colour: Brown and green fabric     Product type: Top     Fit: Fitted     Comes with matching scarf Product Code: P-83999-45--,Sleeveless Tops,42.95,DV8 Fashion (USA),116329,Women's Tops,204,https://images2.productserve.com/?w=200&h=200&bg=white&trim=5&t=letterbox&url=ssl%3Awww.dv8fashion.com%2FImages%2FModels%2FFull%2F35648.jpg&feedId=102894&k=dd1b7e0a69b39f6dc922c6c15ec61ba2279a0e34,USD,,12.95,https://www.dv8fashion.com/en/Saint-Genies-One-Shoulder-Top-With-Scarf---Green-Brown/m-35648.aspx?PartnerID=4730&utm_source=awin&utm_medium=affiliate&utm_campaign=UnitedStatesUS,,,USD42.95,102894,DV8 Fashion,1,,https://www.dv8fashion.com/Images/Models/Full/35648-1.jpg,https://www.dv8fashion.com/Images/Models/Full/35648-2.jpg,,https://www.dv8fashion.com/Images/Models/Full/35648-3.jpg,Womens,Tops & T-Shirts
https://www.awin1.com/pclick.php?p=42910452727&a=2771700&m=116329,Saint Genies One Shoulder Top With Scarf - Green Brown - XS,42910452727,259756AWUS,https://www.dv8fashion.com/Images/Models/Full/35648.jpg,Get new season ready with this one shoulder top by Saint Genies. This stunning piece is designed to make you stand out wherever you go      Colour: Brown and green fabric     Product type: Top     Fit: Fitted     Comes with matching scarf Product Code: P-83999-45--,Sleeveless Tops,42.95,DV8 Fashion (USA),116329,Women's Tops,204,https://images2.productserve.com/?w=200&h=200&bg=white&trim=5&t=letterbox&url=ssl%3Awww.dv8fashion.com%2FImages%2FModels%2FFull%2F35648.jpg&feedId=102894&k=dd1b7e0a69b39f6dc922c6c15ec61ba2279a0e34,USD,,12.95,https://www.dv8fashion.com/en/Saint-Genies-One-Shoulder-Top-With-Scarf---Green-Brown/m-35648.aspx?PartnerID=4730&utm_source=awin&utm_medium=affiliate&utm_campaign=UnitedStatesUS,,,USD42.95,102894,DV8 Fashion,1,,https://www.dv8fashion.com/Images/Models/Full/35648-1.jpg,https://www.dv8fashion.com/Images/Models/Full/35648-2.jpg,,https://www.dv8fashion.com/Images/Models/Full/35648-3.jpg,Womens,Tops & T-Shirts
https://www.awin1.com/pclick.php?p=43018458061&a=2771700&m=116329,Saint Genies Bow Detail Top - Black - L,43018458061,261010AWUS,https://www.dv8fashion.com/Images/Models/Full/35763.jpg,Get new season ready with this bow detail top by Saint Genies. This stunning piece is designed to make you stand out wherever you go      Colour: Black     Details: Bow detail     Sleeves: Sleeveless     Product type: Top     Fit: Fitted     Fastening: Side Zip Product Code: P-84719-10--,Sleeveless Tops,46.95,DV8 Fashion (USA),116329,Women's Tops,204,https://images2.productserve.com/?w=200&h=200&bg=white&trim=5&t=letterbox&url=ssl%3Awww.dv8fashion.com%2FImages%2FModels%2FFull%2F35763.jpg&feedId=102894&k=27fe867a2ec4cb5e21af264f41c1c414cd48fad7,USD,,12.95,https://www.dv8fashion.com/en/Saint-Genies-Bow-Detail-Top---Black/m-35763.aspx?PartnerID=4730&utm_source=awin&utm_medium=affiliate&utm_campaign=UnitedStatesUS,,,USD46.95,102894,DV8 Fashion,1,,https://www.dv8fashion.com/Images/Models/Full/35763-1.jpg,https://www.dv8fashion.com/Images/Models/Full/35763-2.jpg,,https://www.dv8fashion.com/Images/Models/Full/35763-3.jpg,Womens,Tops & T-Shirts
https://www.awin1.com/pclick.php?p=43018458065&a=2771700&m=116329,Saint Genies Bow Detail Top - Black - XS,43018458065,261014AWUS,https://www.dv8fashion.com/Images/Models/Full/35763.jpg,Get new season ready with this bow detail top by Saint Genies. This stunning piece is designed to make you stand out wherever you go      Colour: Black     Details: Bow detail     Sleeves: Sleeveless     Product type: Top     Fit: Fitted     Fastening: Side Zip Product Code: P-84719-10--,Sleeveless Tops,46.95,DV8 Fashion (USA),116329,Women's Tops,204,https://images2.productserve.com/?w=200&h=200&bg=white&trim=5&t=letterbox&url=ssl%3Awww.dv8fashion.com%2FImages%2FModels%2FFull%2F35763.jpg&feedId=102894&k=27fe867a2ec4cb5e21af264f41c1c414cd48fad7,USD,,12.95,https://www.dv8fashion.com/en/Saint-Genies-Bow-Detail-Top---Black/m-35763.aspx?PartnerID=4730&utm_source=awin&utm_medium=affiliate&utm_campaign=UnitedStatesUS,,,USD46.95,102894,DV8 Fashion,1,,https://www.dv8fashion.com/Images/Models/Full/35763-1.jpg,https://www.dv8fashion.com/Images/Models/Full/35763-2.jpg,,https://www.dv8fashion.com/Images/Models/Full/35763-3.jpg,Womens,Tops & T-Shirts
https://www.awin1.com/pclick.php?p=43095474536&a=2771700&m=116329,Saint Genies Satin Sleeveless Top - Plum - L,43095474536,261590AWUS,https://www.dv8fashion.com/Images/Models/Full/35819.jpg,Saint Genies women's satin top..       Sweetheart neckline   Plum colour   Satin fabric   Adjustable straps   Zip fastening         Product Code: P-84803-23--,Sleeveless Tops,42.95,DV8 Fashion (USA),116329,Women's Tops,204,https://images2.productserve.com/?w=200&h=200&bg=white&trim=5&t=letterbox&url=ssl%3Awww.dv8fashion.com%2FImages%2FModels%2FFull%2F35819.jpg&feedId=102894&k=6b3ef11595355864e38a483ccb707471314f7220,USD,,12.95,https://www.dv8fashion.com/en/Saint-Genies-Satin-Sleeveless-Top---Plum/m-35819.aspx?PartnerID=4730&utm_source=awin&utm_medium=affiliate&utm_campaign=UnitedStatesUS,,,USD42.95,102894,DV8 Fashion,1,,https://www.dv8fashion.com/Images/Models/Full/35819-1.jpg,https://www.dv8fashion.com/Images/Models/Full/35819-2.jpg,,https://www.dv8fashion.com/Images/Models/Full/35819-3.jpg,Womens,Tops & T-Shirts
https://www.awin1.com/pclick.php?p=43095474554&a=2771700&m=116329,Saint Genies Halter Top - Silver Sequin - XL,43095474554,261628AWUS,https://www.dv8fashion.com/Images/Models/Full/35824.jpg,Saint Genies women&apos;s sequin halter top...      All over sequin fabric     Silver hue with black tie detail     Halter neck style with tie fastening Product Code: P-84804-13--,Sleeveless Tops,46.95,DV8 Fashion (USA),116329,Women's Tops,204,https://images2.productserve.com/?w=200&h=200&bg=white&trim=5&t=letterbox&url=ssl%3Awww.dv8fashion.com%2FImages%2FModels%2FFull%2F35824.jpg&feedId=102894&k=3f5261f9595b06d795fb508cab51c3962769f505,USD,,12.95,https://www.dv8fashion.com/en/Saint-Genies-Halter-Top---Silver-Sequin/m-35824.aspx?PartnerID=4730&utm_source=awin&utm_medium=affiliate&utm_campaign=UnitedStatesUS,,,USD46.95,102894,DV8 Fashion,1,,https://www.dv8fashion.com/Images/Models/Full/35824-1.jpg,https://www.dv8fashion.com/Images/Models/Full/35824-2.jpg,,https://www.dv8fashion.com/Images/Models/Full/35824-3.jpg,Womens,Tops & T-Shirts
https://www.awin1.com/pclick.php?p=43095474559&a=2771700&m=116329,Saint Genies Faux Leather Bandeau Top - Burgundy - XL,43095474559,261641AWUS,https://www.dv8fashion.com/Images/Models/Full/35827.jpg,Saint Genies women&apos;s faux leather bandeau top...      All over faux leather fabric     Sleeveless bandeau neckline     Zip up fastening Product Code: P-84720-21--,Sleeveless Tops,40.95,DV8 Fashion (USA),116329,Women's Tops,204,https://images2.productserve.com/?w=200&h=200&bg=white&trim=5&t=letterbox&url=ssl%3Awww.dv8fashion.com%2FImages%2FModels%2FFull%2F35827.jpg&feedId=102894&k=5e51e4ddd9bcc739bf8512852b59c00b39a38205,USD,,12.95,https://www.dv8fashion.com/en/Saint-Genies-Faux-Leather-Bandeau-Top---Burgundy/m-35827.aspx?PartnerID=4730&utm_source=awin&utm_medium=affiliate&utm_campaign=UnitedStatesUS,,,USD40.95,102894,DV8 Fashion,1,,https://www.dv8fashion.com/Images/Models/Full/35827-1.jpg,https://www.dv8fashion.com/Images/Models/Full/35827-2.jpg,,https://www.dv8fashion.com/Images/Models/Full/35827-3.jpg,Womens,Tops & T-Shirts
https://www.awin1.com/pclick.php?p=43133676500&a=2771700&m=116329,Ax Paris Draped Front Top - Burgundy - 6,43133676500,262274AWUS,https://www.dv8fashion.com/Images/Models/Full/35902.jpg,"Exude elegance in our Chocolate Draped Front Top      Featuring our gorgeous stretch-jersey lined fabric, a round neckline, back neck loop closure, ruched shoulders and a draped sash front     Pair it with leather looks and heels for a dinner date or a night out Product Code: P-83359-20--",Sleeveless Tops,46.95,DV8 Fashion (USA),116329,Women's Tops,204,https://images2.productserve.com/?w=200&h=200&bg=white&trim=5&t=letterbox&url=ssl%3Awww.dv8fashion.com%2FImages%2FModels%2FFull%2F35902.jpg&feedId=102894&k=0b75a266b6c6acf0651e6d4c01715c403f0991eb,USD,,12.95,https://www.dv8fashion.com/en/Ax-Paris-Draped-Front-Top---Burgundy/m-35902.aspx?PartnerID=4730&utm_source=awin&utm_medium=affiliate&utm_campaign=UnitedStatesUS,,,USD46.95,102894,DV8 Fashion,1,,https://www.dv8fashion.com/Images/Models/Full/35902-1.jpg,https://www.dv8fashion.com/Images/Models/Full/35902-2.jpg,,https://www.dv8fashion.com/Images/Models/Full/35902-3.jpg,Womens,Tops & T-Shirts
https://www.awin1.com/pclick.php?p=43202589140&a=2771700&m=116329,Saint Genies Lurex Ribbed Racer Top - Champagne - L,43202589140,263027AWUS,https://www.dv8fashion.com/Images/Models/Full/35981.jpg,Complete your new season wardrobe with this stunner of a top! Featuring a chic cowl draped neckline and stretch spun champagne fabric...      Stretch Champagne fabric     Draped cowl neckline Product Code: P-84962-34--,Sleeveless Tops,34.95,DV8 Fashion (USA),116329,Women's Tops,204,https://images2.productserve.com/?w=200&h=200&bg=white&trim=5&t=letterbox&url=ssl%3Awww.dv8fashion.com%2FImages%2FModels%2FFull%2F35981.jpg&feedId=102894&k=056a5f95d50aafbd92d21fd75b0cd4d8c53fe0a3,USD,,12.95,https://www.dv8fashion.com/en/Saint-Genies-Lurex-Ribbed-Racer-Top---Champagne/m-35981.aspx?PartnerID=4730&utm_source=awin&utm_medium=affiliate&utm_campaign=UnitedStatesUS,,,USD34.95,102894,DV8 Fashion,1,,https://www.dv8fashion.com/Images/Models/Full/35981-1.jpg,https://www.dv8fashion.com/Images/Models/Full/35981-2.jpg,,https://www.dv8fashion.com/Images/Models/Full/35981-3.jpg,Womens,Tops & T-Shirts
https://www.awin1.com/pclick.php?p=43202589142&a=2771700&m=116329,Saint Genies Lurex Ribbed Racer Top - Champagne - S,43202589142,263029AWUS,https://www.dv8fashion.com/Images/Models/Full/35981.jpg,Complete your new season wardrobe with this stunner of a top! Featuring a chic cowl draped neckline and stretch spun champagne fabric...      Stretch Champagne fabric     Draped cowl neckline Product Code: P-84962-34--,Sleeveless Tops,34.95,DV8 Fashion (USA),116329,Women's Tops,204,https://images2.productserve.com/?w=200&h=200&bg=white&trim=5&t=letterbox&url=ssl%3Awww.dv8fashion.com%2FImages%2FModels%2FFull%2F35981.jpg&feedId=102894&k=056a5f95d50aafbd92d21fd75b0cd4d8c53fe0a3,USD,,12.95,https://www.dv8fashion.com/en/Saint-Genies-Lurex-Ribbed-Racer-Top---Champagne/m-35981.aspx?PartnerID=4730&utm_source=awin&utm_medium=affiliate&utm_campaign=UnitedStatesUS,,,USD34.95,102894,DV8 Fashion,1,,https://www.dv8fashion.com/Images/Models/Full/35981-1.jpg,https://www.dv8fashion.com/Images/Models/Full/35981-2.jpg,,https://www.dv8fashion.com/Images/Models/Full/35981-3.jpg,Womens,Tops & T-Shirts
https://www.awin1.com/pclick.php?p=43202589143&a=2771700&m=116329,Saint Genies Lurex Ribbed Racer Top - Champagne - XL,43202589143,263030AWUS,https://www.dv8fashion.com/Images/Models/Full/35981.jpg,Complete your new season wardrobe with this stunner of a top! Featuring a chic cowl draped neckline and stretch spun champagne fabric...      Stretch Champagne fabric     Draped cowl neckline Product Code: P-84962-34--,Sleeveless Tops,34.95,DV8 Fashion (USA),116329,Women's Tops,204,https://images2.productserve.com/?w=200&h=200&bg=white&trim=5&t=letterbox&url=ssl%3Awww.dv8fashion.com%2FImages%2FModels%2FFull%2F35981.jpg&feedId=102894&k=056a5f95d50aafbd92d21fd75b0cd4d8c53fe0a3,USD,,12.95,https://www.dv8fashion.com/en/Saint-Genies-Lurex-Ribbed-Racer-Top---Champagne/m-35981.aspx?PartnerID=4730&utm_source=awin&utm_medium=affiliate&utm_campaign=UnitedStatesUS,,,USD34.95,102894,DV8 Fashion,1,,https://www.dv8fashion.com/Images/Models/Full/35981-1.jpg,https://www.dv8fashion.com/Images/Models/Full/35981-2.jpg,,https://www.dv8fashion.com/Images/Models/Full/35981-3.jpg,Womens,Tops & T-Shirts
https://www.awin1.com/pclick.php?p=43202589141&a=2771700&m=116329,Saint Genies Lurex Ribbed Racer Top - Champagne - M,43202589141,263028AWUS,https://www.dv8fashion.com/Images/Models/Full/35981.jpg,Complete your new season wardrobe with this stunner of a top! Featuring a chic cowl draped neckline and stretch spun champagne fabric...      Stretch Champagne fabric     Draped cowl neckline Product Code: P-84962-34--,Sleeveless Tops,34.95,DV8 Fashion (USA),116329,Women's Tops,204,https://images2.productserve.com/?w=200&h=200&bg=white&trim=5&t=letterbox&url=ssl%3Awww.dv8fashion.com%2FImages%2FModels%2FFull%2F35981.jpg&feedId=102894&k=056a5f95d50aafbd92d21fd75b0cd4d8c53fe0a3,USD,,12.95,https://www.dv8fashion.com/en/Saint-Genies-Lurex-Ribbed-Racer-Top---Champagne/m-35981.aspx?PartnerID=4730&utm_source=awin&utm_medium=affiliate&utm_campaign=UnitedStatesUS,,,USD34.95,102894,DV8 Fashion,1,,https://www.dv8fashion.com/Images/Models/Full/35981-1.jpg,https://www.dv8fashion.com/Images/Models/Full/35981-2.jpg,,https://www.dv8fashion.com/Images/Models/Full/35981-3.jpg,Womens,Tops & T-Shirts
https://www.awin1.com/pclick.php?p=43202589144&a=2771700&m=116329,Saint Genies Lurex Ribbed Racer Top - Champagne - XS,43202589144,263031AWUS,https://www.dv8fashion.com/Images/Models/Full/35981.jpg,Complete your new season wardrobe with this stunner of a top! Featuring a chic cowl draped neckline and stretch spun champagne fabric...      Stretch Champagne fabric     Draped cowl neckline Product Code: P-84962-34--,Sleeveless Tops,34.95,DV8 Fashion (USA),116329,Women's Tops,204,https://images2.productserve.com/?w=200&h=200&bg=white&trim=5&t=letterbox&url=ssl%3Awww.dv8fashion.com%2FImages%2FModels%2FFull%2F35981.jpg&feedId=102894&k=056a5f95d50aafbd92d21fd75b0cd4d8c53fe0a3,USD,,12.95,https://www.dv8fashion.com/en/Saint-Genies-Lurex-Ribbed-Racer-Top---Champagne/m-35981.aspx?PartnerID=4730&utm_source=awin&utm_medium=affiliate&utm_campaign=UnitedStatesUS,,,USD34.95,102894,DV8 Fashion,1,,https://www.dv8fashion.com/Images/Models/Full/35981-1.jpg,https://www.dv8fashion.com/Images/Models/Full/35981-2.jpg,,https://www.dv8fashion.com/Images/Models/Full/35981-3.jpg,Womens,Tops & T-Shirts
https://www.awin1.com/pclick.php?p=43219879394&a=2771700&m=116329,Veromoda Vilma Bow Top - Black - L,43219879394,263230AWUS,https://www.dv8fashion.com/Images/Models/Full/35999.jpg,Stay on top with a pretty party top! From romantic feminine tops to casual easy ones. Our selection of party-tops fulfils every need. Transform easily from casual to party with this style      Product Type: Blouse     Neck: Off Shoulder     Sleeve: Sleeveless     Extra details: Bow detail     Fit: Slim Fit Product Code: P-84994-10--,Sleeveless Tops,43.95,DV8 Fashion (USA),116329,Women's Tops,204,https://images2.productserve.com/?w=200&h=200&bg=white&trim=5&t=letterbox&url=ssl%3Awww.dv8fashion.com%2FImages%2FModels%2FFull%2F35999.jpg&feedId=102894&k=617e047535bc28cea5b0187410e339b1f691a185,USD,,12.95,https://www.dv8fashion.com/en/Veromoda-Vilma-Bow-Top---Black/m-35999.aspx?PartnerID=4730&utm_source=awin&utm_medium=affiliate&utm_campaign=UnitedStatesUS,,,USD43.95,102894,DV8 Fashion,1,,https://www.dv8fashion.com/Images/Models/Full/35999-1.jpg,https://www.dv8fashion.com/Images/Models/Full/35999-2.jpg,,https://www.dv8fashion.com/Images/Models/Full/35999-3.jpg,Womens,Tops & T-Shirts
https://www.awin1.com/pclick.php?p=43219879395&a=2771700&m=116329,Veromoda Vilma Bow Top - Black - M,43219879395,263231AWUS,https://www.dv8fashion.com/Images/Models/Full/35999.jpg,Stay on top with a pretty party top! From romantic feminine tops to casual easy ones. Our selection of party-tops fulfils every need. Transform easily from casual to party with this style      Product Type: Blouse     Neck: Off Shoulder     Sleeve: Sleeveless     Extra details: Bow detail     Fit: Slim Fit Product Code: P-84994-10--,Sleeveless Tops,43.95,DV8 Fashion (USA),116329,Women's Tops,204,https://images2.productserve.com/?w=200&h=200&bg=white&trim=5&t=letterbox&url=ssl%3Awww.dv8fashion.com%2FImages%2FModels%2FFull%2F35999.jpg&feedId=102894&k=617e047535bc28cea5b0187410e339b1f691a185,USD,,12.95,https://www.dv8fashion.com/en/Veromoda-Vilma-Bow-Top---Black/m-35999.aspx?PartnerID=4730&utm_source=awin&utm_medium=affiliate&utm_campaign=UnitedStatesUS,,,USD43.95,102894,DV8 Fashion,1,,https://www.dv8fashion.com/Images/Models/Full/35999-1.jpg,https://www.dv8fashion.com/Images/Models/Full/35999-2.jpg,,https://www.dv8fashion.com/Images/Models/Full/35999-3.jpg,Womens,Tops & T-Shirts
https://www.awin1.com/pclick.php?p=43219879397&a=2771700&m=116329,Veromoda Vilma Bow Top - Black - XL,43219879397,263233AWUS,https://www.dv8fashion.com/Images/Models/Full/35999.jpg,Stay on top with a pretty party top! From romantic feminine tops to casual easy ones. Our selection of party-tops fulfils every need. Transform easily from casual to party with this style      Product Type: Blouse     Neck: Off Shoulder     Sleeve: Sleeveless     Extra details: Bow detail     Fit: Slim Fit Product Code: P-84994-10--,Sleeveless Tops,43.95,DV8 Fashion (USA),116329,Women's Tops,204,https://images2.productserve.com/?w=200&h=200&bg=white&trim=5&t=letterbox&url=ssl%3Awww.dv8fashion.com%2FImages%2FModels%2FFull%2F35999.jpg&feedId=102894&k=617e047535bc28cea5b0187410e339b1f691a185,USD,,12.95,https://www.dv8fashion.com/en/Veromoda-Vilma-Bow-Top---Black/m-35999.aspx?PartnerID=4730&utm_source=awin&utm_medium=affiliate&utm_campaign=UnitedStatesUS,,,USD43.95,102894,DV8 Fashion,1,,https://www.dv8fashion.com/Images/Models/Full/35999-1.jpg,https://www.dv8fashion.com/Images/Models/Full/35999-2.jpg,,https://www.dv8fashion.com/Images/Models/Full/35999-3.jpg,Womens,Tops & T-Shirts
https://www.awin1.com/pclick.php?p=43219879396&a=2771700&m=116329,Veromoda Vilma Bow Top - Black - S,43219879396,263232AWUS,https://www.dv8fashion.com/Images/Models/Full/35999.jpg,Stay on top with a pretty party top! From romantic feminine tops to casual easy ones. Our selection of party-tops fulfils every need. Transform easily from casual to party with this style      Product Type: Blouse     Neck: Off Shoulder     Sleeve: Sleeveless     Extra details: Bow detail     Fit: Slim Fit Product Code: P-84994-10--,Sleeveless Tops,43.95,DV8 Fashion (USA),116329,Women's Tops,204,https://images2.productserve.com/?w=200&h=200&bg=white&trim=5&t=letterbox&url=ssl%3Awww.dv8fashion.com%2FImages%2FModels%2FFull%2F35999.jpg&feedId=102894&k=617e047535bc28cea5b0187410e339b1f691a185,USD,,12.95,https://www.dv8fashion.com/en/Veromoda-Vilma-Bow-Top---Black/m-35999.aspx?PartnerID=4730&utm_source=awin&utm_medium=affiliate&utm_campaign=UnitedStatesUS,,,USD43.95,102894,DV8 Fashion,1,,https://www.dv8fashion.com/Images/Models/Full/35999-1.jpg,https://www.dv8fashion.com/Images/Models/Full/35999-2.jpg,,https://www.dv8fashion.com/Images/Models/Full/35999-3.jpg,Womens,Tops & T-Shirts
https://www.awin1.com/pclick.php?p=43219879398&a=2771700&m=116329,Veromoda Vilma Bow Top - Black - XS,43219879398,263234AWUS,https://www.dv8fashion.com/Images/Models/Full/35999.jpg,Stay on top with a pretty party top! From romantic feminine tops to casual easy ones. Our selection of party-tops fulfils every need. Transform easily from casual to party with this style      Product Type: Blouse     Neck: Off Shoulder     Sleeve: Sleeveless     Extra details: Bow detail     Fit: Slim Fit Product Code: P-84994-10--,Sleeveless Tops,43.95,DV8 Fashion (USA),116329,Women's Tops,204,https://images2.productserve.com/?w=200&h=200&bg=white&trim=5&t=letterbox&url=ssl%3Awww.dv8fashion.com%2FImages%2FModels%2FFull%2F35999.jpg&feedId=102894&k=617e047535bc28cea5b0187410e339b1f691a185,USD,,12.95,https://www.dv8fashion.com/en/Veromoda-Vilma-Bow-Top---Black/m-35999.aspx?PartnerID=4730&utm_source=awin&utm_medium=affiliate&utm_campaign=UnitedStatesUS,,,USD43.95,102894,DV8 Fashion,1,,https://www.dv8fashion.com/Images/Models/Full/35999-1.jpg,https://www.dv8fashion.com/Images/Models/Full/35999-2.jpg,,https://www.dv8fashion.com/Images/Models/Full/35999-3.jpg,Womens,Tops & T-Shirts
https://www.awin1.com/pclick.php?p=43219879446&a=2771700&m=116329,Only Cenna Tube Sequins Top - Winetasting - XL,43219879446,263343AWUS,https://www.dv8fashion.com/Images/Models/Full/36009.jpg,"Whether the occasion is a garden party, a night out, or dinner at a restaurant, this piece of occasionwear is the perfect choice       Product Type: Tube top   Neck: Off Shoulder   Sleeve: Sleeveless   Length/Size: Cropped   Extra details: Glitter detail   Fit: Slim Fit         Product Code: P-85003-21--",Sleeveless Tops,43.95,DV8 Fashion (USA),116329,Women's Tops,204,https://images2.productserve.com/?w=200&h=200&bg=white&trim=5&t=letterbox&url=ssl%3Awww.dv8fashion.com%2FImages%2FModels%2FFull%2F36009.jpg&feedId=102894&k=d735eb7019a426224f9fddfad6a49d4563edc090,USD,,12.95,https://www.dv8fashion.com/en/Only-Cenna-Tube-Sequins-Top---Winetasting/m-36009.aspx?PartnerID=4730&utm_source=awin&utm_medium=affiliate&utm_campaign=UnitedStatesUS,,,USD43.95,102894,DV8 Fashion,1,,https://www.dv8fashion.com/Images/Models/Full/36009-1.jpg,https://www.dv8fashion.com/Images/Models/Full/36009-2.jpg,,https://www.dv8fashion.com/Images/Models/Full/36009-3.jpg,Womens,Tops & T-Shirts
https://www.awin1.com/pclick.php?p=43219879443&a=2771700&m=116329,Only Cenna Tube Sequins Top - Winetasting - L,43219879443,263340AWUS,https://www.dv8fashion.com/Images/Models/Full/36009.jpg,"Whether the occasion is a garden party, a night out, or dinner at a restaurant, this piece of occasionwear is the perfect choice       Product Type: Tube top   Neck: Off Shoulder   Sleeve: Sleeveless   Length/Size: Cropped   Extra details: Glitter detail   Fit: Slim Fit         Product Code: P-85003-21--",Sleeveless Tops,43.95,DV8 Fashion (USA),116329,Women's Tops,204,https://images2.productserve.com/?w=200&h=200&bg=white&trim=5&t=letterbox&url=ssl%3Awww.dv8fashion.com%2FImages%2FModels%2FFull%2F36009.jpg&feedId=102894&k=d735eb7019a426224f9fddfad6a49d4563edc090,USD,,12.95,https://www.dv8fashion.com/en/Only-Cenna-Tube-Sequins-Top---Winetasting/m-36009.aspx?PartnerID=4730&utm_source=awin&utm_medium=affiliate&utm_campaign=UnitedStatesUS,,,USD43.95,102894,DV8 Fashion,1,,https://www.dv8fashion.com/Images/Models/Full/36009-1.jpg,https://www.dv8fashion.com/Images/Models/Full/36009-2.jpg,,https://www.dv8fashion.com/Images/Models/Full/36009-3.jpg,Womens,Tops & T-Shirts
https://www.awin1.com/pclick.php?p=43219879464&a=2771700&m=116329,Daisy Street Drape Front Halter Neck Top - Brown - M,43219879464,263385AWUS,https://www.dv8fashion.com/Images/Models/Full/36013.jpg,Did someone say party season? Get party ready with Daisy Street      Slingy fabric     Halter neck with tie fastening     Fitted style Product Code: P-84870-27--,Sleeveless Tops,39.95,DV8 Fashion (USA),116329,Women's Tops,204,https://images2.productserve.com/?w=200&h=200&bg=white&trim=5&t=letterbox&url=ssl%3Awww.dv8fashion.com%2FImages%2FModels%2FFull%2F36013.jpg&feedId=102894&k=211d88356b76c0e271577655722e1267aa0edb49,USD,,12.95,https://www.dv8fashion.com/en/Daisy-Street-Drape-Front-Halter-Neck-Top---Brown/m-36013.aspx?PartnerID=4730&utm_source=awin&utm_medium=affiliate&utm_campaign=UnitedStatesUS,,,USD39.95,102894,DV8 Fashion,1,,https://www.dv8fashion.com/Images/Models/Full/36013-1.jpg,https://www.dv8fashion.com/Images/Models/Full/36013-2.jpg,,https://www.dv8fashion.com/Images/Models/Full/36013-3.jpg,Womens,Tops & T-Shirts
https://www.awin1.com/pclick.php?p=43219879467&a=2771700&m=116329,Daisy Street Drape Front Halter Neck Top - Brown - XS,43219879467,263388AWUS,https://www.dv8fashion.com/Images/Models/Full/36013.jpg,Did someone say party season? Get party ready with Daisy Street      Slingy fabric     Halter neck with tie fastening     Fitted style Product Code: P-84870-27--,Sleeveless Tops,39.95,DV8 Fashion (USA),116329,Women's Tops,204,https://images2.productserve.com/?w=200&h=200&bg=white&trim=5&t=letterbox&url=ssl%3Awww.dv8fashion.com%2FImages%2FModels%2FFull%2F36013.jpg&feedId=102894&k=211d88356b76c0e271577655722e1267aa0edb49,USD,,12.95,https://www.dv8fashion.com/en/Daisy-Street-Drape-Front-Halter-Neck-Top---Brown/m-36013.aspx?PartnerID=4730&utm_source=awin&utm_medium=affiliate&utm_campaign=UnitedStatesUS,,,USD39.95,102894,DV8 Fashion,1,,https://www.dv8fashion.com/Images/Models/Full/36013-1.jpg,https://www.dv8fashion.com/Images/Models/Full/36013-2.jpg,,https://www.dv8fashion.com/Images/Models/Full/36013-3.jpg,Womens,Tops & T-Shirts
https://www.awin1.com/pclick.php?p=43397708243&a=2771700&m=116329,Saint Genies Sequin Top - L,43397708243,264611AWUS,https://www.dv8fashion.com/Images/Models/Full/36128.jpg,Celebrate party in style with our red sequins Saint Genies top.      Sequin detailing&nbsp;     High neckline     Stretch fit Product Code: P-85152-21--,Sleeveless Tops,43.95,DV8 Fashion (USA),116329,Women's Tops,204,https://images2.productserve.com/?w=200&h=200&bg=white&trim=5&t=letterbox&url=ssl%3Awww.dv8fashion.com%2FImages%2FModels%2FFull%2F36128.jpg&feedId=102894&k=12e10fe21fd163938137be368ce5560b5e3e06b4,USD,,12.95,https://www.dv8fashion.com/en/Saint-Genies-Sequin-Top/m-36128.aspx?PartnerID=4730&utm_source=awin&utm_medium=affiliate&utm_campaign=UnitedStatesUS,,,USD43.95,102894,DV8 Fashion,1,,https://www.dv8fashion.com/Images/Models/Full/36128-1.jpg,https://www.dv8fashion.com/Images/Models/Full/36128-2.jpg,,https://www.dv8fashion.com/Images/Models/Full/36128-3.jpg,Womens,Tops & T-Shirts
https://www.awin1.com/pclick.php?p=43397708244&a=2771700&m=116329,Saint Genies Sequin Top - M,43397708244,264612AWUS,https://www.dv8fashion.com/Images/Models/Full/36128.jpg,Celebrate party in style with our red sequins Saint Genies top.      Sequin detailing&nbsp;     High neckline     Stretch fit Product Code: P-85152-21--,Sleeveless Tops,43.95,DV8 Fashion (USA),116329,Women's Tops,204,https://images2.productserve.com/?w=200&h=200&bg=white&trim=5&t=letterbox&url=ssl%3Awww.dv8fashion.com%2FImages%2FModels%2FFull%2F36128.jpg&feedId=102894&k=12e10fe21fd163938137be368ce5560b5e3e06b4,USD,,12.95,https://www.dv8fashion.com/en/Saint-Genies-Sequin-Top/m-36128.aspx?PartnerID=4730&utm_source=awin&utm_medium=affiliate&utm_campaign=UnitedStatesUS,,,USD43.95,102894,DV8 Fashion,1,,https://www.dv8fashion.com/Images/Models/Full/36128-1.jpg,https://www.dv8fashion.com/Images/Models/Full/36128-2.jpg,,https://www.dv8fashion.com/Images/Models/Full/36128-3.jpg,Womens,Tops & T-Shirts
https://www.awin1.com/pclick.php?p=43910391852&a=2771700&m=116329,Saint Genies Button Waistcoat - Plum - XS,43910391852,264959AWUS,https://www.dv8fashion.com/Images/Models/Full/36160.jpg,Saint Genies women&apos;s waistcoat...      Plum hue     Tailored waistcoat     Button front     Crew neck and sleeveless Product Code: P-85157-23--,Sleeveless Tops,48.95,DV8 Fashion (USA),116329,Women's Tops,204,https://images2.productserve.com/?w=200&h=200&bg=white&trim=5&t=letterbox&url=ssl%3Awww.dv8fashion.com%2FImages%2FModels%2FFull%2F36160.jpg&feedId=102894&k=068aa5c1b6941b99265a0ffb285d21fe75683f15,USD,,12.95,https://www.dv8fashion.com/en/Saint-Genies-Button-Waistcoat---Plum/m-36160.aspx?PartnerID=4730&utm_source=awin&utm_medium=affiliate&utm_campaign=UnitedStatesUS,,,USD48.95,102894,DV8 Fashion,1,,https://www.dv8fashion.com/Images/Models/Full/36160-1.jpg,https://www.dv8fashion.com/Images/Models/Full/36160-2.jpg,,https://www.dv8fashion.com/Images/Models/Full/36160-3.jpg,Womens,Tops & T-Shirts
https://www.awin1.com/pclick.php?p=43420667619&a=2771700&m=116329,Pieces Madison Sl Draped Top - Black - S,43420667619,265034AWUS,https://www.dv8fashion.com/Images/Models/Full/36167.jpg,"Jersey is a soft, stretchy fabric, that ensures comfort      Product Type: Blouse     Neck: Round Neck     Sleeve: Sleeveless     Fit: Slim Fit Product Code: P-85221-10--",Sleeveless Tops,33.95,DV8 Fashion (USA),116329,Women's Tops,204,https://images2.productserve.com/?w=200&h=200&bg=white&trim=5&t=letterbox&url=ssl%3Awww.dv8fashion.com%2FImages%2FModels%2FFull%2F36167.jpg&feedId=102894&k=45561917abf0e53f7a695f73abc12ac2141fba33,USD,,12.95,https://www.dv8fashion.com/en/Pieces-Madison-Sl-Draped-Top---Black/m-36167.aspx?PartnerID=4730&utm_source=awin&utm_medium=affiliate&utm_campaign=UnitedStatesUS,,,USD33.95,102894,DV8 Fashion,1,,https://www.dv8fashion.com/Images/Models/Full/36167-1.jpg,https://www.dv8fashion.com/Images/Models/Full/36167-2.jpg,,https://www.dv8fashion.com/Images/Models/Full/36167-3.jpg,Womens,Tops & T-Shirts
https://www.awin1.com/pclick.php?p=43420667620&a=2771700&m=116329,Pieces Madison Sl Draped Top - Black - XL,43420667620,265035AWUS,https://www.dv8fashion.com/Images/Models/Full/36167.jpg,"Jersey is a soft, stretchy fabric, that ensures comfort      Product Type: Blouse     Neck: Round Neck     Sleeve: Sleeveless     Fit: Slim Fit Product Code: P-85221-10--",Sleeveless Tops,33.95,DV8 Fashion (USA),116329,Women's Tops,204,https://images2.productserve.com/?w=200&h=200&bg=white&trim=5&t=letterbox&url=ssl%3Awww.dv8fashion.com%2FImages%2FModels%2FFull%2F36167.jpg&feedId=102894&k=45561917abf0e53f7a695f73abc12ac2141fba33,USD,,12.95,https://www.dv8fashion.com/en/Pieces-Madison-Sl-Draped-Top---Black/m-36167.aspx?PartnerID=4730&utm_source=awin&utm_medium=affiliate&utm_campaign=UnitedStatesUS,,,USD33.95,102894,DV8 Fashion,1,,https://www.dv8fashion.com/Images/Models/Full/36167-1.jpg,https://www.dv8fashion.com/Images/Models/Full/36167-2.jpg,,https://www.dv8fashion.com/Images/Models/Full/36167-3.jpg,Womens,Tops & T-Shirts
https://www.awin1.com/pclick.php?p=43852494260&a=2771700&m=116329,Saint Genies Satin V Neck Top With Tie Detail - Cream - XS,43852494260,266176AWUS,https://www.dv8fashion.com/Images/Models/Full/36266.jpg,This classic v neck white top is the perfect party piece      V neckline     Back strap     Silk feel fabric     Tie detailing Product Code: P-85329-26--,Sleeveless Tops,39.95,DV8 Fashion (USA),116329,Women's Tops,204,https://images2.productserve.com/?w=200&h=200&bg=white&trim=5&t=letterbox&url=ssl%3Awww.dv8fashion.com%2FImages%2FModels%2FFull%2F36266.jpg&feedId=102894&k=e82fc8e2d56ec6a68c8e26be2a4351c10b60fda3,USD,,12.95,https://www.dv8fashion.com/en/Saint-Genies-Satin-V-Neck-Top-With-Tie-Detail---Cream/m-36266.aspx?PartnerID=4730&utm_source=awin&utm_medium=affiliate&utm_campaign=UnitedStatesUS,,,USD39.95,102894,DV8 Fashion,1,,https://www.dv8fashion.com/Images/Models/Full/36266-1.jpg,https://www.dv8fashion.com/Images/Models/Full/36266-2.jpg,,https://www.dv8fashion.com/Images/Models/Full/36266-3.jpg,Womens,Tops & T-Shirts
https://www.awin1.com/pclick.php?p=43488617695&a=2771700&m=116329,Saint Genies Lace Glitter Corset Top - Black - L,43488617695,266281AWUS,https://www.dv8fashion.com/Images/Models/Full/36275.jpg,Elevate your weekend style with our stunning lace glitter corset by Saint Genies...      Lace glitter fabric     Tie detailing     Back zip fastening     Bow on front     Adjustable straps Product Code: P-85228-10--,Sleeveless Tops,46.95,DV8 Fashion (USA),116329,Women's Tops,204,https://images2.productserve.com/?w=200&h=200&bg=white&trim=5&t=letterbox&url=ssl%3Awww.dv8fashion.com%2FImages%2FModels%2FFull%2F36275.jpg&feedId=102894&k=664460de5e6f68c9eb91b0f21f82d6403daf202a,USD,,12.95,https://www.dv8fashion.com/en/Saint-Genies-Lace-Glitter-Corset-Top---Black/m-36275.aspx?PartnerID=4730&utm_source=awin&utm_medium=affiliate&utm_campaign=UnitedStatesUS,,,USD46.95,102894,DV8 Fashion,1,,https://www.dv8fashion.com/Images/Models/Full/36275-1.jpg,https://www.dv8fashion.com/Images/Models/Full/36275-2.jpg,,https://www.dv8fashion.com/Images/Models/Full/36275-3.jpg,Womens,Tops & T-Shirts
https://www.awin1.com/pclick.php?p=43635563104&a=2771700&m=116329,Saint Genies Lace Glitter Corset Top - Black - XL,43635563104,266284AWUS,https://www.dv8fashion.com/Images/Models/Full/36275.jpg,Elevate your weekend style with our stunning lace glitter corset by Saint Genies...      Lace glitter fabric     Tie detailing     Back zip fastening     Bow on front     Adjustable straps Product Code: P-85228-10--,Sleeveless Tops,46.95,DV8 Fashion (USA),116329,Women's Tops,204,https://images2.productserve.com/?w=200&h=200&bg=white&trim=5&t=letterbox&url=ssl%3Awww.dv8fashion.com%2FImages%2FModels%2FFull%2F36275.jpg&feedId=102894&k=664460de5e6f68c9eb91b0f21f82d6403daf202a,USD,,12.95,https://www.dv8fashion.com/en/Saint-Genies-Lace-Glitter-Corset-Top---Black/m-36275.aspx?PartnerID=4730&utm_source=awin&utm_medium=affiliate&utm_campaign=UnitedStatesUS,,,USD46.95,102894,DV8 Fashion,1,,https://www.dv8fashion.com/Images/Models/Full/36275-1.jpg,https://www.dv8fashion.com/Images/Models/Full/36275-2.jpg,,https://www.dv8fashion.com/Images/Models/Full/36275-3.jpg,Womens,Tops & T-Shirts
https://www.awin1.com/pclick.php?p=43493419930&a=2771700&m=116329,Saint Genies Sequin Peplum Top - White - L,43493419930,266372AWUS,https://www.dv8fashion.com/Images/Models/Full/36284.jpg,This classic square neck white top is the perfect party piece      Square neckline     Back zip fastening     Sequin fabric Product Code: P-85366-11--,Sleeveless Tops,48.95,DV8 Fashion (USA),116329,Women's Tops,204,https://images2.productserve.com/?w=200&h=200&bg=white&trim=5&t=letterbox&url=ssl%3Awww.dv8fashion.com%2FImages%2FModels%2FFull%2F36284.jpg&feedId=102894&k=ab613f44cf9cee04b1c8d85eac36e093c8f81c8a,USD,,12.95,https://www.dv8fashion.com/en/Saint-Genies-Sequin-Peplum-Top---White/m-36284.aspx?PartnerID=4730&utm_source=awin&utm_medium=affiliate&utm_campaign=UnitedStatesUS,,,USD48.95,102894,DV8 Fashion,1,,https://www.dv8fashion.com/Images/Models/Full/36284-1.jpg,https://www.dv8fashion.com/Images/Models/Full/36284-2.jpg,,https://www.dv8fashion.com/Images/Models/Full/36284-3.jpg,Womens,Tops & T-Shirts
https://www.awin1.com/pclick.php?p=43493419931&a=2771700&m=116329,Saint Genies Sequin Peplum Top - White - M,43493419931,266373AWUS,https://www.dv8fashion.com/Images/Models/Full/36284.jpg,This classic square neck white top is the perfect party piece      Square neckline     Back zip fastening     Sequin fabric Product Code: P-85366-11--,Sleeveless Tops,48.95,DV8 Fashion (USA),116329,Women's Tops,204,https://images2.productserve.com/?w=200&h=200&bg=white&trim=5&t=letterbox&url=ssl%3Awww.dv8fashion.com%2FImages%2FModels%2FFull%2F36284.jpg&feedId=102894&k=ab613f44cf9cee04b1c8d85eac36e093c8f81c8a,USD,,12.95,https://www.dv8fashion.com/en/Saint-Genies-Sequin-Peplum-Top---White/m-36284.aspx?PartnerID=4730&utm_source=awin&utm_medium=affiliate&utm_campaign=UnitedStatesUS,,,USD48.95,102894,DV8 Fashion,1,,https://www.dv8fashion.com/Images/Models/Full/36284-1.jpg,https://www.dv8fashion.com/Images/Models/Full/36284-2.jpg,,https://www.dv8fashion.com/Images/Models/Full/36284-3.jpg,Womens,Tops & T-Shirts
https://www.awin1.com/pclick.php?p=43718253594&a=2771700&m=116329,Saint Genies Sleeveless Peplum Top - Cream - S,43718253594,267502AWUS,https://www.dv8fashion.com/Images/Models/Full/36389.jpg,Get new season ready with this sleeveless top by Saint Genies. This stunning piece is designed to make you stand out wherever you go      Colour: Cream     Details: Sweetheart neckline     Sleeves: Sleeveless     Product type: Top     Fit: Fitted with peplum Product Code: P-85624-26--,Sleeveless Tops,44.95,DV8 Fashion (USA),116329,Women's Tops,204,https://images2.productserve.com/?w=200&h=200&bg=white&trim=5&t=letterbox&url=ssl%3Awww.dv8fashion.com%2FImages%2FModels%2FFull%2F36389.jpg&feedId=102894&k=ef56bfc37cd8188a78df772ab421ab125493138c,USD,,12.95,https://www.dv8fashion.com/en/Saint-Genies-Sleeveless-Peplum-Top---Cream/m-36389.aspx?PartnerID=4730&utm_source=awin&utm_medium=affiliate&utm_campaign=UnitedStatesUS,,,USD44.95,102894,DV8 Fashion,1,,https://www.dv8fashion.com/Images/Models/Full/36389-1.jpg,https://www.dv8fashion.com/Images/Models/Full/36389-2.jpg,,https://www.dv8fashion.com/Images/Models/Full/36389-3.jpg,Womens,Tops & T-Shirts
https://www.awin1.com/pclick.php?p=43718253595&a=2771700&m=116329,Saint Genies Sleeveless Peplum Top - Cream - XL,43718253595,267503AWUS,https://www.dv8fashion.com/Images/Models/Full/36389.jpg,Get new season ready with this sleeveless top by Saint Genies. This stunning piece is designed to make you stand out wherever you go      Colour: Cream     Details: Sweetheart neckline     Sleeves: Sleeveless     Product type: Top     Fit: Fitted with peplum Product Code: P-85624-26--,Sleeveless Tops,44.95,DV8 Fashion (USA),116329,Women's Tops,204,https://images2.productserve.com/?w=200&h=200&bg=white&trim=5&t=letterbox&url=ssl%3Awww.dv8fashion.com%2FImages%2FModels%2FFull%2F36389.jpg&feedId=102894&k=ef56bfc37cd8188a78df772ab421ab125493138c,USD,,12.95,https://www.dv8fashion.com/en/Saint-Genies-Sleeveless-Peplum-Top---Cream/m-36389.aspx?PartnerID=4730&utm_source=awin&utm_medium=affiliate&utm_campaign=UnitedStatesUS,,,USD44.95,102894,DV8 Fashion,1,,https://www.dv8fashion.com/Images/Models/Full/36389-1.jpg,https://www.dv8fashion.com/Images/Models/Full/36389-2.jpg,,https://www.dv8fashion.com/Images/Models/Full/36389-3.jpg,Womens,Tops & T-Shirts
https://www.awin1.com/pclick.php?p=43718253593&a=2771700&m=116329,Saint Genies Sleeveless Peplum Top - Cream - M,43718253593,267501AWUS,https://www.dv8fashion.com/Images/Models/Full/36389.jpg,Get new season ready with this sleeveless top by Saint Genies. This stunning piece is designed to make you stand out wherever you go      Colour: Cream     Details: Sweetheart neckline     Sleeves: Sleeveless     Product type: Top     Fit: Fitted with peplum Product Code: P-85624-26--,Sleeveless Tops,44.95,DV8 Fashion (USA),116329,Women's Tops,204,https://images2.productserve.com/?w=200&h=200&bg=white&trim=5&t=letterbox&url=ssl%3Awww.dv8fashion.com%2FImages%2FModels%2FFull%2F36389.jpg&feedId=102894&k=ef56bfc37cd8188a78df772ab421ab125493138c,USD,,12.95,https://www.dv8fashion.com/en/Saint-Genies-Sleeveless-Peplum-Top---Cream/m-36389.aspx?PartnerID=4730&utm_source=awin&utm_medium=affiliate&utm_campaign=UnitedStatesUS,,,USD44.95,102894,DV8 Fashion,1,,https://www.dv8fashion.com/Images/Models/Full/36389-1.jpg,https://www.dv8fashion.com/Images/Models/Full/36389-2.jpg,,https://www.dv8fashion.com/Images/Models/Full/36389-3.jpg,Womens,Tops & T-Shirts
https://www.awin1.com/pclick.php?p=43718253596&a=2771700&m=116329,Saint Genies Sleeveless Peplum Top - Cream - XS,43718253596,267504AWUS,https://www.dv8fashion.com/Images/Models/Full/36389.jpg,Get new season ready with this sleeveless top by Saint Genies. This stunning piece is designed to make you stand out wherever you go      Colour: Cream     Details: Sweetheart neckline     Sleeves: Sleeveless     Product type: Top     Fit: Fitted with peplum Product Code: P-85624-26--,Sleeveless Tops,44.95,DV8 Fashion (USA),116329,Women's Tops,204,https://images2.productserve.com/?w=200&h=200&bg=white&trim=5&t=letterbox&url=ssl%3Awww.dv8fashion.com%2FImages%2FModels%2FFull%2F36389.jpg&feedId=102894&k=ef56bfc37cd8188a78df772ab421ab125493138c,USD,,12.95,https://www.dv8fashion.com/en/Saint-Genies-Sleeveless-Peplum-Top---Cream/m-36389.aspx?PartnerID=4730&utm_source=awin&utm_medium=affiliate&utm_campaign=UnitedStatesUS,,,USD44.95,102894,DV8 Fashion,1,,https://www.dv8fashion.com/Images/Models/Full/36389-1.jpg,https://www.dv8fashion.com/Images/Models/Full/36389-2.jpg,,https://www.dv8fashion.com/Images/Models/Full/36389-3.jpg,Womens,Tops & T-Shirts
https://www.awin1.com/pclick.php?p=43718253601&a=2771700&m=116329,Saint Genies Sleeveless Fitted Top - White - M,43718253601,267523AWUS,https://www.dv8fashion.com/Images/Models/Full/36391.jpg,Complete your new season wardrobe with this top by Saint Genies...      Cream hue     Stretch comfortable fabric     Front detailing     Sleeveless Product Code: P-85627-11--,Sleeveless Tops,32.95,DV8 Fashion (USA),116329,Women's Tops,204,https://images2.productserve.com/?w=200&h=200&bg=white&trim=5&t=letterbox&url=ssl%3Awww.dv8fashion.com%2FImages%2FModels%2FFull%2F36391.jpg&feedId=102894&k=0aebc52ad084accf2354fc8e6f6c426666ac7d6c,USD,,12.95,https://www.dv8fashion.com/en/Saint-Genies-Sleeveless-Fitted-Top---White/m-36391.aspx?PartnerID=4730&utm_source=awin&utm_medium=affiliate&utm_campaign=UnitedStatesUS,,,USD32.95,102894,DV8 Fashion,1,,https://www.dv8fashion.com/Images/Models/Full/36391-1.jpg,https://www.dv8fashion.com/Images/Models/Full/36391-2.jpg,,https://www.dv8fashion.com/Images/Models/Full/36391-3.jpg,Womens,Tops & T-Shirts
https://www.awin1.com/pclick.php?p=43718253603&a=2771700&m=116329,Saint Genies Sleeveless Fitted Top - White - XL,43718253603,267525AWUS,https://www.dv8fashion.com/Images/Models/Full/36391.jpg,Complete your new season wardrobe with this top by Saint Genies...      Cream hue     Stretch comfortable fabric     Front detailing     Sleeveless Product Code: P-85627-11--,Sleeveless Tops,32.95,DV8 Fashion (USA),116329,Women's Tops,204,https://images2.productserve.com/?w=200&h=200&bg=white&trim=5&t=letterbox&url=ssl%3Awww.dv8fashion.com%2FImages%2FModels%2FFull%2F36391.jpg&feedId=102894&k=0aebc52ad084accf2354fc8e6f6c426666ac7d6c,USD,,12.95,https://www.dv8fashion.com/en/Saint-Genies-Sleeveless-Fitted-Top---White/m-36391.aspx?PartnerID=4730&utm_source=awin&utm_medium=affiliate&utm_campaign=UnitedStatesUS,,,USD32.95,102894,DV8 Fashion,1,,https://www.dv8fashion.com/Images/Models/Full/36391-1.jpg,https://www.dv8fashion.com/Images/Models/Full/36391-2.jpg,,https://www.dv8fashion.com/Images/Models/Full/36391-3.jpg,Womens,Tops & T-Shirts
https://www.awin1.com/pclick.php?p=43718253607&a=2771700&m=116329,Saint Genies Lurex Halter Neck Top - Pink - S,43718253607,267535AWUS,https://www.dv8fashion.com/Images/Models/Full/36392.jpg,Complete your new season wardrobe with this stunner of a top! Featuring a chic cowl draped neckline and stretch spun pink fabric...      Stretch pink fabric     Draped cowl neckline Product Code: P-85471-38--,Sleeveless Tops,34.95,DV8 Fashion (USA),116329,Women's Tops,204,https://images2.productserve.com/?w=200&h=200&bg=white&trim=5&t=letterbox&url=ssl%3Awww.dv8fashion.com%2FImages%2FModels%2FFull%2F36392.jpg&feedId=102894&k=05e04bcff9d480adbc06c899c2539e74509f463e,USD,,12.95,https://www.dv8fashion.com/en/Saint-Genies-Lurex-Halter-Neck-Top---Pink/m-36392.aspx?PartnerID=4730&utm_source=awin&utm_medium=affiliate&utm_campaign=UnitedStatesUS,,,USD34.95,102894,DV8 Fashion,1,,https://www.dv8fashion.com/Images/Models/Full/36392-1.jpg,https://www.dv8fashion.com/Images/Models/Full/36392-2.jpg,,https://www.dv8fashion.com/Images/Models/Full/36392-3.jpg,Womens,Tops & T-Shirts
https://www.awin1.com/pclick.php?p=43718253605&a=2771700&m=116329,Saint Genies Lurex Halter Neck Top - Pink - L,43718253605,267533AWUS,https://www.dv8fashion.com/Images/Models/Full/36392.jpg,Complete your new season wardrobe with this stunner of a top! Featuring a chic cowl draped neckline and stretch spun pink fabric...      Stretch pink fabric     Draped cowl neckline Product Code: P-85471-38--,Sleeveless Tops,34.95,DV8 Fashion (USA),116329,Women's Tops,204,https://images2.productserve.com/?w=200&h=200&bg=white&trim=5&t=letterbox&url=ssl%3Awww.dv8fashion.com%2FImages%2FModels%2FFull%2F36392.jpg&feedId=102894&k=05e04bcff9d480adbc06c899c2539e74509f463e,USD,,12.95,https://www.dv8fashion.com/en/Saint-Genies-Lurex-Halter-Neck-Top---Pink/m-36392.aspx?PartnerID=4730&utm_source=awin&utm_medium=affiliate&utm_campaign=UnitedStatesUS,,,USD34.95,102894,DV8 Fashion,1,,https://www.dv8fashion.com/Images/Models/Full/36392-1.jpg,https://www.dv8fashion.com/Images/Models/Full/36392-2.jpg,,https://www.dv8fashion.com/Images/Models/Full/36392-3.jpg,Womens,Tops & T-Shirts
https://www.awin1.com/pclick.php?p=43718253608&a=2771700&m=116329,Saint Genies Lurex Halter Neck Top - Pink - XL,43718253608,267536AWUS,https://www.dv8fashion.com/Images/Models/Full/36392.jpg,Complete your new season wardrobe with this stunner of a top! Featuring a chic cowl draped neckline and stretch spun pink fabric...      Stretch pink fabric     Draped cowl neckline Product Code: P-85471-38--,Sleeveless Tops,34.95,DV8 Fashion (USA),116329,Women's Tops,204,https://images2.productserve.com/?w=200&h=200&bg=white&trim=5&t=letterbox&url=ssl%3Awww.dv8fashion.com%2FImages%2FModels%2FFull%2F36392.jpg&feedId=102894&k=05e04bcff9d480adbc06c899c2539e74509f463e,USD,,12.95,https://www.dv8fashion.com/en/Saint-Genies-Lurex-Halter-Neck-Top---Pink/m-36392.aspx?PartnerID=4730&utm_source=awin&utm_medium=affiliate&utm_campaign=UnitedStatesUS,,,USD34.95,102894,DV8 Fashion,1,,https://www.dv8fashion.com/Images/Models/Full/36392-1.jpg,https://www.dv8fashion.com/Images/Models/Full/36392-2.jpg,,https://www.dv8fashion.com/Images/Models/Full/36392-3.jpg,Womens,Tops & T-Shirts
https://www.awin1.com/pclick.php?p=43718253611&a=2771700&m=116329,Saint Genies Polka Dot Halter Top - Black / White - M,43718253611,267545AWUS,https://www.dv8fashion.com/Images/Models/Full/36393.jpg,Complete your new season wardrobe with this stunner of a top! Featuring a chic cowl draped neckline and satin polka dot fabric...      Stretch satin fabric     Draped cowl neckline Product Code: P-85477-10--,Sleeveless Tops,31.95,DV8 Fashion (USA),116329,Women's Tops,204,https://images2.productserve.com/?w=200&h=200&bg=white&trim=5&t=letterbox&url=ssl%3Awww.dv8fashion.com%2FImages%2FModels%2FFull%2F36393.jpg&feedId=102894&k=5fc14a77f183b578b876a1c023467dda7c592013,USD,,12.95,https://www.dv8fashion.com/en/Saint-Genies-Polka-Dot-Halter-Top---Black--White/m-36393.aspx?PartnerID=4730&utm_source=awin&utm_medium=affiliate&utm_campaign=UnitedStatesUS,,,USD31.95,102894,DV8 Fashion,1,,https://www.dv8fashion.com/Images/Models/Full/36393-1.jpg,https://www.dv8fashion.com/Images/Models/Full/36393-2.jpg,,https://www.dv8fashion.com/Images/Models/Full/36393-3.jpg,Womens,Tops & T-Shirts
https://www.awin1.com/pclick.php?p=43718253616&a=2771700&m=116329,Saint Genies Lace Detail Cami Top - M,43718253616,267556AWUS,https://www.dv8fashion.com/Images/Models/Full/36394.jpg,Get new season ready with Saint Genies...      Product Type: Top     Fabric: Black satin fabric with lace detail     Neck: V Neck     Sleeve: Sleeveless cami straps     Fit: Regular Fit Product Code: P-85481-10--,Sleeveless Tops,44.95,DV8 Fashion (USA),116329,Women's Tops,204,https://images2.productserve.com/?w=200&h=200&bg=white&trim=5&t=letterbox&url=ssl%3Awww.dv8fashion.com%2FImages%2FModels%2FFull%2F36394.jpg&feedId=102894&k=90e22d8b8c84d4039d9fea806aa690027ff7ba9f,USD,,12.95,https://www.dv8fashion.com/en/Saint-Genies-Lace-Detail-Cami-Top/m-36394.aspx?PartnerID=4730&utm_source=awin&utm_medium=affiliate&utm_campaign=UnitedStatesUS,,,USD44.95,102894,DV8 Fashion,1,,https://www.dv8fashion.com/Images/Models/Full/36394-1.jpg,https://www.dv8fashion.com/Images/Models/Full/36394-2.jpg,,https://www.dv8fashion.com/Images/Models/Full/36394-3.jpg,Womens,Tops & T-Shirts
https://www.awin1.com/pclick.php?p=43718253615&a=2771700&m=116329,Saint Genies Lace Detail Cami Top - L,43718253615,267555AWUS,https://www.dv8fashion.com/Images/Models/Full/36394.jpg,Get new season ready with Saint Genies...      Product Type: Top     Fabric: Black satin fabric with lace detail     Neck: V Neck     Sleeve: Sleeveless cami straps     Fit: Regular Fit Product Code: P-85481-10--,Sleeveless Tops,44.95,DV8 Fashion (USA),116329,Women's Tops,204,https://images2.productserve.com/?w=200&h=200&bg=white&trim=5&t=letterbox&url=ssl%3Awww.dv8fashion.com%2FImages%2FModels%2FFull%2F36394.jpg&feedId=102894&k=90e22d8b8c84d4039d9fea806aa690027ff7ba9f,USD,,12.95,https://www.dv8fashion.com/en/Saint-Genies-Lace-Detail-Cami-Top/m-36394.aspx?PartnerID=4730&utm_source=awin&utm_medium=affiliate&utm_campaign=UnitedStatesUS,,,USD44.95,102894,DV8 Fashion,1,,https://www.dv8fashion.com/Images/Models/Full/36394-1.jpg,https://www.dv8fashion.com/Images/Models/Full/36394-2.jpg,,https://www.dv8fashion.com/Images/Models/Full/36394-3.jpg,Womens,Tops & T-Shirts
https://www.awin1.com/pclick.php?p=43718253617&a=2771700&m=116329,Saint Genies Lace Detail Cami Top - S,43718253617,267557AWUS,https://www.dv8fashion.com/Images/Models/Full/36394.jpg,Get new season ready with Saint Genies...      Product Type: Top     Fabric: Black satin fabric with lace detail     Neck: V Neck     Sleeve: Sleeveless cami straps     Fit: Regular Fit Product Code: P-85481-10--,Sleeveless Tops,44.95,DV8 Fashion (USA),116329,Women's Tops,204,https://images2.productserve.com/?w=200&h=200&bg=white&trim=5&t=letterbox&url=ssl%3Awww.dv8fashion.com%2FImages%2FModels%2FFull%2F36394.jpg&feedId=102894&k=90e22d8b8c84d4039d9fea806aa690027ff7ba9f,USD,,12.95,https://www.dv8fashion.com/en/Saint-Genies-Lace-Detail-Cami-Top/m-36394.aspx?PartnerID=4730&utm_source=awin&utm_medium=affiliate&utm_campaign=UnitedStatesUS,,,USD44.95,102894,DV8 Fashion,1,,https://www.dv8fashion.com/Images/Models/Full/36394-1.jpg,https://www.dv8fashion.com/Images/Models/Full/36394-2.jpg,,https://www.dv8fashion.com/Images/Models/Full/36394-3.jpg,Womens,Tops & T-Shirts
https://www.awin1.com/pclick.php?p=43718253618&a=2771700&m=116329,Saint Genies Lace Detail Cami Top - XL,43718253618,267558AWUS,https://www.dv8fashion.com/Images/Models/Full/36394.jpg,Get new season ready with Saint Genies...      Product Type: Top     Fabric: Black satin fabric with lace detail     Neck: V Neck     Sleeve: Sleeveless cami straps     Fit: Regular Fit Product Code: P-85481-10--,Sleeveless Tops,44.95,DV8 Fashion (USA),116329,Women's Tops,204,https://images2.productserve.com/?w=200&h=200&bg=white&trim=5&t=letterbox&url=ssl%3Awww.dv8fashion.com%2FImages%2FModels%2FFull%2F36394.jpg&feedId=102894&k=90e22d8b8c84d4039d9fea806aa690027ff7ba9f,USD,,12.95,https://www.dv8fashion.com/en/Saint-Genies-Lace-Detail-Cami-Top/m-36394.aspx?PartnerID=4730&utm_source=awin&utm_medium=affiliate&utm_campaign=UnitedStatesUS,,,USD44.95,102894,DV8 Fashion,1,,https://www.dv8fashion.com/Images/Models/Full/36394-1.jpg,https://www.dv8fashion.com/Images/Models/Full/36394-2.jpg,,https://www.dv8fashion.com/Images/Models/Full/36394-3.jpg,Womens,Tops & T-Shirts
https://www.awin1.com/pclick.php?p=43746264056&a=2771700&m=116329,Saint Genies Knit Sleeveless Gold Button Top - Green - L,43746264056,267701AWUS,https://www.dv8fashion.com/Images/Models/Full/36408.jpg,Saint Genies women&apos;s waistcoat...      Green knit hue     Waistcoat     Button front     V neck and sleeveless Product Code: P-85468-45--,Sleeveless Tops,39.95,DV8 Fashion (USA),116329,Women's Tops,204,https://images2.productserve.com/?w=200&h=200&bg=white&trim=5&t=letterbox&url=ssl%3Awww.dv8fashion.com%2FImages%2FModels%2FFull%2F36408.jpg&feedId=102894&k=104b9876094cdd1f458b100c58ae86472c7a8334,USD,,12.95,https://www.dv8fashion.com/en/Saint-Genies-Knit-Sleeveless-Gold-Button-Top---Green/m-36408.aspx?PartnerID=4730&utm_source=awin&utm_medium=affiliate&utm_campaign=UnitedStatesUS,,,USD39.95,102894,DV8 Fashion,1,,https://www.dv8fashion.com/Images/Models/Full/36408-1.jpg,https://www.dv8fashion.com/Images/Models/Full/36408-2.jpg,,https://www.dv8fashion.com/Images/Models/Full/36408-3.jpg,Womens,Tops & T-Shirts
https://www.awin1.com/pclick.php?p=43746264057&a=2771700&m=116329,Saint Genies Knit Sleeveless Gold Button Top - Green - M,43746264057,267702AWUS,https://www.dv8fashion.com/Images/Models/Full/36408.jpg,Saint Genies women&apos;s waistcoat...      Green knit hue     Waistcoat     Button front     V neck and sleeveless Product Code: P-85468-45--,Sleeveless Tops,39.95,DV8 Fashion (USA),116329,Women's Tops,204,https://images2.productserve.com/?w=200&h=200&bg=white&trim=5&t=letterbox&url=ssl%3Awww.dv8fashion.com%2FImages%2FModels%2FFull%2F36408.jpg&feedId=102894&k=104b9876094cdd1f458b100c58ae86472c7a8334,USD,,12.95,https://www.dv8fashion.com/en/Saint-Genies-Knit-Sleeveless-Gold-Button-Top---Green/m-36408.aspx?PartnerID=4730&utm_source=awin&utm_medium=affiliate&utm_campaign=UnitedStatesUS,,,USD39.95,102894,DV8 Fashion,1,,https://www.dv8fashion.com/Images/Models/Full/36408-1.jpg,https://www.dv8fashion.com/Images/Models/Full/36408-2.jpg,,https://www.dv8fashion.com/Images/Models/Full/36408-3.jpg,Womens,Tops & T-Shirts
https://www.awin1.com/pclick.php?p=43746264058&a=2771700&m=116329,Saint Genies Knit Sleeveless Gold Button Top - Green - S,43746264058,267703AWUS,https://www.dv8fashion.com/Images/Models/Full/36408.jpg,Saint Genies women&apos;s waistcoat...      Green knit hue     Waistcoat     Button front     V neck and sleeveless Product Code: P-85468-45--,Sleeveless Tops,39.95,DV8 Fashion (USA),116329,Women's Tops,204,https://images2.productserve.com/?w=200&h=200&bg=white&trim=5&t=letterbox&url=ssl%3Awww.dv8fashion.com%2FImages%2FModels%2FFull%2F36408.jpg&feedId=102894&k=104b9876094cdd1f458b100c58ae86472c7a8334,USD,,12.95,https://www.dv8fashion.com/en/Saint-Genies-Knit-Sleeveless-Gold-Button-Top---Green/m-36408.aspx?PartnerID=4730&utm_source=awin&utm_medium=affiliate&utm_campaign=UnitedStatesUS,,,USD39.95,102894,DV8 Fashion,1,,https://www.dv8fashion.com/Images/Models/Full/36408-1.jpg,https://www.dv8fashion.com/Images/Models/Full/36408-2.jpg,,https://www.dv8fashion.com/Images/Models/Full/36408-3.jpg,Womens,Tops & T-Shirts
https://www.awin1.com/pclick.php?p=43746264060&a=2771700&m=116329,Saint Genies Knit Sleeveless Gold Button Top - Green - XS,43746264060,267705AWUS,https://www.dv8fashion.com/Images/Models/Full/36408.jpg,Saint Genies women&apos;s waistcoat...      Green knit hue     Waistcoat     Button front     V neck and sleeveless Product Code: P-85468-45--,Sleeveless Tops,39.95,DV8 Fashion (USA),116329,Women's Tops,204,https://images2.productserve.com/?w=200&h=200&bg=white&trim=5&t=letterbox&url=ssl%3Awww.dv8fashion.com%2FImages%2FModels%2FFull%2F36408.jpg&feedId=102894&k=104b9876094cdd1f458b100c58ae86472c7a8334,USD,,12.95,https://www.dv8fashion.com/en/Saint-Genies-Knit-Sleeveless-Gold-Button-Top---Green/m-36408.aspx?PartnerID=4730&utm_source=awin&utm_medium=affiliate&utm_campaign=UnitedStatesUS,,,USD39.95,102894,DV8 Fashion,1,,https://www.dv8fashion.com/Images/Models/Full/36408-1.jpg,https://www.dv8fashion.com/Images/Models/Full/36408-2.jpg,,https://www.dv8fashion.com/Images/Models/Full/36408-3.jpg,Womens,Tops & T-Shirts
https://www.awin1.com/pclick.php?p=43746264104&a=2771700&m=116329,Saint Genies Sleeveless Buckle Detail Top - Khaki - L,43746264104,267811AWUS,https://www.dv8fashion.com/Images/Models/Full/36418.jpg,Update your wardrobe with Saint Genies...       Khaki textured fabric   Gold hardware detailing   Wrap front style         Product Code: P-85480-45--,Sleeveless Tops,41.95,DV8 Fashion (USA),116329,Women's Tops,204,https://images2.productserve.com/?w=200&h=200&bg=white&trim=5&t=letterbox&url=ssl%3Awww.dv8fashion.com%2FImages%2FModels%2FFull%2F36418.jpg&feedId=102894&k=a6fb0532dd3c3e866cae76194a7605fa2d5256db,USD,,12.95,https://www.dv8fashion.com/en/Saint-Genies-Sleeveless-Buckle-Detail-Top---Khaki/m-36418.aspx?PartnerID=4730&utm_source=awin&utm_medium=affiliate&utm_campaign=UnitedStatesUS,,,USD41.95,102894,DV8 Fashion,1,,https://www.dv8fashion.com/Images/Models/Full/36418-1.jpg,https://www.dv8fashion.com/Images/Models/Full/36418-2.jpg,,https://www.dv8fashion.com/Images/Models/Full/36418-3.jpg,Womens,Tops & T-Shirts
https://www.awin1.com/pclick.php?p=43746264106&a=2771700&m=116329,Saint Genies Sleeveless Buckle Detail Top - Khaki - S,43746264106,267813AWUS,https://www.dv8fashion.com/Images/Models/Full/36418.jpg,Update your wardrobe with Saint Genies...       Khaki textured fabric   Gold hardware detailing   Wrap front style         Product Code: P-85480-45--,Sleeveless Tops,41.95,DV8 Fashion (USA),116329,Women's Tops,204,https://images2.productserve.com/?w=200&h=200&bg=white&trim=5&t=letterbox&url=ssl%3Awww.dv8fashion.com%2FImages%2FModels%2FFull%2F36418.jpg&feedId=102894&k=a6fb0532dd3c3e866cae76194a7605fa2d5256db,USD,,12.95,https://www.dv8fashion.com/en/Saint-Genies-Sleeveless-Buckle-Detail-Top---Khaki/m-36418.aspx?PartnerID=4730&utm_source=awin&utm_medium=affiliate&utm_campaign=UnitedStatesUS,,,USD41.95,102894,DV8 Fashion,1,,https://www.dv8fashion.com/Images/Models/Full/36418-1.jpg,https://www.dv8fashion.com/Images/Models/Full/36418-2.jpg,,https://www.dv8fashion.com/Images/Models/Full/36418-3.jpg,Womens,Tops & T-Shirts
https://www.awin1.com/pclick.php?p=43746264107&a=2771700&m=116329,Saint Genies Sleeveless Buckle Detail Top - Khaki - XL,43746264107,267814AWUS,https://www.dv8fashion.com/Images/Models/Full/36418.jpg,Update your wardrobe with Saint Genies...       Khaki textured fabric   Gold hardware detailing   Wrap front style         Product Code: P-85480-45--,Sleeveless Tops,41.95,DV8 Fashion (USA),116329,Women's Tops,204,https://images2.productserve.com/?w=200&h=200&bg=white&trim=5&t=letterbox&url=ssl%3Awww.dv8fashion.com%2FImages%2FModels%2FFull%2F36418.jpg&feedId=102894&k=a6fb0532dd3c3e866cae76194a7605fa2d5256db,USD,,12.95,https://www.dv8fashion.com/en/Saint-Genies-Sleeveless-Buckle-Detail-Top---Khaki/m-36418.aspx?PartnerID=4730&utm_source=awin&utm_medium=affiliate&utm_campaign=UnitedStatesUS,,,USD41.95,102894,DV8 Fashion,1,,https://www.dv8fashion.com/Images/Models/Full/36418-1.jpg,https://www.dv8fashion.com/Images/Models/Full/36418-2.jpg,,https://www.dv8fashion.com/Images/Models/Full/36418-3.jpg,Womens,Tops & T-Shirts
https://www.awin1.com/pclick.php?p=43811662099&a=2771700&m=116329,Saint Genies Lace Corset Top - White - M,43811662099,268406AWUS,https://www.dv8fashion.com/Images/Models/Full/36467.jpg,Elevate your weekend style with our stunning lace corset by Saint Genies...      Lace fabric     Tie detailing     Back zip fastening     Bow on front     Adjustable straps Product Code: P-86037-11--,Sleeveless Tops,48.95,DV8 Fashion (USA),116329,Women's Tops,204,https://images2.productserve.com/?w=200&h=200&bg=white&trim=5&t=letterbox&url=ssl%3Awww.dv8fashion.com%2FImages%2FModels%2FFull%2F36467.jpg&feedId=102894&k=e475c6a3a84439ba83ae2c80ee2605ec518e304b,USD,,12.95,https://www.dv8fashion.com/en/Saint-Genies-Lace-Corset-Top---White/m-36467.aspx?PartnerID=4730&utm_source=awin&utm_medium=affiliate&utm_campaign=UnitedStatesUS,,,USD48.95,102894,DV8 Fashion,1,,https://www.dv8fashion.com/Images/Models/Full/36467-1.jpg,https://www.dv8fashion.com/Images/Models/Full/36467-2.jpg,,https://www.dv8fashion.com/Images/Models/Full/36467-3.jpg,Womens,Tops & T-Shirts
https://www.awin1.com/pclick.php?p=43811662101&a=2771700&m=116329,Saint Genies Lace Corset Top - White - XS,43811662101,268409AWUS,https://www.dv8fashion.com/Images/Models/Full/36467.jpg,Elevate your weekend style with our stunning lace corset by Saint Genies...      Lace fabric     Tie detailing     Back zip fastening     Bow on front     Adjustable straps Product Code: P-86037-11--,Sleeveless Tops,48.95,DV8 Fashion (USA),116329,Women's Tops,204,https://images2.productserve.com/?w=200&h=200&bg=white&trim=5&t=letterbox&url=ssl%3Awww.dv8fashion.com%2FImages%2FModels%2FFull%2F36467.jpg&feedId=102894&k=e475c6a3a84439ba83ae2c80ee2605ec518e304b,USD,,12.95,https://www.dv8fashion.com/en/Saint-Genies-Lace-Corset-Top---White/m-36467.aspx?PartnerID=4730&utm_source=awin&utm_medium=affiliate&utm_campaign=UnitedStatesUS,,,USD48.95,102894,DV8 Fashion,1,,https://www.dv8fashion.com/Images/Models/Full/36467-1.jpg,https://www.dv8fashion.com/Images/Models/Full/36467-2.jpg,,https://www.dv8fashion.com/Images/Models/Full/36467-3.jpg,Womens,Tops & T-Shirts
https://www.awin1.com/pclick.php?p=43820832895&a=2771700&m=116329,Veromoda Saga Top - Black - M,43820832895,268507AWUS,https://www.dv8fashion.com/Images/Models/Full/36476.jpg,"Basics are inevitable to find in almost every wardrobe out there. Our basic tops help bind an outfit together and this top makes no exception. Wear it with a shacket on top, a pair of relaxed mom-jeans, and chunky boots and you get a relaxed and cool everyday look      Product Type: Top     Neck: Boat neck     Sleeve: Sleeveless     Fit: Regular Fit Product Code: P-86065-10--",Sleeveless Tops,31.95,DV8 Fashion (USA),116329,Women's Tops,204,https://images2.productserve.com/?w=200&h=200&bg=white&trim=5&t=letterbox&url=ssl%3Awww.dv8fashion.com%2FImages%2FModels%2FFull%2F36476.jpg&feedId=102894&k=ef22823260b72b925ce67386348a0df175498fe8,USD,,12.95,https://www.dv8fashion.com/en/Veromoda-Saga-Top---Black/m-36476.aspx?PartnerID=4730&utm_source=awin&utm_medium=affiliate&utm_campaign=UnitedStatesUS,,,USD31.95,102894,DV8 Fashion,1,,https://www.dv8fashion.com/Images/Models/Full/36476-1.jpg,https://www.dv8fashion.com/Images/Models/Full/36476-2.jpg,,https://www.dv8fashion.com/Images/Models/Full/36476-3.jpg,Womens,Tops & T-Shirts
https://www.awin1.com/pclick.php?p=43820832896&a=2771700&m=116329,Veromoda Saga Top - Black - S,43820832896,268508AWUS,https://www.dv8fashion.com/Images/Models/Full/36476.jpg,"Basics are inevitable to find in almost every wardrobe out there. Our basic tops help bind an outfit together and this top makes no exception. Wear it with a shacket on top, a pair of relaxed mom-jeans, and chunky boots and you get a relaxed and cool everyday look      Product Type: Top     Neck: Boat neck     Sleeve: Sleeveless     Fit: Regular Fit Product Code: P-86065-10--",Sleeveless Tops,31.95,DV8 Fashion (USA),116329,Women's Tops,204,https://images2.productserve.com/?w=200&h=200&bg=white&trim=5&t=letterbox&url=ssl%3Awww.dv8fashion.com%2FImages%2FModels%2FFull%2F36476.jpg&feedId=102894&k=ef22823260b72b925ce67386348a0df175498fe8,USD,,12.95,https://www.dv8fashion.com/en/Veromoda-Saga-Top---Black/m-36476.aspx?PartnerID=4730&utm_source=awin&utm_medium=affiliate&utm_campaign=UnitedStatesUS,,,USD31.95,102894,DV8 Fashion,1,,https://www.dv8fashion.com/Images/Models/Full/36476-1.jpg,https://www.dv8fashion.com/Images/Models/Full/36476-2.jpg,,https://www.dv8fashion.com/Images/Models/Full/36476-3.jpg,Womens,Tops & T-Shirts
https://www.awin1.com/pclick.php?p=43820832897&a=2771700&m=116329,Veromoda Saga Top - Black - XL,43820832897,268509AWUS,https://www.dv8fashion.com/Images/Models/Full/36476.jpg,"Basics are inevitable to find in almost every wardrobe out there. Our basic tops help bind an outfit together and this top makes no exception. Wear it with a shacket on top, a pair of relaxed mom-jeans, and chunky boots and you get a relaxed and cool everyday look      Product Type: Top     Neck: Boat neck     Sleeve: Sleeveless     Fit: Regular Fit Product Code: P-86065-10--",Sleeveless Tops,31.95,DV8 Fashion (USA),116329,Women's Tops,204,https://images2.productserve.com/?w=200&h=200&bg=white&trim=5&t=letterbox&url=ssl%3Awww.dv8fashion.com%2FImages%2FModels%2FFull%2F36476.jpg&feedId=102894&k=ef22823260b72b925ce67386348a0df175498fe8,USD,,12.95,https://www.dv8fashion.com/en/Veromoda-Saga-Top---Black/m-36476.aspx?PartnerID=4730&utm_source=awin&utm_medium=affiliate&utm_campaign=UnitedStatesUS,,,USD31.95,102894,DV8 Fashion,1,,https://www.dv8fashion.com/Images/Models/Full/36476-1.jpg,https://www.dv8fashion.com/Images/Models/Full/36476-2.jpg,,https://www.dv8fashion.com/Images/Models/Full/36476-3.jpg,Womens,Tops & T-Shirts
https://www.awin1.com/pclick.php?p=43830292428&a=2771700&m=116329,Saint Genies One Shoulder Devore Top With Scarf - Pink - L,43830292428,268644AWUS,https://www.dv8fashion.com/Images/Models/Full/36490.jpg,Get new season ready with this one shoulder top by Saint Genies. This stunning piece is designed to make you stand out wherever you go       Colour:Pink Devore fabric   Product type: Top   Fit: Fitted   Comes with matching scarf         Product Code: P-86054-38--,Sleeveless Tops,47.95,DV8 Fashion (USA),116329,Women's Tops,204,https://images2.productserve.com/?w=200&h=200&bg=white&trim=5&t=letterbox&url=ssl%3Awww.dv8fashion.com%2FImages%2FModels%2FFull%2F36490.jpg&feedId=102894&k=cc800a7546918221e271193851c19258fcd5a256,USD,,12.95,https://www.dv8fashion.com/en/Saint-Genies-One-Shoulder-Devore-Top-With-Scarf---Pink/m-36490.aspx?PartnerID=4730&utm_source=awin&utm_medium=affiliate&utm_campaign=UnitedStatesUS,,,USD47.95,102894,DV8 Fashion,1,,https://www.dv8fashion.com/Images/Models/Full/36490-1.jpg,https://www.dv8fashion.com/Images/Models/Full/36490-2.jpg,,https://www.dv8fashion.com/Images/Models/Full/36490-3.jpg,Womens,Tops & T-Shirts
https://www.awin1.com/pclick.php?p=43830292429&a=2771700&m=116329,Saint Genies One Shoulder Devore Top With Scarf - Pink - M,43830292429,268645AWUS,https://www.dv8fashion.com/Images/Models/Full/36490.jpg,Get new season ready with this one shoulder top by Saint Genies. This stunning piece is designed to make you stand out wherever you go       Colour:Pink Devore fabric   Product type: Top   Fit: Fitted   Comes with matching scarf         Product Code: P-86054-38--,Sleeveless Tops,47.95,DV8 Fashion (USA),116329,Women's Tops,204,https://images2.productserve.com/?w=200&h=200&bg=white&trim=5&t=letterbox&url=ssl%3Awww.dv8fashion.com%2FImages%2FModels%2FFull%2F36490.jpg&feedId=102894&k=cc800a7546918221e271193851c19258fcd5a256,USD,,12.95,https://www.dv8fashion.com/en/Saint-Genies-One-Shoulder-Devore-Top-With-Scarf---Pink/m-36490.aspx?PartnerID=4730&utm_source=awin&utm_medium=affiliate&utm_campaign=UnitedStatesUS,,,USD47.95,102894,DV8 Fashion,1,,https://www.dv8fashion.com/Images/Models/Full/36490-1.jpg,https://www.dv8fashion.com/Images/Models/Full/36490-2.jpg,,https://www.dv8fashion.com/Images/Models/Full/36490-3.jpg,Womens,Tops & T-Shirts
https://www.awin1.com/pclick.php?p=43830292431&a=2771700&m=116329,Saint Genies One Shoulder Devore Top With Scarf - Pink - XL,43830292431,268647AWUS,https://www.dv8fashion.com/Images/Models/Full/36490.jpg,Get new season ready with this one shoulder top by Saint Genies. This stunning piece is designed to make you stand out wherever you go       Colour:Pink Devore fabric   Product type: Top   Fit: Fitted   Comes with matching scarf         Product Code: P-86054-38--,Sleeveless Tops,47.95,DV8 Fashion (USA),116329,Women's Tops,204,https://images2.productserve.com/?w=200&h=200&bg=white&trim=5&t=letterbox&url=ssl%3Awww.dv8fashion.com%2FImages%2FModels%2FFull%2F36490.jpg&feedId=102894&k=cc800a7546918221e271193851c19258fcd5a256,USD,,12.95,https://www.dv8fashion.com/en/Saint-Genies-One-Shoulder-Devore-Top-With-Scarf---Pink/m-36490.aspx?PartnerID=4730&utm_source=awin&utm_medium=affiliate&utm_campaign=UnitedStatesUS,,,USD47.95,102894,DV8 Fashion,1,,https://www.dv8fashion.com/Images/Models/Full/36490-1.jpg,https://www.dv8fashion.com/Images/Models/Full/36490-2.jpg,,https://www.dv8fashion.com/Images/Models/Full/36490-3.jpg,Womens,Tops & T-Shirts
https://www.awin1.com/pclick.php?p=43877505226&a=2771700&m=116329,Saint Genies Pattern High Halter Neck Top - XS,43877505226,268670AWUS,https://www.dv8fashion.com/Images/Models/Full/36492.jpg,Complete your new season wardrobe with this stunner of a top! Featuring a chic cowl draped high neckline and satin fabric...       Satin fabric   Draped high neck cowl neckline   Checked pattern fabric         Product Code: P-85969-38--,Sleeveless Tops,35.95,DV8 Fashion (USA),116329,Women's Tops,204,https://images2.productserve.com/?w=200&h=200&bg=white&trim=5&t=letterbox&url=ssl%3Awww.dv8fashion.com%2FImages%2FModels%2FFull%2F36492.jpg&feedId=102894&k=a3878692fd6294e475517753bc86c02190623bef,USD,,12.95,https://www.dv8fashion.com/en/Saint-Genies-Pattern-High-Halter-Neck-Top/m-36492.aspx?PartnerID=4730&utm_source=awin&utm_medium=affiliate&utm_campaign=UnitedStatesUS,,,USD35.95,102894,DV8 Fashion,1,,https://www.dv8fashion.com/Images/Models/Full/36492-1.jpg,https://www.dv8fashion.com/Images/Models/Full/36492-2.jpg,,https://www.dv8fashion.com/Images/Models/Full/36492-3.jpg,Womens,Tops & T-Shirts
https://www.awin1.com/pclick.php?p=43830292449&a=2771700&m=116329,Saint Genies Floral Printed Halter Top - Dark Brown - XL,43830292449,268691AWUS,https://www.dv8fashion.com/Images/Models/Full/36494.jpg,Complete your new season wardrobe with this stunner of a top! Featuring a chic cowl draped high neckline and satin fabric with a summer pattern print...      Satin fabric     Draped high neck cowl neckline and button fastening     Floral pattern print Product Code: P-86033-27--,Sleeveless Tops,35.95,DV8 Fashion (USA),116329,Women's Tops,204,https://images2.productserve.com/?w=200&h=200&bg=white&trim=5&t=letterbox&url=ssl%3Awww.dv8fashion.com%2FImages%2FModels%2FFull%2F36494.jpg&feedId=102894&k=243631c71fae605aaa42f53017267d1d74f73b2d,USD,,12.95,https://www.dv8fashion.com/en/Saint-Genies-Floral-Printed-Halter-Top---Dark-Brown/m-36494.aspx?PartnerID=4730&utm_source=awin&utm_medium=affiliate&utm_campaign=UnitedStatesUS,,,USD35.95,102894,DV8 Fashion,1,,https://www.dv8fashion.com/Images/Models/Full/36494-1.jpg,https://www.dv8fashion.com/Images/Models/Full/36494-2.jpg,,https://www.dv8fashion.com/Images/Models/Full/36494-3.jpg,Womens,Tops & T-Shirts
https://www.awin1.com/pclick.php?p=43839684241&a=2771700&m=116329,Saint Genies Cowl Neck Halter Top - White - S,43839684241,268751AWUS,https://www.dv8fashion.com/Images/Models/Full/36500.jpg,Complete your new season wardrobe with this stunner of a top! Featuring a chic cowl draped neckline and stretch satin fabric...      Stretch satin fabric     Draped cowl neckline Product Code: P-86036-11--,Sleeveless Tops,33.95,DV8 Fashion (USA),116329,Women's Tops,204,https://images2.productserve.com/?w=200&h=200&bg=white&trim=5&t=letterbox&url=ssl%3Awww.dv8fashion.com%2FImages%2FModels%2FFull%2F36500.jpg&feedId=102894&k=9430c4387e210d2bb0941458ff706e6887b751fc,USD,,12.95,https://www.dv8fashion.com/en/Saint-Genies-Cowl-Neck-Halter-Top---White/m-36500.aspx?PartnerID=4730&utm_source=awin&utm_medium=affiliate&utm_campaign=UnitedStatesUS,,,USD33.95,102894,DV8 Fashion,1,,https://www.dv8fashion.com/Images/Models/Full/36500-1.jpg,https://www.dv8fashion.com/Images/Models/Full/36500-2.jpg,,https://www.dv8fashion.com/Images/Models/Full/36500-3.jpg,Womens,Tops & T-Shirts
https://www.awin1.com/pclick.php?p=43839684240&a=2771700&m=116329,Saint Genies Cowl Neck Halter Top - White - M,43839684240,268750AWUS,https://www.dv8fashion.com/Images/Models/Full/36500.jpg,Complete your new season wardrobe with this stunner of a top! Featuring a chic cowl draped neckline and stretch satin fabric...      Stretch satin fabric     Draped cowl neckline Product Code: P-86036-11--,Sleeveless Tops,33.95,DV8 Fashion (USA),116329,Women's Tops,204,https://images2.productserve.com/?w=200&h=200&bg=white&trim=5&t=letterbox&url=ssl%3Awww.dv8fashion.com%2FImages%2FModels%2FFull%2F36500.jpg&feedId=102894&k=9430c4387e210d2bb0941458ff706e6887b751fc,USD,,12.95,https://www.dv8fashion.com/en/Saint-Genies-Cowl-Neck-Halter-Top---White/m-36500.aspx?PartnerID=4730&utm_source=awin&utm_medium=affiliate&utm_campaign=UnitedStatesUS,,,USD33.95,102894,DV8 Fashion,1,,https://www.dv8fashion.com/Images/Models/Full/36500-1.jpg,https://www.dv8fashion.com/Images/Models/Full/36500-2.jpg,,https://www.dv8fashion.com/Images/Models/Full/36500-3.jpg,Womens,Tops & T-Shirts
https://www.awin1.com/pclick.php?p=43839684252&a=2771700&m=116329,Saint Genies Faux Leather Halter Zip Top - Brown - XS,43839684252,268775AWUS,https://www.dv8fashion.com/Images/Models/Full/36502.jpg,New season Saint Genies has landed...       Product Type: Top   Neck: Halter neck strap   Fabric: Faux leather - PU   Sleeve: Sleeveless   Extra details: Zip front         Product Code: P-85968-27--,Sleeveless Tops,49.95,DV8 Fashion (USA),116329,Women's Tops,204,https://images2.productserve.com/?w=200&h=200&bg=white&trim=5&t=letterbox&url=ssl%3Awww.dv8fashion.com%2FImages%2FModels%2FFull%2F36502.jpg&feedId=102894&k=cb310762f62fb58ef3c3952c165c9d762173a705,USD,,12.95,https://www.dv8fashion.com/en/Saint-Genies-Faux-Leather-Halter-Zip-Top---Brown/m-36502.aspx?PartnerID=4730&utm_source=awin&utm_medium=affiliate&utm_campaign=UnitedStatesUS,,,USD49.95,102894,DV8 Fashion,1,,https://www.dv8fashion.com/Images/Models/Full/36502-1.jpg,https://www.dv8fashion.com/Images/Models/Full/36502-2.jpg,,https://www.dv8fashion.com/Images/Models/Full/36502-3.jpg,Womens,Tops & T-Shirts
https://www.awin1.com/pclick.php?p=43839684278&a=2771700&m=116329,Saint Genies Satin Sleeveless Top - Champagne - M,43839684278,268838AWUS,https://www.dv8fashion.com/Images/Models/Full/36508.jpg,Saint Genies women&apos;s satin top..      Sweetheart neckline     Champagne colour     Satin fabric     Adjustable straps     Zip fastening Product Code: P-86040-72--,Sleeveless Tops,47.95,DV8 Fashion (USA),116329,Women's Tops,204,https://images2.productserve.com/?w=200&h=200&bg=white&trim=5&t=letterbox&url=ssl%3Awww.dv8fashion.com%2FImages%2FModels%2FFull%2F36508.jpg&feedId=102894&k=c5118bf1e5ef4a927952e6265b073ca508366a2d,USD,,12.95,https://www.dv8fashion.com/en/Saint-Genies-Satin-Sleeveless-Top---Champagne/m-36508.aspx?PartnerID=4730&utm_source=awin&utm_medium=affiliate&utm_campaign=UnitedStatesUS,,,USD47.95,102894,DV8 Fashion,1,,https://www.dv8fashion.com/Images/Models/Full/36508-1.jpg,https://www.dv8fashion.com/Images/Models/Full/36508-2.jpg,,https://www.dv8fashion.com/Images/Models/Full/36508-3.jpg,Womens,Tops & T-Shirts
https://www.awin1.com/pclick.php?p=43839684277&a=2771700&m=116329,Saint Genies Satin Sleeveless Top - Champagne - L,43839684277,268837AWUS,https://www.dv8fashion.com/Images/Models/Full/36508.jpg,Saint Genies women&apos;s satin top..      Sweetheart neckline     Champagne colour     Satin fabric     Adjustable straps     Zip fastening Product Code: P-86040-72--,Sleeveless Tops,47.95,DV8 Fashion (USA),116329,Women's Tops,204,https://images2.productserve.com/?w=200&h=200&bg=white&trim=5&t=letterbox&url=ssl%3Awww.dv8fashion.com%2FImages%2FModels%2FFull%2F36508.jpg&feedId=102894&k=c5118bf1e5ef4a927952e6265b073ca508366a2d,USD,,12.95,https://www.dv8fashion.com/en/Saint-Genies-Satin-Sleeveless-Top---Champagne/m-36508.aspx?PartnerID=4730&utm_source=awin&utm_medium=affiliate&utm_campaign=UnitedStatesUS,,,USD47.95,102894,DV8 Fashion,1,,https://www.dv8fashion.com/Images/Models/Full/36508-1.jpg,https://www.dv8fashion.com/Images/Models/Full/36508-2.jpg,,https://www.dv8fashion.com/Images/Models/Full/36508-3.jpg,Womens,Tops & T-Shirts
https://www.awin1.com/pclick.php?p=43839684279&a=2771700&m=116329,Saint Genies Satin Sleeveless Top - Champagne - S,43839684279,268839AWUS,https://www.dv8fashion.com/Images/Models/Full/36508.jpg,Saint Genies women&apos;s satin top..      Sweetheart neckline     Champagne colour     Satin fabric     Adjustable straps     Zip fastening Product Code: P-86040-72--,Sleeveless Tops,47.95,DV8 Fashion (USA),116329,Women's Tops,204,https://images2.productserve.com/?w=200&h=200&bg=white&trim=5&t=letterbox&url=ssl%3Awww.dv8fashion.com%2FImages%2FModels%2FFull%2F36508.jpg&feedId=102894&k=c5118bf1e5ef4a927952e6265b073ca508366a2d,USD,,12.95,https://www.dv8fashion.com/en/Saint-Genies-Satin-Sleeveless-Top---Champagne/m-36508.aspx?PartnerID=4730&utm_source=awin&utm_medium=affiliate&utm_campaign=UnitedStatesUS,,,USD47.95,102894,DV8 Fashion,1,,https://www.dv8fashion.com/Images/Models/Full/36508-1.jpg,https://www.dv8fashion.com/Images/Models/Full/36508-2.jpg,,https://www.dv8fashion.com/Images/Models/Full/36508-3.jpg,Womens,Tops & T-Shirts
https://www.awin1.com/pclick.php?p=43839684310&a=2771700&m=116329,Saint Genies Sleeveless Ruched Front Top - White - L,43839684310,268915AWUS,https://www.dv8fashion.com/Images/Models/Full/36516.jpg,Complete your new season wardrobe with this top by Saint Genies...      White hue     Stretch comfortable fabric     Front ruched detailing in v neckline     Sleeveless Product Code: P-85965-11--,Sleeveless Tops,28.95,DV8 Fashion (USA),116329,Women's Tops,204,https://images2.productserve.com/?w=200&h=200&bg=white&trim=5&t=letterbox&url=ssl%3Awww.dv8fashion.com%2FImages%2FModels%2FFull%2F36516.jpg&feedId=102894&k=068620189d8be9bd0120282e76182836c7c9b90d,USD,,12.95,https://www.dv8fashion.com/en/Saint-Genies-Sleeveless-Ruched-Front-Top---White/m-36516.aspx?PartnerID=4730&utm_source=awin&utm_medium=affiliate&utm_campaign=UnitedStatesUS,,,USD28.95,102894,DV8 Fashion,1,,https://www.dv8fashion.com/Images/Models/Full/36516-1.jpg,https://www.dv8fashion.com/Images/Models/Full/36516-2.jpg,,https://www.dv8fashion.com/Images/Models/Full/36516-3.jpg,Womens,Tops & T-Shirts
https://www.awin1.com/pclick.php?p=43839684311&a=2771700&m=116329,Saint Genies Sleeveless Ruched Front Top - White - M,43839684311,268916AWUS,https://www.dv8fashion.com/Images/Models/Full/36516.jpg,Complete your new season wardrobe with this top by Saint Genies...      White hue     Stretch comfortable fabric     Front ruched detailing in v neckline     Sleeveless Product Code: P-85965-11--,Sleeveless Tops,28.95,DV8 Fashion (USA),116329,Women's Tops,204,https://images2.productserve.com/?w=200&h=200&bg=white&trim=5&t=letterbox&url=ssl%3Awww.dv8fashion.com%2FImages%2FModels%2FFull%2F36516.jpg&feedId=102894&k=068620189d8be9bd0120282e76182836c7c9b90d,USD,,12.95,https://www.dv8fashion.com/en/Saint-Genies-Sleeveless-Ruched-Front-Top---White/m-36516.aspx?PartnerID=4730&utm_source=awin&utm_medium=affiliate&utm_campaign=UnitedStatesUS,,,USD28.95,102894,DV8 Fashion,1,,https://www.dv8fashion.com/Images/Models/Full/36516-1.jpg,https://www.dv8fashion.com/Images/Models/Full/36516-2.jpg,,https://www.dv8fashion.com/Images/Models/Full/36516-3.jpg,Womens,Tops & T-Shirts
https://www.awin1.com/pclick.php?p=43839684312&a=2771700&m=116329,Saint Genies Sleeveless Ruched Front Top - White - XL,43839684312,268918AWUS,https://www.dv8fashion.com/Images/Models/Full/36516.jpg,Complete your new season wardrobe with this top by Saint Genies...      White hue     Stretch comfortable fabric     Front ruched detailing in v neckline     Sleeveless Product Code: P-85965-11--,Sleeveless Tops,28.95,DV8 Fashion (USA),116329,Women's Tops,204,https://images2.productserve.com/?w=200&h=200&bg=white&trim=5&t=letterbox&url=ssl%3Awww.dv8fashion.com%2FImages%2FModels%2FFull%2F36516.jpg&feedId=102894&k=068620189d8be9bd0120282e76182836c7c9b90d,USD,,12.95,https://www.dv8fashion.com/en/Saint-Genies-Sleeveless-Ruched-Front-Top---White/m-36516.aspx?PartnerID=4730&utm_source=awin&utm_medium=affiliate&utm_campaign=UnitedStatesUS,,,USD28.95,102894,DV8 Fashion,1,,https://www.dv8fashion.com/Images/Models/Full/36516-1.jpg,https://www.dv8fashion.com/Images/Models/Full/36516-2.jpg,,https://www.dv8fashion.com/Images/Models/Full/36516-3.jpg,Womens,Tops & T-Shirts
https://www.awin1.com/pclick.php?p=43839684317&a=2771700&m=116329,Saint Genies Lace Top With Ruffles - Pink - XL,43839684317,268929AWUS,https://www.dv8fashion.com/Images/Models/Full/36517.jpg,"Elevate your wardrobe with this stunning Black Lace Top with Ruffles, perfect for adding a touch of elegance and playfulness to any look      Neckline: V-Neck     Fabric: Lace     Details: Ruched, Ruffles     Length: Cropped     Sleeves: Spaghetti     Product type: Top Product Code: P-86035-38--",Sleeveless Tops,45.95,DV8 Fashion (USA),116329,Women's Tops,204,https://images2.productserve.com/?w=200&h=200&bg=white&trim=5&t=letterbox&url=ssl%3Awww.dv8fashion.com%2FImages%2FModels%2FFull%2F36517.jpg&feedId=102894&k=b3235680fa3b31355c4e5d1ee58a4c6735b1da18,USD,,12.95,https://www.dv8fashion.com/en/Saint-Genies-Lace-Top-With-Ruffles---Pink/m-36517.aspx?PartnerID=4730&utm_source=awin&utm_medium=affiliate&utm_campaign=UnitedStatesUS,,,USD45.95,102894,DV8 Fashion,1,,https://www.dv8fashion.com/Images/Models/Full/36517-1.jpg,https://www.dv8fashion.com/Images/Models/Full/36517-2.jpg,,https://www.dv8fashion.com/Images/Models/Full/36517-3.jpg,Womens,Tops & T-Shirts
https://www.awin1.com/pclick.php?p=43839684315&a=2771700&m=116329,Saint Genies Lace Top With Ruffles - Pink - M,43839684315,268927AWUS,https://www.dv8fashion.com/Images/Models/Full/36517.jpg,"Elevate your wardrobe with this stunning Black Lace Top with Ruffles, perfect for adding a touch of elegance and playfulness to any look      Neckline: V-Neck     Fabric: Lace     Details: Ruched, Ruffles     Length: Cropped     Sleeves: Spaghetti     Product type: Top Product Code: P-86035-38--",Sleeveless Tops,45.95,DV8 Fashion (USA),116329,Women's Tops,204,https://images2.productserve.com/?w=200&h=200&bg=white&trim=5&t=letterbox&url=ssl%3Awww.dv8fashion.com%2FImages%2FModels%2FFull%2F36517.jpg&feedId=102894&k=b3235680fa3b31355c4e5d1ee58a4c6735b1da18,USD,,12.95,https://www.dv8fashion.com/en/Saint-Genies-Lace-Top-With-Ruffles---Pink/m-36517.aspx?PartnerID=4730&utm_source=awin&utm_medium=affiliate&utm_campaign=UnitedStatesUS,,,USD45.95,102894,DV8 Fashion,1,,https://www.dv8fashion.com/Images/Models/Full/36517-1.jpg,https://www.dv8fashion.com/Images/Models/Full/36517-2.jpg,,https://www.dv8fashion.com/Images/Models/Full/36517-3.jpg,Womens,Tops & T-Shirts
https://www.awin1.com/pclick.php?p=43839684320&a=2771700&m=116329,Saint Genies Suede Halter Zip Top - Brown - M,43839684320,268938AWUS,https://www.dv8fashion.com/Images/Models/Full/36518.jpg,New season Saint Genies has landed...      Product Type: Top     Neck: Halter neck strap     Fabric: Suede     Sleeve: Sleeveless     Extra details: Zip front Product Code: P-85970-27--,Sleeveless Tops,45.95,DV8 Fashion (USA),116329,Women's Tops,204,https://images2.productserve.com/?w=200&h=200&bg=white&trim=5&t=letterbox&url=ssl%3Awww.dv8fashion.com%2FImages%2FModels%2FFull%2F36518.jpg&feedId=102894&k=edbef62792d3a590c871434a2bc0bb1c160a0ceb,USD,,12.95,https://www.dv8fashion.com/en/Saint-Genies-Suede-Halter-Zip-Top---Brown/m-36518.aspx?PartnerID=4730&utm_source=awin&utm_medium=affiliate&utm_campaign=UnitedStatesUS,,,USD45.95,102894,DV8 Fashion,1,,https://www.dv8fashion.com/Images/Models/Full/36518-1.jpg,https://www.dv8fashion.com/Images/Models/Full/36518-2.jpg,,https://www.dv8fashion.com/Images/Models/Full/36518-3.jpg,Womens,Tops & T-Shirts
https://www.awin1.com/pclick.php?p=43839684319&a=2771700&m=116329,Saint Genies Suede Halter Zip Top - Brown - L,43839684319,268937AWUS,https://www.dv8fashion.com/Images/Models/Full/36518.jpg,New season Saint Genies has landed...      Product Type: Top     Neck: Halter neck strap     Fabric: Suede     Sleeve: Sleeveless     Extra details: Zip front Product Code: P-85970-27--,Sleeveless Tops,45.95,DV8 Fashion (USA),116329,Women's Tops,204,https://images2.productserve.com/?w=200&h=200&bg=white&trim=5&t=letterbox&url=ssl%3Awww.dv8fashion.com%2FImages%2FModels%2FFull%2F36518.jpg&feedId=102894&k=edbef62792d3a590c871434a2bc0bb1c160a0ceb,USD,,12.95,https://www.dv8fashion.com/en/Saint-Genies-Suede-Halter-Zip-Top---Brown/m-36518.aspx?PartnerID=4730&utm_source=awin&utm_medium=affiliate&utm_campaign=UnitedStatesUS,,,USD45.95,102894,DV8 Fashion,1,,https://www.dv8fashion.com/Images/Models/Full/36518-1.jpg,https://www.dv8fashion.com/Images/Models/Full/36518-2.jpg,,https://www.dv8fashion.com/Images/Models/Full/36518-3.jpg,Womens,Tops & T-Shirts
https://www.awin1.com/pclick.php?p=43839684321&a=2771700&m=116329,Saint Genies Suede Halter Zip Top - Brown - S,43839684321,268939AWUS,https://www.dv8fashion.com/Images/Models/Full/36518.jpg,New season Saint Genies has landed...      Product Type: Top     Neck: Halter neck strap     Fabric: Suede     Sleeve: Sleeveless     Extra details: Zip front Product Code: P-85970-27--,Sleeveless Tops,45.95,DV8 Fashion (USA),116329,Women's Tops,204,https://images2.productserve.com/?w=200&h=200&bg=white&trim=5&t=letterbox&url=ssl%3Awww.dv8fashion.com%2FImages%2FModels%2FFull%2F36518.jpg&feedId=102894&k=edbef62792d3a590c871434a2bc0bb1c160a0ceb,USD,,12.95,https://www.dv8fashion.com/en/Saint-Genies-Suede-Halter-Zip-Top---Brown/m-36518.aspx?PartnerID=4730&utm_source=awin&utm_medium=affiliate&utm_campaign=UnitedStatesUS,,,USD45.95,102894,DV8 Fashion,1,,https://www.dv8fashion.com/Images/Models/Full/36518-1.jpg,https://www.dv8fashion.com/Images/Models/Full/36518-2.jpg,,https://www.dv8fashion.com/Images/Models/Full/36518-3.jpg,Womens,Tops & T-Shirts
https://www.awin1.com/pclick.php?p=43839684324&a=2771700&m=116329,Saint Genies Sleeveless Rib Top - Beige - L,43839684324,268948AWUS,https://www.dv8fashion.com/Images/Models/Full/36519.jpg,Update your wardrobe with Saint Genies...      Beige textured ribbed fabric     High neck with sleeveless     Make it a co-ord with matching trousers Product Code: P-86051-28--,Sleeveless Tops,33.95,DV8 Fashion (USA),116329,Women's Tops,204,https://images2.productserve.com/?w=200&h=200&bg=white&trim=5&t=letterbox&url=ssl%3Awww.dv8fashion.com%2FImages%2FModels%2FFull%2F36519.jpg&feedId=102894&k=065acf966d3872ba77f626b3be0d4a934b732e71,USD,,12.95,https://www.dv8fashion.com/en/Saint-Genies-Sleeveless-Rib-Top---Beige/m-36519.aspx?PartnerID=4730&utm_source=awin&utm_medium=affiliate&utm_campaign=UnitedStatesUS,,,USD33.95,102894,DV8 Fashion,1,,https://www.dv8fashion.com/Images/Models/Full/36519-1.jpg,https://www.dv8fashion.com/Images/Models/Full/36519-2.jpg,,https://www.dv8fashion.com/Images/Models/Full/36519-3.jpg,Womens,Tops & T-Shirts
https://www.awin1.com/pclick.php?p=43839684325&a=2771700&m=116329,Saint Genies Sleeveless Rib Top - Beige - M,43839684325,268949AWUS,https://www.dv8fashion.com/Images/Models/Full/36519.jpg,Update your wardrobe with Saint Genies...      Beige textured ribbed fabric     High neck with sleeveless     Make it a co-ord with matching trousers Product Code: P-86051-28--,Sleeveless Tops,33.95,DV8 Fashion (USA),116329,Women's Tops,204,https://images2.productserve.com/?w=200&h=200&bg=white&trim=5&t=letterbox&url=ssl%3Awww.dv8fashion.com%2FImages%2FModels%2FFull%2F36519.jpg&feedId=102894&k=065acf966d3872ba77f626b3be0d4a934b732e71,USD,,12.95,https://www.dv8fashion.com/en/Saint-Genies-Sleeveless-Rib-Top---Beige/m-36519.aspx?PartnerID=4730&utm_source=awin&utm_medium=affiliate&utm_campaign=UnitedStatesUS,,,USD33.95,102894,DV8 Fashion,1,,https://www.dv8fashion.com/Images/Models/Full/36519-1.jpg,https://www.dv8fashion.com/Images/Models/Full/36519-2.jpg,,https://www.dv8fashion.com/Images/Models/Full/36519-3.jpg,Womens,Tops & T-Shirts
https://www.awin1.com/pclick.php?p=43839684326&a=2771700&m=116329,Saint Genies Sleeveless Rib Top - Beige - S,43839684326,268950AWUS,https://www.dv8fashion.com/Images/Models/Full/36519.jpg,Update your wardrobe with Saint Genies...      Beige textured ribbed fabric     High neck with sleeveless     Make it a co-ord with matching trousers Product Code: P-86051-28--,Sleeveless Tops,33.95,DV8 Fashion (USA),116329,Women's Tops,204,https://images2.productserve.com/?w=200&h=200&bg=white&trim=5&t=letterbox&url=ssl%3Awww.dv8fashion.com%2FImages%2FModels%2FFull%2F36519.jpg&feedId=102894&k=065acf966d3872ba77f626b3be0d4a934b732e71,USD,,12.95,https://www.dv8fashion.com/en/Saint-Genies-Sleeveless-Rib-Top---Beige/m-36519.aspx?PartnerID=4730&utm_source=awin&utm_medium=affiliate&utm_campaign=UnitedStatesUS,,,USD33.95,102894,DV8 Fashion,1,,https://www.dv8fashion.com/Images/Models/Full/36519-1.jpg,https://www.dv8fashion.com/Images/Models/Full/36519-2.jpg,,https://www.dv8fashion.com/Images/Models/Full/36519-3.jpg,Womens,Tops & T-Shirts
https://www.awin1.com/pclick.php?p=43839684327&a=2771700&m=116329,Saint Genies Sleeveless Rib Top - Beige - XL,43839684327,268951AWUS,https://www.dv8fashion.com/Images/Models/Full/36519.jpg,Update your wardrobe with Saint Genies...      Beige textured ribbed fabric     High neck with sleeveless     Make it a co-ord with matching trousers Product Code: P-86051-28--,Sleeveless Tops,33.95,DV8 Fashion (USA),116329,Women's Tops,204,https://images2.productserve.com/?w=200&h=200&bg=white&trim=5&t=letterbox&url=ssl%3Awww.dv8fashion.com%2FImages%2FModels%2FFull%2F36519.jpg&feedId=102894&k=065acf966d3872ba77f626b3be0d4a934b732e71,USD,,12.95,https://www.dv8fashion.com/en/Saint-Genies-Sleeveless-Rib-Top---Beige/m-36519.aspx?PartnerID=4730&utm_source=awin&utm_medium=affiliate&utm_campaign=UnitedStatesUS,,,USD33.95,102894,DV8 Fashion,1,,https://www.dv8fashion.com/Images/Models/Full/36519-1.jpg,https://www.dv8fashion.com/Images/Models/Full/36519-2.jpg,,https://www.dv8fashion.com/Images/Models/Full/36519-3.jpg,Womens,Tops & T-Shirts
https://www.awin1.com/pclick.php?p=42395067283&a=2771700&m=116329,Pieces Silly Reversible Tie Vest Knit - Morel - XS,42395067283,256092AWUS,https://www.dv8fashion.com/Images/Models/Full/35337.jpg,Rib is a soft fabric with visible ribs on its front and back creating a stretchy fabric      Product Type: Gilets     Neck: Round Neck     Sleeve: Sleeveless     Fit: Regular Fit Product Code: P-83662-27--,Sleeveless Tops,43.95,DV8 Fashion (USA),116329,Women's Tops,204,https://images2.productserve.com/?w=200&h=200&bg=white&trim=5&t=letterbox&url=ssl%3Awww.dv8fashion.com%2FImages%2FModels%2FFull%2F35337.jpg&feedId=102894&k=d1304977eaf05bab94f0ee78c8d29acda65378f6,USD,,12.95,https://www.dv8fashion.com/en/Pieces-Silly-Reversible-Tie-Vest-Knit---Morel/m-35337.aspx?PartnerID=4730&utm_source=awin&utm_medium=affiliate&utm_campaign=UnitedStatesUS,,,USD43.95,102894,DV8 Fashion,1,,https://www.dv8fashion.com/Images/Models/Full/35337-1.jpg,https://www.dv8fashion.com/Images/Models/Full/35337-2.jpg,,https://www.dv8fashion.com/Images/Models/Full/35337-3.jpg,Womens,Tops & T-Shirts
https://www.awin1.com/pclick.php?p=43488617694&a=2771700&m=116329,Saint Genies Pinstripe Halter Zip Top - Chocolate Brown - XS,43488617694,266274AWUS,https://www.dv8fashion.com/Images/Models/Full/36274.jpg,New season Saint Genies has landed...      Product Type: Top     Neck: Halter neck strap     Pattern: Pinstripe     Sleeve: Sleeveless     Extra details: Zip front Product Code: P-85367-27--,Sleeveless Tops,44.95,DV8 Fashion (USA),116329,Women's Tops,204,https://images2.productserve.com/?w=200&h=200&bg=white&trim=5&t=letterbox&url=ssl%3Awww.dv8fashion.com%2FImages%2FModels%2FFull%2F36274.jpg&feedId=102894&k=8abd00691d19c539f8166401906fa40dd1fe4771,USD,,12.95,https://www.dv8fashion.com/en/Saint-Genies-Pinstripe-Halter-Zip-Top---Chocolate-Brown/m-36274.aspx?PartnerID=4730&utm_source=awin&utm_medium=affiliate&utm_campaign=UnitedStatesUS,,,USD44.95,102894,DV8 Fashion,1,,https://www.dv8fashion.com/Images/Models/Full/36274-1.jpg,https://www.dv8fashion.com/Images/Models/Full/36274-2.jpg,,https://www.dv8fashion.com/Images/Models/Full/36274-3.jpg,Womens,Tops & T-Shirts
https://www.awin1.com/pclick.php?p=43488617661&a=2771700&m=116329,Saint Genies Satin V Neck Top With Tie Detail - Cream - L,43488617661,266172AWUS,https://www.dv8fashion.com/Images/Models/Full/36266.jpg,This classic v neck white top is the perfect party piece      V neckline     Back strap     Silk feel fabric     Tie detailing Product Code: P-85329-26--,Sleeveless Tops,39.95,DV8 Fashion (USA),116329,Women's Tops,204,https://images2.productserve.com/?w=200&h=200&bg=white&trim=5&t=letterbox&url=ssl%3Awww.dv8fashion.com%2FImages%2FModels%2FFull%2F36266.jpg&feedId=102894&k=e82fc8e2d56ec6a68c8e26be2a4351c10b60fda3,USD,,12.95,https://www.dv8fashion.com/en/Saint-Genies-Satin-V-Neck-Top-With-Tie-Detail---Cream/m-36266.aspx?PartnerID=4730&utm_source=awin&utm_medium=affiliate&utm_campaign=UnitedStatesUS,,,USD39.95,102894,DV8 Fashion,1,,https://www.dv8fashion.com/Images/Models/Full/36266-1.jpg,https://www.dv8fashion.com/Images/Models/Full/36266-2.jpg,,https://www.dv8fashion.com/Images/Models/Full/36266-3.jpg,Womens,Tops & T-Shirts
https://www.awin1.com/pclick.php?p=43839684314&a=2771700&m=116329,Saint Genies Lace Top With Ruffles - Pink - L,43839684314,268926AWUS,https://www.dv8fashion.com/Images/Models/Full/36517.jpg,"Elevate your wardrobe with this stunning Black Lace Top with Ruffles, perfect for adding a touch of elegance and playfulness to any look      Neckline: V-Neck     Fabric: Lace     Details: Ruched, Ruffles     Length: Cropped     Sleeves: Spaghetti     Product type: Top Product Code: P-86035-38--",Sleeveless Tops,45.95,DV8 Fashion (USA),116329,Women's Tops,204,https://images2.productserve.com/?w=200&h=200&bg=white&trim=5&t=letterbox&url=ssl%3Awww.dv8fashion.com%2FImages%2FModels%2FFull%2F36517.jpg&feedId=102894&k=b3235680fa3b31355c4e5d1ee58a4c6735b1da18,USD,,12.95,https://www.dv8fashion.com/en/Saint-Genies-Lace-Top-With-Ruffles---Pink/m-36517.aspx?PartnerID=4730&utm_source=awin&utm_medium=affiliate&utm_campaign=UnitedStatesUS,,,USD45.95,102894,DV8 Fashion,1,,https://www.dv8fashion.com/Images/Models/Full/36517-1.jpg,https://www.dv8fashion.com/Images/Models/Full/36517-2.jpg,,https://www.dv8fashion.com/Images/Models/Full/36517-3.jpg,Womens,Tops & T-Shirts
https://www.awin1.com/pclick.php?p=43488617663&a=2771700&m=116329,Saint Genies Satin V Neck Top With Tie Detail - Cream - XL,43488617663,266175AWUS,https://www.dv8fashion.com/Images/Models/Full/36266.jpg,This classic v neck white top is the perfect party piece      V neckline     Back strap     Silk feel fabric     Tie detailing Product Code: P-85329-26--,Sleeveless Tops,39.95,DV8 Fashion (USA),116329,Women's Tops,204,https://images2.productserve.com/?w=200&h=200&bg=white&trim=5&t=letterbox&url=ssl%3Awww.dv8fashion.com%2FImages%2FModels%2FFull%2F36266.jpg&feedId=102894&k=e82fc8e2d56ec6a68c8e26be2a4351c10b60fda3,USD,,12.95,https://www.dv8fashion.com/en/Saint-Genies-Satin-V-Neck-Top-With-Tie-Detail---Cream/m-36266.aspx?PartnerID=4730&utm_source=awin&utm_medium=affiliate&utm_campaign=UnitedStatesUS,,,USD39.95,102894,DV8 Fashion,1,,https://www.dv8fashion.com/Images/Models/Full/36266-1.jpg,https://www.dv8fashion.com/Images/Models/Full/36266-2.jpg,,https://www.dv8fashion.com/Images/Models/Full/36266-3.jpg,Womens,Tops & T-Shirts
https://www.awin1.com/pclick.php?p=43839684328&a=2771700&m=116329,Saint Genies Sleeveless Rib Top - Beige - XS,43839684328,268952AWUS,https://www.dv8fashion.com/Images/Models/Full/36519.jpg,Update your wardrobe with Saint Genies...      Beige textured ribbed fabric     High neck with sleeveless     Make it a co-ord with matching trousers Product Code: P-86051-28--,Sleeveless Tops,33.95,DV8 Fashion (USA),116329,Women's Tops,204,https://images2.productserve.com/?w=200&h=200&bg=white&trim=5&t=letterbox&url=ssl%3Awww.dv8fashion.com%2FImages%2FModels%2FFull%2F36519.jpg&feedId=102894&k=065acf966d3872ba77f626b3be0d4a934b732e71,USD,,12.95,https://www.dv8fashion.com/en/Saint-Genies-Sleeveless-Rib-Top---Beige/m-36519.aspx?PartnerID=4730&utm_source=awin&utm_medium=affiliate&utm_campaign=UnitedStatesUS,,,USD33.95,102894,DV8 Fashion,1,,https://www.dv8fashion.com/Images/Models/Full/36519-1.jpg,https://www.dv8fashion.com/Images/Models/Full/36519-2.jpg,,https://www.dv8fashion.com/Images/Models/Full/36519-3.jpg,Womens,Tops & T-Shirts
https://www.awin1.com/pclick.php?p=43811662098&a=2771700&m=116329,Saint Genies Lace Corset Top - White - L,43811662098,268405AWUS,https://www.dv8fashion.com/Images/Models/Full/36467.jpg,Elevate your weekend style with our stunning lace corset by Saint Genies...      Lace fabric     Tie detailing     Back zip fastening     Bow on front     Adjustable straps Product Code: P-86037-11--,Sleeveless Tops,48.95,DV8 Fashion (USA),116329,Women's Tops,204,https://images2.productserve.com/?w=200&h=200&bg=white&trim=5&t=letterbox&url=ssl%3Awww.dv8fashion.com%2FImages%2FModels%2FFull%2F36467.jpg&feedId=102894&k=e475c6a3a84439ba83ae2c80ee2605ec518e304b,USD,,12.95,https://www.dv8fashion.com/en/Saint-Genies-Lace-Corset-Top---White/m-36467.aspx?PartnerID=4730&utm_source=awin&utm_medium=affiliate&utm_campaign=UnitedStatesUS,,,USD48.95,102894,DV8 Fashion,1,,https://www.dv8fashion.com/Images/Models/Full/36467-1.jpg,https://www.dv8fashion.com/Images/Models/Full/36467-2.jpg,,https://www.dv8fashion.com/Images/Models/Full/36467-3.jpg,Womens,Tops & T-Shirts
https://www.awin1.com/pclick.php?p=43961752217&a=2771700&m=116329,Saint Genies Floral Printed Halter Top - Cream - XL,43961752217,270058AWUS,https://www.dv8fashion.com/Images/Models/Full/36616.jpg,Complete your new season wardrobe with this stunner of a top! Featuring a chic cowl draped high neckline and satin fabric with a summer pattern print...      Satin fabric     Draped high neck cowl neckline and button fastening     Floral pattern print Product Code: P-86230-11--,Sleeveless Tops,35.95,DV8 Fashion (USA),116329,Women's Tops,204,https://images2.productserve.com/?w=200&h=200&bg=white&trim=5&t=letterbox&url=ssl%3Awww.dv8fashion.com%2FImages%2FModels%2FFull%2F36616.jpg&feedId=102894&k=0c7d2d80bf7f59ad3b7e5031b0813f5591edd389,USD,,12.95,https://www.dv8fashion.com/en/Saint-Genies-Floral-Printed-Halter-Top---Cream/m-36616.aspx?PartnerID=4730&utm_source=awin&utm_medium=affiliate&utm_campaign=UnitedStatesUS,,,USD35.95,102894,DV8 Fashion,1,,https://www.dv8fashion.com/Images/Models/Full/36616-1.jpg,https://www.dv8fashion.com/Images/Models/Full/36616-2.jpg,,https://www.dv8fashion.com/Images/Models/Full/36616-3.jpg,Womens,Tops & T-Shirts
https://www.awin1.com/pclick.php?p=43830292454&a=2771700&m=116329,Saint Genies Polka Dot Corset Top - Black - XL,43830292454,268702AWUS,https://www.dv8fashion.com/Images/Models/Full/36495.jpg,Complete your new season wardrobe with this stunner top by Saint Genies! Featuring polka dot pattern fabric in corset...      Polka dot pattern fabric     Lace trim     Corset style     Zip fastening Product Code: P-86038-10--,Sleeveless Tops,45.95,DV8 Fashion (USA),116329,Women's Tops,204,https://images2.productserve.com/?w=200&h=200&bg=white&trim=5&t=letterbox&url=ssl%3Awww.dv8fashion.com%2FImages%2FModels%2FFull%2F36495.jpg&feedId=102894&k=995a9a480bb043e84a131bd40214529e3d5e7f15,USD,,12.95,https://www.dv8fashion.com/en/Saint-Genies-Polka-Dot-Corset-Top---Black/m-36495.aspx?PartnerID=4730&utm_source=awin&utm_medium=affiliate&utm_campaign=UnitedStatesUS,,,USD45.95,102894,DV8 Fashion,1,,https://www.dv8fashion.com/Images/Models/Full/36495-1.jpg,https://www.dv8fashion.com/Images/Models/Full/36495-2.jpg,,https://www.dv8fashion.com/Images/Models/Full/36495-3.jpg,Womens,Tops & T-Shirts
https://www.awin1.com/pclick.php?p=43961752216&a=2771700&m=116329,Saint Genies Floral Printed Halter Top - Cream - S,43961752216,270057AWUS,https://www.dv8fashion.com/Images/Models/Full/36616.jpg,Complete your new season wardrobe with this stunner of a top! Featuring a chic cowl draped high neckline and satin fabric with a summer pattern print...      Satin fabric     Draped high neck cowl neckline and button fastening     Floral pattern print Product Code: P-86230-11--,Sleeveless Tops,35.95,DV8 Fashion (USA),116329,Women's Tops,204,https://images2.productserve.com/?w=200&h=200&bg=white&trim=5&t=letterbox&url=ssl%3Awww.dv8fashion.com%2FImages%2FModels%2FFull%2F36616.jpg&feedId=102894&k=0c7d2d80bf7f59ad3b7e5031b0813f5591edd389,USD,,12.95,https://www.dv8fashion.com/en/Saint-Genies-Floral-Printed-Halter-Top---Cream/m-36616.aspx?PartnerID=4730&utm_source=awin&utm_medium=affiliate&utm_campaign=UnitedStatesUS,,,USD35.95,102894,DV8 Fashion,1,,https://www.dv8fashion.com/Images/Models/Full/36616-1.jpg,https://www.dv8fashion.com/Images/Models/Full/36616-2.jpg,,https://www.dv8fashion.com/Images/Models/Full/36616-3.jpg,Womens,Tops & T-Shirts
https://www.awin1.com/pclick.php?p=43718253606&a=2771700&m=116329,Saint Genies Lurex Halter Neck Top - Pink - M,43718253606,267534AWUS,https://www.dv8fashion.com/Images/Models/Full/36392.jpg,Complete your new season wardrobe with this stunner of a top! Featuring a chic cowl draped neckline and stretch spun pink fabric...      Stretch pink fabric     Draped cowl neckline Product Code: P-85471-38--,Sleeveless Tops,34.95,DV8 Fashion (USA),116329,Women's Tops,204,https://images2.productserve.com/?w=200&h=200&bg=white&trim=5&t=letterbox&url=ssl%3Awww.dv8fashion.com%2FImages%2FModels%2FFull%2F36392.jpg&feedId=102894&k=05e04bcff9d480adbc06c899c2539e74509f463e,USD,,12.95,https://www.dv8fashion.com/en/Saint-Genies-Lurex-Halter-Neck-Top---Pink/m-36392.aspx?PartnerID=4730&utm_source=awin&utm_medium=affiliate&utm_campaign=UnitedStatesUS,,,USD34.95,102894,DV8 Fashion,1,,https://www.dv8fashion.com/Images/Models/Full/36392-1.jpg,https://www.dv8fashion.com/Images/Models/Full/36392-2.jpg,,https://www.dv8fashion.com/Images/Models/Full/36392-3.jpg,Womens,Tops & T-Shirts
https://www.awin1.com/pclick.php?p=43830292440&a=2771700&m=116329,Saint Genies Pattern High Halter Neck Top - S,43830292440,268668AWUS,https://www.dv8fashion.com/Images/Models/Full/36492.jpg,Complete your new season wardrobe with this stunner of a top! Featuring a chic cowl draped high neckline and satin fabric...       Satin fabric   Draped high neck cowl neckline   Checked pattern fabric         Product Code: P-85969-38--,Sleeveless Tops,35.95,DV8 Fashion (USA),116329,Women's Tops,204,https://images2.productserve.com/?w=200&h=200&bg=white&trim=5&t=letterbox&url=ssl%3Awww.dv8fashion.com%2FImages%2FModels%2FFull%2F36492.jpg&feedId=102894&k=a3878692fd6294e475517753bc86c02190623bef,USD,,12.95,https://www.dv8fashion.com/en/Saint-Genies-Pattern-High-Halter-Neck-Top/m-36492.aspx?PartnerID=4730&utm_source=awin&utm_medium=affiliate&utm_campaign=UnitedStatesUS,,,USD35.95,102894,DV8 Fashion,1,,https://www.dv8fashion.com/Images/Models/Full/36492-1.jpg,https://www.dv8fashion.com/Images/Models/Full/36492-2.jpg,,https://www.dv8fashion.com/Images/Models/Full/36492-3.jpg,Womens,Tops & T-Shirts
https://www.awin1.com/pclick.php?p=43971212184&a=2771700&m=116329,Saint Genies Bow Detail Top - Yellow - L,43971212184,270198AWUS,https://www.dv8fashion.com/Images/Models/Full/36629.jpg,Get new season ready with this bow detail top by Saint Genies. This stunning piece is designed to make you stand out wherever you go      Colour: Yellow     Details: Bow detail     Sleeves: Sleeveless     Product type: Top     Fit: Fitted     Fastening: Side Zip Product Code: P-86232-25--,Sleeveless Tops,46.95,DV8 Fashion (USA),116329,Women's Tops,204,https://images2.productserve.com/?w=200&h=200&bg=white&trim=5&t=letterbox&url=ssl%3Awww.dv8fashion.com%2FImages%2FModels%2FFull%2F36629.jpg&feedId=102894&k=e73c87898419ad8a5245e0e68c6028721801937d,USD,,12.95,https://www.dv8fashion.com/en/Saint-Genies-Bow-Detail-Top---Yellow/m-36629.aspx?PartnerID=4730&utm_source=awin&utm_medium=affiliate&utm_campaign=UnitedStatesUS,,,USD46.95,102894,DV8 Fashion,1,,https://www.dv8fashion.com/Images/Models/Full/36629-1.jpg,https://www.dv8fashion.com/Images/Models/Full/36629-2.jpg,,https://www.dv8fashion.com/Images/Models/Full/36629-3.jpg,Womens,Tops & T-Shirts
https://www.awin1.com/pclick.php?p=43971212193&a=2771700&m=116329,Saint Genies Halter Tie Polka Dot Top - Pink / White - L,43971212193,270220AWUS,https://www.dv8fashion.com/Images/Models/Full/36631.jpg,Did someone say new season? Get the new style with our halter top by Saint Genies      Slingy fabric     Halter neck with tie fastening     Polka dot fabric     Fitted style Product Code: P-86133-38--,Sleeveless Tops,35.95,DV8 Fashion (USA),116329,Women's Tops,204,https://images2.productserve.com/?w=200&h=200&bg=white&trim=5&t=letterbox&url=ssl%3Awww.dv8fashion.com%2FImages%2FModels%2FFull%2F36631.jpg&feedId=102894&k=ee397b73f9a52acc4a50aee0e537aa20f3b593bb,USD,,12.95,https://www.dv8fashion.com/en/Saint-Genies-Halter-Tie-Polka-Dot-Top---Pink--White/m-36631.aspx?PartnerID=4730&utm_source=awin&utm_medium=affiliate&utm_campaign=UnitedStatesUS,,,USD35.95,102894,DV8 Fashion,1,,https://www.dv8fashion.com/Images/Models/Full/36631-1.jpg,https://www.dv8fashion.com/Images/Models/Full/36631-2.jpg,,https://www.dv8fashion.com/Images/Models/Full/36631-3.jpg,Womens,Tops & T-Shirts
https://www.awin1.com/pclick.php?p=43971212194&a=2771700&m=116329,Saint Genies Halter Tie Polka Dot Top - Pink / White - M,43971212194,270221AWUS,https://www.dv8fashion.com/Images/Models/Full/36631.jpg,Did someone say new season? Get the new style with our halter top by Saint Genies      Slingy fabric     Halter neck with tie fastening     Polka dot fabric     Fitted style Product Code: P-86133-38--,Sleeveless Tops,35.95,DV8 Fashion (USA),116329,Women's Tops,204,https://images2.productserve.com/?w=200&h=200&bg=white&trim=5&t=letterbox&url=ssl%3Awww.dv8fashion.com%2FImages%2FModels%2FFull%2F36631.jpg&feedId=102894&k=ee397b73f9a52acc4a50aee0e537aa20f3b593bb,USD,,12.95,https://www.dv8fashion.com/en/Saint-Genies-Halter-Tie-Polka-Dot-Top---Pink--White/m-36631.aspx?PartnerID=4730&utm_source=awin&utm_medium=affiliate&utm_campaign=UnitedStatesUS,,,USD35.95,102894,DV8 Fashion,1,,https://www.dv8fashion.com/Images/Models/Full/36631-1.jpg,https://www.dv8fashion.com/Images/Models/Full/36631-2.jpg,,https://www.dv8fashion.com/Images/Models/Full/36631-3.jpg,Womens,Tops & T-Shirts
https://www.awin1.com/pclick.php?p=43971212195&a=2771700&m=116329,Saint Genies Halter Tie Polka Dot Top - Pink / White - S,43971212195,270222AWUS,https://www.dv8fashion.com/Images/Models/Full/36631.jpg,Did someone say new season? Get the new style with our halter top by Saint Genies      Slingy fabric     Halter neck with tie fastening     Polka dot fabric     Fitted style Product Code: P-86133-38--,Sleeveless Tops,35.95,DV8 Fashion (USA),116329,Women's Tops,204,https://images2.productserve.com/?w=200&h=200&bg=white&trim=5&t=letterbox&url=ssl%3Awww.dv8fashion.com%2FImages%2FModels%2FFull%2F36631.jpg&feedId=102894&k=ee397b73f9a52acc4a50aee0e537aa20f3b593bb,USD,,12.95,https://www.dv8fashion.com/en/Saint-Genies-Halter-Tie-Polka-Dot-Top---Pink--White/m-36631.aspx?PartnerID=4730&utm_source=awin&utm_medium=affiliate&utm_campaign=UnitedStatesUS,,,USD35.95,102894,DV8 Fashion,1,,https://www.dv8fashion.com/Images/Models/Full/36631-1.jpg,https://www.dv8fashion.com/Images/Models/Full/36631-2.jpg,,https://www.dv8fashion.com/Images/Models/Full/36631-3.jpg,Womens,Tops & T-Shirts
https://www.awin1.com/pclick.php?p=43971212196&a=2771700&m=116329,Saint Genies Halter Tie Polka Dot Top - Pink / White - XL,43971212196,270223AWUS,https://www.dv8fashion.com/Images/Models/Full/36631.jpg,Did someone say new season? Get the new style with our halter top by Saint Genies      Slingy fabric     Halter neck with tie fastening     Polka dot fabric     Fitted style Product Code: P-86133-38--,Sleeveless Tops,35.95,DV8 Fashion (USA),116329,Women's Tops,204,https://images2.productserve.com/?w=200&h=200&bg=white&trim=5&t=letterbox&url=ssl%3Awww.dv8fashion.com%2FImages%2FModels%2FFull%2F36631.jpg&feedId=102894&k=ee397b73f9a52acc4a50aee0e537aa20f3b593bb,USD,,12.95,https://www.dv8fashion.com/en/Saint-Genies-Halter-Tie-Polka-Dot-Top---Pink--White/m-36631.aspx?PartnerID=4730&utm_source=awin&utm_medium=affiliate&utm_campaign=UnitedStatesUS,,,USD35.95,102894,DV8 Fashion,1,,https://www.dv8fashion.com/Images/Models/Full/36631-1.jpg,https://www.dv8fashion.com/Images/Models/Full/36631-2.jpg,,https://www.dv8fashion.com/Images/Models/Full/36631-3.jpg,Womens,Tops & T-Shirts
https://www.awin1.com/pclick.php?p=43971212213&a=2771700&m=116329,Saint Genies Polka Dot Lace Top - Black - S,43971212213,270266AWUS,https://www.dv8fashion.com/Images/Models/Full/36635.jpg,Product Type: Top     Neck: V neck     Sleeve: Sleeveless     Extra details: Polka dot pattern     Lace trim Product Code: P-85635-10--,Sleeveless Tops,45.95,DV8 Fashion (USA),116329,Women's Tops,204,https://images2.productserve.com/?w=200&h=200&bg=white&trim=5&t=letterbox&url=ssl%3Awww.dv8fashion.com%2FImages%2FModels%2FFull%2F36635.jpg&feedId=102894&k=5f9a6ccce0bbdd9ff49acd7056172b5718a684c5,USD,,12.95,https://www.dv8fashion.com/en/Saint-Genies-Polka-Dot-Lace-Top---Black/m-36635.aspx?PartnerID=4730&utm_source=awin&utm_medium=affiliate&utm_campaign=UnitedStatesUS,,,USD45.95,102894,DV8 Fashion,1,,https://www.dv8fashion.com/Images/Models/Full/36635-1.jpg,https://www.dv8fashion.com/Images/Models/Full/36635-2.jpg,,https://www.dv8fashion.com/Images/Models/Full/36635-3.jpg,Womens,Tops & T-Shirts
https://www.awin1.com/pclick.php?p=43971212225&a=2771700&m=116329,Brave Soul Sleeveless Knit Waistcoat - Navy - L,43971212225,270297AWUS,https://www.dv8fashion.com/Images/Models/Full/36638.jpg,"That extra layer that effortlessly uplifts your look. This jumper is the perfect piece, ideal for layering or to stand out on its own      Product Type: Jumper     Neck: Crew Neck     Sleeve: Sleeveless     Fastening: Button Product Code: P-86327-12--",Sleeveless Tops,35.95,DV8 Fashion (USA),116329,Women's Tops,204,https://images2.productserve.com/?w=200&h=200&bg=white&trim=5&t=letterbox&url=ssl%3Awww.dv8fashion.com%2FImages%2FModels%2FFull%2F36638.jpg&feedId=102894&k=c44919115838646791e1ac3bdec91bc99885bac3,USD,,12.95,https://www.dv8fashion.com/en/Brave-Soul-Sleeveless-Knit-Waistcoat---Navy/m-36638.aspx?PartnerID=4730&utm_source=awin&utm_medium=affiliate&utm_campaign=UnitedStatesUS,,,USD35.95,102894,DV8 Fashion,1,,https://www.dv8fashion.com/Images/Models/Full/36638-1.jpg,https://www.dv8fashion.com/Images/Models/Full/36638-2.jpg,,https://www.dv8fashion.com/Images/Models/Full/36638-3.jpg,Womens,Tops & T-Shirts
https://www.awin1.com/pclick.php?p=43971212226&a=2771700&m=116329,Brave Soul Sleeveless Knit Waistcoat - Navy - M,43971212226,270298AWUS,https://www.dv8fashion.com/Images/Models/Full/36638.jpg,"That extra layer that effortlessly uplifts your look. This jumper is the perfect piece, ideal for layering or to stand out on its own      Product Type: Jumper     Neck: Crew Neck     Sleeve: Sleeveless     Fastening: Button Product Code: P-86327-12--",Sleeveless Tops,35.95,DV8 Fashion (USA),116329,Women's Tops,204,https://images2.productserve.com/?w=200&h=200&bg=white&trim=5&t=letterbox&url=ssl%3Awww.dv8fashion.com%2FImages%2FModels%2FFull%2F36638.jpg&feedId=102894&k=c44919115838646791e1ac3bdec91bc99885bac3,USD,,12.95,https://www.dv8fashion.com/en/Brave-Soul-Sleeveless-Knit-Waistcoat---Navy/m-36638.aspx?PartnerID=4730&utm_source=awin&utm_medium=affiliate&utm_campaign=UnitedStatesUS,,,USD35.95,102894,DV8 Fashion,1,,https://www.dv8fashion.com/Images/Models/Full/36638-1.jpg,https://www.dv8fashion.com/Images/Models/Full/36638-2.jpg,,https://www.dv8fashion.com/Images/Models/Full/36638-3.jpg,Womens,Tops & T-Shirts
https://www.awin1.com/pclick.php?p=43971212227&a=2771700&m=116329,Brave Soul Sleeveless Knit Waistcoat - Navy - S,43971212227,270299AWUS,https://www.dv8fashion.com/Images/Models/Full/36638.jpg,"That extra layer that effortlessly uplifts your look. This jumper is the perfect piece, ideal for layering or to stand out on its own      Product Type: Jumper     Neck: Crew Neck     Sleeve: Sleeveless     Fastening: Button Product Code: P-86327-12--",Sleeveless Tops,35.95,DV8 Fashion (USA),116329,Women's Tops,204,https://images2.productserve.com/?w=200&h=200&bg=white&trim=5&t=letterbox&url=ssl%3Awww.dv8fashion.com%2FImages%2FModels%2FFull%2F36638.jpg&feedId=102894&k=c44919115838646791e1ac3bdec91bc99885bac3,USD,,12.95,https://www.dv8fashion.com/en/Brave-Soul-Sleeveless-Knit-Waistcoat---Navy/m-36638.aspx?PartnerID=4730&utm_source=awin&utm_medium=affiliate&utm_campaign=UnitedStatesUS,,,USD35.95,102894,DV8 Fashion,1,,https://www.dv8fashion.com/Images/Models/Full/36638-1.jpg,https://www.dv8fashion.com/Images/Models/Full/36638-2.jpg,,https://www.dv8fashion.com/Images/Models/Full/36638-3.jpg,Womens,Tops & T-Shirts
https://www.awin1.com/pclick.php?p=43971212228&a=2771700&m=116329,Brave Soul Sleeveless Knit Waistcoat - Navy - XS,43971212228,270301AWUS,https://www.dv8fashion.com/Images/Models/Full/36638.jpg,"That extra layer that effortlessly uplifts your look. This jumper is the perfect piece, ideal for layering or to stand out on its own      Product Type: Jumper     Neck: Crew Neck     Sleeve: Sleeveless     Fastening: Button Product Code: P-86327-12--",Sleeveless Tops,35.95,DV8 Fashion (USA),116329,Women's Tops,204,https://images2.productserve.com/?w=200&h=200&bg=white&trim=5&t=letterbox&url=ssl%3Awww.dv8fashion.com%2FImages%2FModels%2FFull%2F36638.jpg&feedId=102894&k=c44919115838646791e1ac3bdec91bc99885bac3,USD,,12.95,https://www.dv8fashion.com/en/Brave-Soul-Sleeveless-Knit-Waistcoat---Navy/m-36638.aspx?PartnerID=4730&utm_source=awin&utm_medium=affiliate&utm_campaign=UnitedStatesUS,,,USD35.95,102894,DV8 Fashion,1,,https://www.dv8fashion.com/Images/Models/Full/36638-1.jpg,https://www.dv8fashion.com/Images/Models/Full/36638-2.jpg,,https://www.dv8fashion.com/Images/Models/Full/36638-3.jpg,Womens,Tops & T-Shirts
https://www.awin1.com/pclick.php?p=43971212241&a=2771700&m=116329,Saint Genies Sleeveless Ruched Front Top - Pink - XL,43971212241,270333AWUS,https://www.dv8fashion.com/Images/Models/Full/36641.jpg,Complete your new season wardrobe with this top by Saint Genies...      Pink hue     Stretch comfortable fabric     Front ruched detailing in v neckline     Sleeveless Product Code: P-86233-38--,Sleeveless Tops,28.95,DV8 Fashion (USA),116329,Women's Tops,204,https://images2.productserve.com/?w=200&h=200&bg=white&trim=5&t=letterbox&url=ssl%3Awww.dv8fashion.com%2FImages%2FModels%2FFull%2F36641.jpg&feedId=102894&k=c22bd675fa8489f993b107223cd3e82a504b3122,USD,,12.95,https://www.dv8fashion.com/en/Saint-Genies-Sleeveless-Ruched-Front-Top---Pink/m-36641.aspx?PartnerID=4730&utm_source=awin&utm_medium=affiliate&utm_campaign=UnitedStatesUS,,,USD28.95,102894,DV8 Fashion,1,,https://www.dv8fashion.com/Images/Models/Full/36641-1.jpg,https://www.dv8fashion.com/Images/Models/Full/36641-2.jpg,,https://www.dv8fashion.com/Images/Models/Full/36641-3.jpg,Womens,Tops & T-Shirts
https://www.awin1.com/pclick.php?p=43971212285&a=2771700&m=116329,Saint Genies Ruched Halter Neck Top - White - M,43971212285,270441AWUS,https://www.dv8fashion.com/Images/Models/Full/36651.jpg,Did someone say new season? Get the fresh style with our halter top by Saint Genies...      Ruched slinky fabric     Halter neck with tie fastening     Fitted style Product Code: P-86231-11--,Sleeveless Tops,35.95,DV8 Fashion (USA),116329,Women's Tops,204,https://images2.productserve.com/?w=200&h=200&bg=white&trim=5&t=letterbox&url=ssl%3Awww.dv8fashion.com%2FImages%2FModels%2FFull%2F36651.jpg&feedId=102894&k=3f9d10742758af20c34950331913078a01b0544a,USD,,12.95,https://www.dv8fashion.com/en/Saint-Genies-Ruched-Halter-Neck-Top---White/m-36651.aspx?PartnerID=4730&utm_source=awin&utm_medium=affiliate&utm_campaign=UnitedStatesUS,,,USD35.95,102894,DV8 Fashion,1,,https://www.dv8fashion.com/Images/Models/Full/36651-1.jpg,https://www.dv8fashion.com/Images/Models/Full/36651-2.jpg,,https://www.dv8fashion.com/Images/Models/Full/36651-3.jpg,Womens,Tops & T-Shirts
https://www.awin1.com/pclick.php?p=43839684280&a=2771700&m=116329,Saint Genies Satin Sleeveless Top - Champagne - XL,43839684280,268840AWUS,https://www.dv8fashion.com/Images/Models/Full/36508.jpg,Saint Genies women&apos;s satin top..      Sweetheart neckline     Champagne colour     Satin fabric     Adjustable straps     Zip fastening Product Code: P-86040-72--,Sleeveless Tops,47.95,DV8 Fashion (USA),116329,Women's Tops,204,https://images2.productserve.com/?w=200&h=200&bg=white&trim=5&t=letterbox&url=ssl%3Awww.dv8fashion.com%2FImages%2FModels%2FFull%2F36508.jpg&feedId=102894&k=c5118bf1e5ef4a927952e6265b073ca508366a2d,USD,,12.95,https://www.dv8fashion.com/en/Saint-Genies-Satin-Sleeveless-Top---Champagne/m-36508.aspx?PartnerID=4730&utm_source=awin&utm_medium=affiliate&utm_campaign=UnitedStatesUS,,,USD47.95,102894,DV8 Fashion,1,,https://www.dv8fashion.com/Images/Models/Full/36508-1.jpg,https://www.dv8fashion.com/Images/Models/Full/36508-2.jpg,,https://www.dv8fashion.com/Images/Models/Full/36508-3.jpg,Womens,Tops & T-Shirts
https://www.awin1.com/pclick.php?p=43718253588&a=2771700&m=116329,Saint Genies Satin High Halter Neck Top - Blue - L,43718253588,267489AWUS,https://www.dv8fashion.com/Images/Models/Full/36388.jpg,Complete your new season wardrobe with this stunner of a top! Featuring a chic cowl draped high neckline and satin fabric...      Satin fabric     Draped high neck cowl neckline Product Code: P-85625-61--,Sleeveless Tops,34.95,DV8 Fashion (USA),116329,Women's Tops,204,https://images2.productserve.com/?w=200&h=200&bg=white&trim=5&t=letterbox&url=ssl%3Awww.dv8fashion.com%2FImages%2FModels%2FFull%2F36388.jpg&feedId=102894&k=4172085b0ec0b261b3828f5a788ec6d0749f243f,USD,,12.95,https://www.dv8fashion.com/en/Saint-Genies-Satin-High-Halter-Neck-Top---Blue/m-36388.aspx?PartnerID=4730&utm_source=awin&utm_medium=affiliate&utm_campaign=UnitedStatesUS,,,USD34.95,102894,DV8 Fashion,1,,https://www.dv8fashion.com/Images/Models/Full/36388-1.jpg,https://www.dv8fashion.com/Images/Models/Full/36388-2.jpg,,https://www.dv8fashion.com/Images/Models/Full/36388-3.jpg,Womens,Tops & T-Shirts
https://www.awin1.com/pclick.php?p=43839684316&a=2771700&m=116329,Saint Genies Lace Top With Ruffles - Pink - S,43839684316,268928AWUS,https://www.dv8fashion.com/Images/Models/Full/36517.jpg,"Elevate your wardrobe with this stunning Black Lace Top with Ruffles, perfect for adding a touch of elegance and playfulness to any look      Neckline: V-Neck     Fabric: Lace     Details: Ruched, Ruffles     Length: Cropped     Sleeves: Spaghetti     Product type: Top Product Code: P-86035-38--",Sleeveless Tops,45.95,DV8 Fashion (USA),116329,Women's Tops,204,https://images2.productserve.com/?w=200&h=200&bg=white&trim=5&t=letterbox&url=ssl%3Awww.dv8fashion.com%2FImages%2FModels%2FFull%2F36517.jpg&feedId=102894&k=b3235680fa3b31355c4e5d1ee58a4c6735b1da18,USD,,12.95,https://www.dv8fashion.com/en/Saint-Genies-Lace-Top-With-Ruffles---Pink/m-36517.aspx?PartnerID=4730&utm_source=awin&utm_medium=affiliate&utm_campaign=UnitedStatesUS,,,USD45.95,102894,DV8 Fashion,1,,https://www.dv8fashion.com/Images/Models/Full/36517-1.jpg,https://www.dv8fashion.com/Images/Models/Full/36517-2.jpg,,https://www.dv8fashion.com/Images/Models/Full/36517-3.jpg,Womens,Tops & T-Shirts
https://www.awin1.com/pclick.php?p=43830292446&a=2771700&m=116329,Saint Genies Floral Printed Halter Top - Dark Brown - L,43830292446,268688AWUS,https://www.dv8fashion.com/Images/Models/Full/36494.jpg,Complete your new season wardrobe with this stunner of a top! Featuring a chic cowl draped high neckline and satin fabric with a summer pattern print...      Satin fabric     Draped high neck cowl neckline and button fastening     Floral pattern print Product Code: P-86033-27--,Sleeveless Tops,35.95,DV8 Fashion (USA),116329,Women's Tops,204,https://images2.productserve.com/?w=200&h=200&bg=white&trim=5&t=letterbox&url=ssl%3Awww.dv8fashion.com%2FImages%2FModels%2FFull%2F36494.jpg&feedId=102894&k=243631c71fae605aaa42f53017267d1d74f73b2d,USD,,12.95,https://www.dv8fashion.com/en/Saint-Genies-Floral-Printed-Halter-Top---Dark-Brown/m-36494.aspx?PartnerID=4730&utm_source=awin&utm_medium=affiliate&utm_campaign=UnitedStatesUS,,,USD35.95,102894,DV8 Fashion,1,,https://www.dv8fashion.com/Images/Models/Full/36494-1.jpg,https://www.dv8fashion.com/Images/Models/Full/36494-2.jpg,,https://www.dv8fashion.com/Images/Models/Full/36494-3.jpg,Womens,Tops & T-Shirts
https://www.awin1.com/pclick.php?p=44024125051&a=2771700&m=116329,Saint Genies Halterneck Lace Trim Top - Beige - XL,44024125051,271093AWUS,https://www.dv8fashion.com/Images/Models/Full/36713.jpg,Complete your new season wardrobe with this stunner of a top! Featuring a high neckline and satin fabric with lace trim...      Satin fabric     High neckline and button fastening     Sleeveless style with lace trim Product Code: P-85629-28--,Sleeveless Tops,38.95,DV8 Fashion (USA),116329,Women's Tops,204,https://images2.productserve.com/?w=200&h=200&bg=white&trim=5&t=letterbox&url=ssl%3Awww.dv8fashion.com%2FImages%2FModels%2FFull%2F36713.jpg&feedId=102894&k=00af2dd8e23967ca351ddb37db1f3b443711fe1a,USD,,12.95,https://www.dv8fashion.com/en/Saint-Genies-Halterneck-Lace-Trim-Top---Beige/m-36713.aspx?PartnerID=4730&utm_source=awin&utm_medium=affiliate&utm_campaign=UnitedStatesUS,,,USD38.95,102894,DV8 Fashion,1,,https://www.dv8fashion.com/Images/Models/Full/36713-1.jpg,https://www.dv8fashion.com/Images/Models/Full/36713-2.jpg,,https://www.dv8fashion.com/Images/Models/Full/36713-3.jpg,Womens,Tops & T-Shirts
https://www.awin1.com/pclick.php?p=41493312555&a=2771700&m=116329,Only Vicky Lace Seamless Cropped Top - Black - XS,41493312555,126246AWUS,https://www.dv8fashion.com/Images/Models/Full/22566.jpg,"No wardrobe is complete without soft, timeless, basic styles, perfect for any occasion and season      Product Type: Vest top     Straps: Thin straps, Elasticated straps     Length/Size: Cropped     Extra details: Lace detail Product Code: P-53494-10--",Sleeveless Tops,22.95,DV8 Fashion (USA),116329,Women's Tops,204,https://images2.productserve.com/?w=200&h=200&bg=white&trim=5&t=letterbox&url=ssl%3Awww.dv8fashion.com%2FImages%2FModels%2FFull%2F22566.jpg&feedId=102894&k=b123514d204bb1a218f364161c960b34e0933cd8,USD,,12.95,https://www.dv8fashion.com/en/Only-Vicky-Lace-Seamless-Cropped-Top---Black/m-22566.aspx?PartnerID=4730&utm_source=awin&utm_medium=affiliate&utm_campaign=UnitedStatesUS,,,USD22.95,102894,DV8 Fashion,1,,https://www.dv8fashion.com/Images/Models/Full/22566-1.jpg,https://www.dv8fashion.com/Images/Models/Full/22566-2.jpg,,https://www.dv8fashion.com/Images/Models/Full/22566-3.jpg,Womens,Tops & T-Shirts
https://www.awin1.com/pclick.php?p=44024125917&a=2771700&m=116329,Saint Genies Tie Front Sleeveless Top - Chocolate Brown - XS,44024125917,251415AWUS,https://www.dv8fashion.com/Images/Models/Full/34914.jpg,Stay on trend in the new season with Saint Genies collection!      Chocolate brown hue     Frill hem detail     Tie front fastening     Cropped length Product Code: P-83065-27--,Sleeveless Tops,39.95,DV8 Fashion (USA),116329,Women's Tops,204,https://images2.productserve.com/?w=200&h=200&bg=white&trim=5&t=letterbox&url=ssl%3Awww.dv8fashion.com%2FImages%2FModels%2FFull%2F34914.jpg&feedId=102894&k=c3ce32ab84d61bd992a773e0c34b5f5dbdd67a6a,USD,,12.95,https://www.dv8fashion.com/en/Saint-Genies-Tie-Front-Sleeveless-Top---Chocolate-Brown/m-34914.aspx?PartnerID=4730&utm_source=awin&utm_medium=affiliate&utm_campaign=UnitedStatesUS,,,USD39.95,102894,DV8 Fashion,1,,https://www.dv8fashion.com/Images/Models/Full/34914-1.jpg,https://www.dv8fashion.com/Images/Models/Full/34914-2.jpg,,https://www.dv8fashion.com/Images/Models/Full/34914-3.jpg,Womens,Tops & T-Shirts
https://www.awin1.com/pclick.php?p=43018458062&a=2771700&m=116329,Saint Genies Bow Detail Top - Black - M,43018458062,261011AWUS,https://www.dv8fashion.com/Images/Models/Full/35763.jpg,Get new season ready with this bow detail top by Saint Genies. This stunning piece is designed to make you stand out wherever you go      Colour: Black     Details: Bow detail     Sleeves: Sleeveless     Product type: Top     Fit: Fitted     Fastening: Side Zip Product Code: P-84719-10--,Sleeveless Tops,46.95,DV8 Fashion (USA),116329,Women's Tops,204,https://images2.productserve.com/?w=200&h=200&bg=white&trim=5&t=letterbox&url=ssl%3Awww.dv8fashion.com%2FImages%2FModels%2FFull%2F35763.jpg&feedId=102894&k=27fe867a2ec4cb5e21af264f41c1c414cd48fad7,USD,,12.95,https://www.dv8fashion.com/en/Saint-Genies-Bow-Detail-Top---Black/m-35763.aspx?PartnerID=4730&utm_source=awin&utm_medium=affiliate&utm_campaign=UnitedStatesUS,,,USD46.95,102894,DV8 Fashion,1,,https://www.dv8fashion.com/Images/Models/Full/35763-1.jpg,https://www.dv8fashion.com/Images/Models/Full/35763-2.jpg,,https://www.dv8fashion.com/Images/Models/Full/35763-3.jpg,Womens,Tops & T-Shirts
https://www.awin1.com/pclick.php?p=43420667589&a=2771700&m=116329,Saint Genies Button Waistcoat - Plum - L,43420667589,264955AWUS,https://www.dv8fashion.com/Images/Models/Full/36160.jpg,Saint Genies women&apos;s waistcoat...      Plum hue     Tailored waistcoat     Button front     Crew neck and sleeveless Product Code: P-85157-23--,Sleeveless Tops,48.95,DV8 Fashion (USA),116329,Women's Tops,204,https://images2.productserve.com/?w=200&h=200&bg=white&trim=5&t=letterbox&url=ssl%3Awww.dv8fashion.com%2FImages%2FModels%2FFull%2F36160.jpg&feedId=102894&k=068aa5c1b6941b99265a0ffb285d21fe75683f15,USD,,12.95,https://www.dv8fashion.com/en/Saint-Genies-Button-Waistcoat---Plum/m-36160.aspx?PartnerID=4730&utm_source=awin&utm_medium=affiliate&utm_campaign=UnitedStatesUS,,,USD48.95,102894,DV8 Fashion,1,,https://www.dv8fashion.com/Images/Models/Full/36160-1.jpg,https://www.dv8fashion.com/Images/Models/Full/36160-2.jpg,,https://www.dv8fashion.com/Images/Models/Full/36160-3.jpg,Womens,Tops & T-Shirts
https://www.awin1.com/pclick.php?p=43420667606&a=2771700&m=116329,Saint Genies Lace Corset Top - Claret Red - XL,43420667606,264991AWUS,https://www.dv8fashion.com/Images/Models/Full/36163.jpg,Elevate your weekend style with our stunning lace corset by Saint Genies...      Lace fabric     Tie detailing     Back zip fastening     Bow on front     Adjustable straps Product Code: P-85156-21--,Sleeveless Tops,48.95,DV8 Fashion (USA),116329,Women's Tops,204,https://images2.productserve.com/?w=200&h=200&bg=white&trim=5&t=letterbox&url=ssl%3Awww.dv8fashion.com%2FImages%2FModels%2FFull%2F36163.jpg&feedId=102894&k=703eaa1e2d711a7d8ac0f9fea8ca31d4b9e1b204,USD,,12.95,https://www.dv8fashion.com/en/Saint-Genies-Lace-Corset-Top---Claret-Red/m-36163.aspx?PartnerID=4730&utm_source=awin&utm_medium=affiliate&utm_campaign=UnitedStatesUS,,,USD48.95,102894,DV8 Fashion,1,,https://www.dv8fashion.com/Images/Models/Full/36163-1.jpg,https://www.dv8fashion.com/Images/Models/Full/36163-2.jpg,,https://www.dv8fashion.com/Images/Models/Full/36163-3.jpg,Womens,Tops & T-Shirts
https://www.awin1.com/pclick.php?p=43839684249&a=2771700&m=116329,Saint Genies Faux Leather Halter Zip Top - Brown - M,43839684249,268772AWUS,https://www.dv8fashion.com/Images/Models/Full/36502.jpg,New season Saint Genies has landed...       Product Type: Top   Neck: Halter neck strap   Fabric: Faux leather - PU   Sleeve: Sleeveless   Extra details: Zip front         Product Code: P-85968-27--,Sleeveless Tops,49.95,DV8 Fashion (USA),116329,Women's Tops,204,https://images2.productserve.com/?w=200&h=200&bg=white&trim=5&t=letterbox&url=ssl%3Awww.dv8fashion.com%2FImages%2FModels%2FFull%2F36502.jpg&feedId=102894&k=cb310762f62fb58ef3c3952c165c9d762173a705,USD,,12.95,https://www.dv8fashion.com/en/Saint-Genies-Faux-Leather-Halter-Zip-Top---Brown/m-36502.aspx?PartnerID=4730&utm_source=awin&utm_medium=affiliate&utm_campaign=UnitedStatesUS,,,USD49.95,102894,DV8 Fashion,1,,https://www.dv8fashion.com/Images/Models/Full/36502-1.jpg,https://www.dv8fashion.com/Images/Models/Full/36502-2.jpg,,https://www.dv8fashion.com/Images/Models/Full/36502-3.jpg,Womens,Tops & T-Shirts
https://www.awin1.com/pclick.php?p=43839684251&a=2771700&m=116329,Saint Genies Faux Leather Halter Zip Top - Brown - XL,43839684251,268774AWUS,https://www.dv8fashion.com/Images/Models/Full/36502.jpg,New season Saint Genies has landed...       Product Type: Top   Neck: Halter neck strap   Fabric: Faux leather - PU   Sleeve: Sleeveless   Extra details: Zip front         Product Code: P-85968-27--,Sleeveless Tops,49.95,DV8 Fashion (USA),116329,Women's Tops,204,https://images2.productserve.com/?w=200&h=200&bg=white&trim=5&t=letterbox&url=ssl%3Awww.dv8fashion.com%2FImages%2FModels%2FFull%2F36502.jpg&feedId=102894&k=cb310762f62fb58ef3c3952c165c9d762173a705,USD,,12.95,https://www.dv8fashion.com/en/Saint-Genies-Faux-Leather-Halter-Zip-Top---Brown/m-36502.aspx?PartnerID=4730&utm_source=awin&utm_medium=affiliate&utm_campaign=UnitedStatesUS,,,USD49.95,102894,DV8 Fashion,1,,https://www.dv8fashion.com/Images/Models/Full/36502-1.jpg,https://www.dv8fashion.com/Images/Models/Full/36502-2.jpg,,https://www.dv8fashion.com/Images/Models/Full/36502-3.jpg,Womens,Tops & T-Shirts
https://www.awin1.com/pclick.php?p=43839684248&a=2771700&m=116329,Saint Genies Faux Leather Halter Zip Top - Brown - L,43839684248,268771AWUS,https://www.dv8fashion.com/Images/Models/Full/36502.jpg,New season Saint Genies has landed...       Product Type: Top   Neck: Halter neck strap   Fabric: Faux leather - PU   Sleeve: Sleeveless   Extra details: Zip front         Product Code: P-85968-27--,Sleeveless Tops,49.95,DV8 Fashion (USA),116329,Women's Tops,204,https://images2.productserve.com/?w=200&h=200&bg=white&trim=5&t=letterbox&url=ssl%3Awww.dv8fashion.com%2FImages%2FModels%2FFull%2F36502.jpg&feedId=102894&k=cb310762f62fb58ef3c3952c165c9d762173a705,USD,,12.95,https://www.dv8fashion.com/en/Saint-Genies-Faux-Leather-Halter-Zip-Top---Brown/m-36502.aspx?PartnerID=4730&utm_source=awin&utm_medium=affiliate&utm_campaign=UnitedStatesUS,,,USD49.95,102894,DV8 Fashion,1,,https://www.dv8fashion.com/Images/Models/Full/36502-1.jpg,https://www.dv8fashion.com/Images/Models/Full/36502-2.jpg,,https://www.dv8fashion.com/Images/Models/Full/36502-3.jpg,Womens,Tops & T-Shirts
https://www.awin1.com/pclick.php?p=42845264371&a=2771700&m=116329,Saint Genies Satin High Halter Neck Top - Burgundy - XL,42845264371,259678AWUS,https://www.dv8fashion.com/Images/Models/Full/35641.jpg,Complete your new season wardrobe with this stunner of a top! Featuring a chic cowl draped high neckline and satin fabric...      Satin fabric     Draped high neck cowl neckline Product Code: P-84574-21--,Sleeveless Tops,31.95,DV8 Fashion (USA),116329,Women's Tops,204,https://images2.productserve.com/?w=200&h=200&bg=white&trim=5&t=letterbox&url=ssl%3Awww.dv8fashion.com%2FImages%2FModels%2FFull%2F35641.jpg&feedId=102894&k=9db94be3b8b00bf3eada9390b711e9060c54e8cc,USD,,12.95,https://www.dv8fashion.com/en/Saint-Genies-Satin-High-Halter-Neck-Top---Burgundy/m-35641.aspx?PartnerID=4730&utm_source=awin&utm_medium=affiliate&utm_campaign=UnitedStatesUS,,,USD31.95,102894,DV8 Fashion,1,,https://www.dv8fashion.com/Images/Models/Full/35641-1.jpg,https://www.dv8fashion.com/Images/Models/Full/35641-2.jpg,,https://www.dv8fashion.com/Images/Models/Full/35641-3.jpg,Womens,Tops & T-Shirts
https://www.awin1.com/pclick.php?p=43095474537&a=2771700&m=116329,Saint Genies Satin Sleeveless Top - Plum - M,43095474537,261591AWUS,https://www.dv8fashion.com/Images/Models/Full/35819.jpg,Saint Genies women's satin top..       Sweetheart neckline   Plum colour   Satin fabric   Adjustable straps   Zip fastening         Product Code: P-84803-23--,Sleeveless Tops,42.95,DV8 Fashion (USA),116329,Women's Tops,204,https://images2.productserve.com/?w=200&h=200&bg=white&trim=5&t=letterbox&url=ssl%3Awww.dv8fashion.com%2FImages%2FModels%2FFull%2F35819.jpg&feedId=102894&k=6b3ef11595355864e38a483ccb707471314f7220,USD,,12.95,https://www.dv8fashion.com/en/Saint-Genies-Satin-Sleeveless-Top---Plum/m-35819.aspx?PartnerID=4730&utm_source=awin&utm_medium=affiliate&utm_campaign=UnitedStatesUS,,,USD42.95,102894,DV8 Fashion,1,,https://www.dv8fashion.com/Images/Models/Full/35819-1.jpg,https://www.dv8fashion.com/Images/Models/Full/35819-2.jpg,,https://www.dv8fashion.com/Images/Models/Full/35819-3.jpg,Womens,Tops & T-Shirts
https://www.awin1.com/pclick.php?p=43095474551&a=2771700&m=116329,Saint Genies Halter Top - Silver Sequin - L,43095474551,261625AWUS,https://www.dv8fashion.com/Images/Models/Full/35824.jpg,Saint Genies women&apos;s sequin halter top...      All over sequin fabric     Silver hue with black tie detail     Halter neck style with tie fastening Product Code: P-84804-13--,Sleeveless Tops,46.95,DV8 Fashion (USA),116329,Women's Tops,204,https://images2.productserve.com/?w=200&h=200&bg=white&trim=5&t=letterbox&url=ssl%3Awww.dv8fashion.com%2FImages%2FModels%2FFull%2F35824.jpg&feedId=102894&k=3f5261f9595b06d795fb508cab51c3962769f505,USD,,12.95,https://www.dv8fashion.com/en/Saint-Genies-Halter-Top---Silver-Sequin/m-35824.aspx?PartnerID=4730&utm_source=awin&utm_medium=affiliate&utm_campaign=UnitedStatesUS,,,USD46.95,102894,DV8 Fashion,1,,https://www.dv8fashion.com/Images/Models/Full/35824-1.jpg,https://www.dv8fashion.com/Images/Models/Full/35824-2.jpg,,https://www.dv8fashion.com/Images/Models/Full/35824-3.jpg,Womens,Tops & T-Shirts
https://www.awin1.com/pclick.php?p=43493419933&a=2771700&m=116329,Saint Genies Sequin Peplum Top - White - XL,43493419933,266375AWUS,https://www.dv8fashion.com/Images/Models/Full/36284.jpg,This classic square neck white top is the perfect party piece      Square neckline     Back zip fastening     Sequin fabric Product Code: P-85366-11--,Sleeveless Tops,48.95,DV8 Fashion (USA),116329,Women's Tops,204,https://images2.productserve.com/?w=200&h=200&bg=white&trim=5&t=letterbox&url=ssl%3Awww.dv8fashion.com%2FImages%2FModels%2FFull%2F36284.jpg&feedId=102894&k=ab613f44cf9cee04b1c8d85eac36e093c8f81c8a,USD,,12.95,https://www.dv8fashion.com/en/Saint-Genies-Sequin-Peplum-Top---White/m-36284.aspx?PartnerID=4730&utm_source=awin&utm_medium=affiliate&utm_campaign=UnitedStatesUS,,,USD48.95,102894,DV8 Fashion,1,,https://www.dv8fashion.com/Images/Models/Full/36284-1.jpg,https://www.dv8fashion.com/Images/Models/Full/36284-2.jpg,,https://www.dv8fashion.com/Images/Models/Full/36284-3.jpg,Womens,Tops & T-Shirts
https://www.awin1.com/pclick.php?p=44033648386&a=2771700&m=116329,Saint Genies Button Waistcoat - Black - L,44033648386,258225AWUS,https://www.dv8fashion.com/Images/Models/Full/35521.jpg,Saint Genies women&apos;s waistcoat...      Black hue     Tailored waistcoat     Button front     V neck and sleeveless Product Code: P-83789-10--,Sleeveless Tops,43.95,DV8 Fashion (USA),116329,Women's Tops,204,https://images2.productserve.com/?w=200&h=200&bg=white&trim=5&t=letterbox&url=ssl%3Awww.dv8fashion.com%2FImages%2FModels%2FFull%2F35521.jpg&feedId=102894&k=ffad1b480153f063c8f4743c9664ec1e70ed4449,USD,,12.95,https://www.dv8fashion.com/en/Saint-Genies-Button-Waistcoat---Black/m-35521.aspx?PartnerID=4730&utm_source=awin&utm_medium=affiliate&utm_campaign=UnitedStatesUS,,,USD43.95,102894,DV8 Fashion,1,,https://www.dv8fashion.com/Images/Models/Full/35521-1.jpg,https://www.dv8fashion.com/Images/Models/Full/35521-2.jpg,,https://www.dv8fashion.com/Images/Models/Full/35521-3.jpg,Womens,Tops & T-Shirts
https://www.awin1.com/pclick.php?p=42861674351&a=2771700&m=116329,Saint Genies Glitter Halter Neck Top - Plum - L,42861674351,259785AWUS,https://www.dv8fashion.com/Images/Models/Full/35651.jpg,Did someone say sparkle season? Get the sparkle style with our sparkle halter top      Sparkle fabric     Halter neck with tie fastening     Fitted style Product Code: P-84000-23--,Sleeveless Tops,31.95,DV8 Fashion (USA),116329,Women's Tops,204,https://images2.productserve.com/?w=200&h=200&bg=white&trim=5&t=letterbox&url=ssl%3Awww.dv8fashion.com%2FImages%2FModels%2FFull%2F35651.jpg&feedId=102894&k=e71adfb515fc5cd01ef8731b9c0b8f19e32bb5dc,USD,,12.95,https://www.dv8fashion.com/en/Saint-Genies-Glitter-Halter-Neck-Top---Plum/m-35651.aspx?PartnerID=4730&utm_source=awin&utm_medium=affiliate&utm_campaign=UnitedStatesUS,,,USD31.95,102894,DV8 Fashion,1,,https://www.dv8fashion.com/Images/Models/Full/35651-1.jpg,https://www.dv8fashion.com/Images/Models/Full/35651-2.jpg,,https://www.dv8fashion.com/Images/Models/Full/35651-3.jpg,Womens,Tops & T-Shirts
https://www.awin1.com/pclick.php?p=44051099248&a=2771700&m=116329,Saint Genies Frill Cami Top - Black - L,44051099248,252737AWUS,https://www.dv8fashion.com/Images/Models/Full/35032.jpg,Update your wardrobe with Saint Genies...      The cutest top by Saint Genies     Corset style front with strap and bow detail     Tiered ruffle hem     Zip fastening Product Code: P-83295-10--,Sleeveless Tops,44.95,DV8 Fashion (USA),116329,Women's Tops,204,https://images2.productserve.com/?w=200&h=200&bg=white&trim=5&t=letterbox&url=ssl%3Awww.dv8fashion.com%2FImages%2FModels%2FFull%2F35032.jpg&feedId=102894&k=2b82bc9bfb0031ade2a3ae322c6ccdca6e191d71,USD,,12.95,https://www.dv8fashion.com/en/Saint-Genies-Frill-Cami-Top---Black/m-35032.aspx?PartnerID=4730&utm_source=awin&utm_medium=affiliate&utm_campaign=UnitedStatesUS,,,USD44.95,102894,DV8 Fashion,1,,https://www.dv8fashion.com/Images/Models/Full/35032-1.jpg,https://www.dv8fashion.com/Images/Models/Full/35032-2.jpg,,https://www.dv8fashion.com/Images/Models/Full/35032-3.jpg,Womens,Tops & T-Shirts
https://www.awin1.com/pclick.php?p=44051099268&a=2771700&m=116329,Saint Genies Cowl Neck Halter Top - Black - L,44051099268,259506AWUS,https://www.dv8fashion.com/Images/Models/Full/35626.jpg,Complete your new season wardrobe with this stunner of a top! Featuring a chic cowl draped neckline and stretch satin fabric...      Stretch satin fabric     Draped cowl neckline Product Code: P-83952-10--,Sleeveless Tops,33.95,DV8 Fashion (USA),116329,Women's Tops,204,https://images2.productserve.com/?w=200&h=200&bg=white&trim=5&t=letterbox&url=ssl%3Awww.dv8fashion.com%2FImages%2FModels%2FFull%2F35626.jpg&feedId=102894&k=4a70fcbc4e82ba39ebe6b30f462bb878aa5d1ae5,USD,,12.95,https://www.dv8fashion.com/en/Saint-Genies-Cowl-Neck-Halter-Top---Black/m-35626.aspx?PartnerID=4730&utm_source=awin&utm_medium=affiliate&utm_campaign=UnitedStatesUS,,,USD33.95,102894,DV8 Fashion,1,,https://www.dv8fashion.com/Images/Models/Full/35626-1.jpg,https://www.dv8fashion.com/Images/Models/Full/35626-2.jpg,,https://www.dv8fashion.com/Images/Models/Full/35626-3.jpg,Womens,Tops & T-Shirts
https://www.awin1.com/pclick.php?p=43488617689&a=2771700&m=116329,Saint Genies Halter Neck Top - Plum - XS,43488617689,266263AWUS,https://www.dv8fashion.com/Images/Models/Full/36273.jpg,Did someone say party season? Get the party style with our halter top by Saint Genies      Slingy fabric     Halter neck with tie fastening     Fitted style Product Code: P-85227-23--,Sleeveless Tops,34.95,DV8 Fashion (USA),116329,Women's Tops,204,https://images2.productserve.com/?w=200&h=200&bg=white&trim=5&t=letterbox&url=ssl%3Awww.dv8fashion.com%2FImages%2FModels%2FFull%2F36273.jpg&feedId=102894&k=816766bc785b3e9a46a230a97b008d2491a6ca51,USD,,12.95,https://www.dv8fashion.com/en/Saint-Genies-Halter-Neck-Top---Plum/m-36273.aspx?PartnerID=4730&utm_source=awin&utm_medium=affiliate&utm_campaign=UnitedStatesUS,,,USD34.95,102894,DV8 Fashion,1,,https://www.dv8fashion.com/Images/Models/Full/36273-1.jpg,https://www.dv8fashion.com/Images/Models/Full/36273-2.jpg,,https://www.dv8fashion.com/Images/Models/Full/36273-3.jpg,Womens,Tops & T-Shirts
https://www.awin1.com/pclick.php?p=43971212333&a=2771700&m=116329,Saint Genies Polka Dot Lace Top - Pink / Brown - M,43971212333,270562AWUS,https://www.dv8fashion.com/Images/Models/Full/36662.jpg,Update your wardrobe with Saint Genies...      Product Type: Top     Neck: V neck     Sleeve: Sleeveless     Extra details: Polka dot pattern and lace trim     Make it a co-ord with matching skirt Product Code: P-86297-38--,Sleeveless Tops,35.95,DV8 Fashion (USA),116329,Women's Tops,204,https://images2.productserve.com/?w=200&h=200&bg=white&trim=5&t=letterbox&url=ssl%3Awww.dv8fashion.com%2FImages%2FModels%2FFull%2F36662.jpg&feedId=102894&k=1e62459aad0c81054b65cb70d83200d7bc01d640,USD,,12.95,https://www.dv8fashion.com/en/Saint-Genies-Polka-Dot-Lace-Top---Pink--Brown/m-36662.aspx?PartnerID=4730&utm_source=awin&utm_medium=affiliate&utm_campaign=UnitedStatesUS,,,USD35.95,102894,DV8 Fashion,1,,https://www.dv8fashion.com/Images/Models/Full/36662-1.jpg,https://www.dv8fashion.com/Images/Models/Full/36662-2.jpg,,https://www.dv8fashion.com/Images/Models/Full/36662-3.jpg,Womens,Tops & T-Shirts
https://www.awin1.com/pclick.php?p=44069933754&a=2771700&m=116329,Saint Genies Lace Detail Cami Top - XS,44069933754,267559AWUS,https://www.dv8fashion.com/Images/Models/Full/36394.jpg,Get new season ready with Saint Genies...      Product Type: Top     Fabric: Black satin fabric with lace detail     Neck: V Neck     Sleeve: Sleeveless cami straps     Fit: Regular Fit Product Code: P-85481-10--,Sleeveless Tops,44.95,DV8 Fashion (USA),116329,Women's Tops,204,https://images2.productserve.com/?w=200&h=200&bg=white&trim=5&t=letterbox&url=ssl%3Awww.dv8fashion.com%2FImages%2FModels%2FFull%2F36394.jpg&feedId=102894&k=90e22d8b8c84d4039d9fea806aa690027ff7ba9f,USD,,12.95,https://www.dv8fashion.com/en/Saint-Genies-Lace-Detail-Cami-Top/m-36394.aspx?PartnerID=4730&utm_source=awin&utm_medium=affiliate&utm_campaign=UnitedStatesUS,,,USD44.95,102894,DV8 Fashion,1,,https://www.dv8fashion.com/Images/Models/Full/36394-1.jpg,https://www.dv8fashion.com/Images/Models/Full/36394-2.jpg,,https://www.dv8fashion.com/Images/Models/Full/36394-3.jpg,Womens,Tops & T-Shirts
https://www.awin1.com/pclick.php?p=43488617690&a=2771700&m=116329,Saint Genies Pinstripe Halter Zip Top - Chocolate Brown - L,43488617690,266270AWUS,https://www.dv8fashion.com/Images/Models/Full/36274.jpg,New season Saint Genies has landed...      Product Type: Top     Neck: Halter neck strap     Pattern: Pinstripe     Sleeve: Sleeveless     Extra details: Zip front Product Code: P-85367-27--,Sleeveless Tops,44.95,DV8 Fashion (USA),116329,Women's Tops,204,https://images2.productserve.com/?w=200&h=200&bg=white&trim=5&t=letterbox&url=ssl%3Awww.dv8fashion.com%2FImages%2FModels%2FFull%2F36274.jpg&feedId=102894&k=8abd00691d19c539f8166401906fa40dd1fe4771,USD,,12.95,https://www.dv8fashion.com/en/Saint-Genies-Pinstripe-Halter-Zip-Top---Chocolate-Brown/m-36274.aspx?PartnerID=4730&utm_source=awin&utm_medium=affiliate&utm_campaign=UnitedStatesUS,,,USD44.95,102894,DV8 Fashion,1,,https://www.dv8fashion.com/Images/Models/Full/36274-1.jpg,https://www.dv8fashion.com/Images/Models/Full/36274-2.jpg,,https://www.dv8fashion.com/Images/Models/Full/36274-3.jpg,Womens,Tops & T-Shirts
https://www.awin1.com/pclick.php?p=43746264059&a=2771700&m=116329,Saint Genies Knit Sleeveless Gold Button Top - Green - XL,43746264059,267704AWUS,https://www.dv8fashion.com/Images/Models/Full/36408.jpg,Saint Genies women&apos;s waistcoat...      Green knit hue     Waistcoat     Button front     V neck and sleeveless Product Code: P-85468-45--,Sleeveless Tops,39.95,DV8 Fashion (USA),116329,Women's Tops,204,https://images2.productserve.com/?w=200&h=200&bg=white&trim=5&t=letterbox&url=ssl%3Awww.dv8fashion.com%2FImages%2FModels%2FFull%2F36408.jpg&feedId=102894&k=104b9876094cdd1f458b100c58ae86472c7a8334,USD,,12.95,https://www.dv8fashion.com/en/Saint-Genies-Knit-Sleeveless-Gold-Button-Top---Green/m-36408.aspx?PartnerID=4730&utm_source=awin&utm_medium=affiliate&utm_campaign=UnitedStatesUS,,,USD39.95,102894,DV8 Fashion,1,,https://www.dv8fashion.com/Images/Models/Full/36408-1.jpg,https://www.dv8fashion.com/Images/Models/Full/36408-2.jpg,,https://www.dv8fashion.com/Images/Models/Full/36408-3.jpg,Womens,Tops & T-Shirts
https://www.awin1.com/pclick.php?p=44069933769&a=2771700&m=116329,Saint Genies Polka Dot Lace Top - Pink / Brown - XL,44069933769,270564AWUS,https://www.dv8fashion.com/Images/Models/Full/36662.jpg,Update your wardrobe with Saint Genies...      Product Type: Top     Neck: V neck     Sleeve: Sleeveless     Extra details: Polka dot pattern and lace trim     Make it a co-ord with matching skirt Product Code: P-86297-38--,Sleeveless Tops,35.95,DV8 Fashion (USA),116329,Women's Tops,204,https://images2.productserve.com/?w=200&h=200&bg=white&trim=5&t=letterbox&url=ssl%3Awww.dv8fashion.com%2FImages%2FModels%2FFull%2F36662.jpg&feedId=102894&k=1e62459aad0c81054b65cb70d83200d7bc01d640,USD,,12.95,https://www.dv8fashion.com/en/Saint-Genies-Polka-Dot-Lace-Top---Pink--Brown/m-36662.aspx?PartnerID=4730&utm_source=awin&utm_medium=affiliate&utm_campaign=UnitedStatesUS,,,USD35.95,102894,DV8 Fashion,1,,https://www.dv8fashion.com/Images/Models/Full/36662-1.jpg,https://www.dv8fashion.com/Images/Models/Full/36662-2.jpg,,https://www.dv8fashion.com/Images/Models/Full/36662-3.jpg,Womens,Tops & T-Shirts
https://www.awin1.com/pclick.php?p=44069933813&a=2771700&m=116329,Saint Genies Bandeau Split Top - White - M,44069933813,271658AWUS,https://www.dv8fashion.com/Images/Models/Full/36760.jpg,Get new season ready with this bandeau top by Saint Genies. This stunning piece is designed to make you stand out wherever you go      Colour: White     Details: Split sides     Sleeves: Sleeveless     Product type: Top     Fit: Fitted Product Code: P-86495-11--,Sleeveless Tops,34.95,DV8 Fashion (USA),116329,Women's Tops,204,https://images2.productserve.com/?w=200&h=200&bg=white&trim=5&t=letterbox&url=ssl%3Awww.dv8fashion.com%2FImages%2FModels%2FFull%2F36760.jpg&feedId=102894&k=cb00505fe685e81e29a37307ee289d79b8ea7b93,USD,,12.95,https://www.dv8fashion.com/en/Saint-Genies-Bandeau-Split-Top---White/m-36760.aspx?PartnerID=4730&utm_source=awin&utm_medium=affiliate&utm_campaign=UnitedStatesUS,,,USD34.95,102894,DV8 Fashion,1,,https://www.dv8fashion.com/Images/Models/Full/36760-1.jpg,https://www.dv8fashion.com/Images/Models/Full/36760-2.jpg,,https://www.dv8fashion.com/Images/Models/Full/36760-3.jpg,Womens,Tops & T-Shirts
https://www.awin1.com/pclick.php?p=44069933815&a=2771700&m=116329,Saint Genies Bandeau Split Top - White - XL,44069933815,271660AWUS,https://www.dv8fashion.com/Images/Models/Full/36760.jpg,Get new season ready with this bandeau top by Saint Genies. This stunning piece is designed to make you stand out wherever you go      Colour: White     Details: Split sides     Sleeves: Sleeveless     Product type: Top     Fit: Fitted Product Code: P-86495-11--,Sleeveless Tops,34.95,DV8 Fashion (USA),116329,Women's Tops,204,https://images2.productserve.com/?w=200&h=200&bg=white&trim=5&t=letterbox&url=ssl%3Awww.dv8fashion.com%2FImages%2FModels%2FFull%2F36760.jpg&feedId=102894&k=cb00505fe685e81e29a37307ee289d79b8ea7b93,USD,,12.95,https://www.dv8fashion.com/en/Saint-Genies-Bandeau-Split-Top---White/m-36760.aspx?PartnerID=4730&utm_source=awin&utm_medium=affiliate&utm_campaign=UnitedStatesUS,,,USD34.95,102894,DV8 Fashion,1,,https://www.dv8fashion.com/Images/Models/Full/36760-1.jpg,https://www.dv8fashion.com/Images/Models/Full/36760-2.jpg,,https://www.dv8fashion.com/Images/Models/Full/36760-3.jpg,Womens,Tops & T-Shirts
https://www.awin1.com/pclick.php?p=43811662100&a=2771700&m=116329,Saint Genies Lace Corset Top - White - S,43811662100,268407AWUS,https://www.dv8fashion.com/Images/Models/Full/36467.jpg,Elevate your weekend style with our stunning lace corset by Saint Genies...      Lace fabric     Tie detailing     Back zip fastening     Bow on front     Adjustable straps Product Code: P-86037-11--,Sleeveless Tops,48.95,DV8 Fashion (USA),116329,Women's Tops,204,https://images2.productserve.com/?w=200&h=200&bg=white&trim=5&t=letterbox&url=ssl%3Awww.dv8fashion.com%2FImages%2FModels%2FFull%2F36467.jpg&feedId=102894&k=e475c6a3a84439ba83ae2c80ee2605ec518e304b,USD,,12.95,https://www.dv8fashion.com/en/Saint-Genies-Lace-Corset-Top---White/m-36467.aspx?PartnerID=4730&utm_source=awin&utm_medium=affiliate&utm_campaign=UnitedStatesUS,,,USD48.95,102894,DV8 Fashion,1,,https://www.dv8fashion.com/Images/Models/Full/36467-1.jpg,https://www.dv8fashion.com/Images/Models/Full/36467-2.jpg,,https://www.dv8fashion.com/Images/Models/Full/36467-3.jpg,Womens,Tops & T-Shirts
https://www.awin1.com/pclick.php?p=43971212332&a=2771700&m=116329,Saint Genies Polka Dot Lace Top - Pink / Brown - L,43971212332,270561AWUS,https://www.dv8fashion.com/Images/Models/Full/36662.jpg,Update your wardrobe with Saint Genies...      Product Type: Top     Neck: V neck     Sleeve: Sleeveless     Extra details: Polka dot pattern and lace trim     Make it a co-ord with matching skirt Product Code: P-86297-38--,Sleeveless Tops,35.95,DV8 Fashion (USA),116329,Women's Tops,204,https://images2.productserve.com/?w=200&h=200&bg=white&trim=5&t=letterbox&url=ssl%3Awww.dv8fashion.com%2FImages%2FModels%2FFull%2F36662.jpg&feedId=102894&k=1e62459aad0c81054b65cb70d83200d7bc01d640,USD,,12.95,https://www.dv8fashion.com/en/Saint-Genies-Polka-Dot-Lace-Top---Pink--Brown/m-36662.aspx?PartnerID=4730&utm_source=awin&utm_medium=affiliate&utm_campaign=UnitedStatesUS,,,USD35.95,102894,DV8 Fashion,1,,https://www.dv8fashion.com/Images/Models/Full/36662-1.jpg,https://www.dv8fashion.com/Images/Models/Full/36662-2.jpg,,https://www.dv8fashion.com/Images/Models/Full/36662-3.jpg,Womens,Tops & T-Shirts
https://www.awin1.com/pclick.php?p=43971212266&a=2771700&m=116329,Saint Genies Flower Embroidery Halter Top - Baby Pink - M,43971212266,270397AWUS,https://www.dv8fashion.com/Images/Models/Full/36647.jpg,Did someone say new season? Get new season ready with Saint Genies Flower fabric      Halter neck with tie fastening     Fitted style Product Code: P-86254-38--,Sleeveless Tops,45.95,DV8 Fashion (USA),116329,Women's Tops,204,https://images2.productserve.com/?w=200&h=200&bg=white&trim=5&t=letterbox&url=ssl%3Awww.dv8fashion.com%2FImages%2FModels%2FFull%2F36647.jpg&feedId=102894&k=cd477994fb969b8ce68fff1849ccb426848af0b6,USD,,12.95,https://www.dv8fashion.com/en/Saint-Genies-Flower-Embroidery-Halter-Top---Baby-Pink/m-36647.aspx?PartnerID=4730&utm_source=awin&utm_medium=affiliate&utm_campaign=UnitedStatesUS,,,USD45.95,102894,DV8 Fashion,1,,https://www.dv8fashion.com/Images/Models/Full/36647-1.jpg,https://www.dv8fashion.com/Images/Models/Full/36647-2.jpg,,https://www.dv8fashion.com/Images/Models/Full/36647-3.jpg,Womens,Tops & T-Shirts
https://www.awin1.com/pclick.php?p=44024125044&a=2771700&m=116329,Saint Genies Polka Dot Halter Neck Top - Lemon - M,44024125044,271080AWUS,https://www.dv8fashion.com/Images/Models/Full/36712.jpg,Complete your new season wardrobe with this stunner of a top! Featuring a chic cowl draped high neckline and satin fabric with a polka dot pattern print...      Satin fabric     Draped high neck cowl neckline and button fastening     Polka dot pattern print Product Code: P-86108-25--,Sleeveless Tops,34.95,DV8 Fashion (USA),116329,Women's Tops,204,https://images2.productserve.com/?w=200&h=200&bg=white&trim=5&t=letterbox&url=ssl%3Awww.dv8fashion.com%2FImages%2FModels%2FFull%2F36712.jpg&feedId=102894&k=912db3bcb62fc88676e112af4c3d6f33808d73dc,USD,,12.95,https://www.dv8fashion.com/en/Saint-Genies-Polka-Dot-Halter-Neck-Top---Lemon/m-36712.aspx?PartnerID=4730&utm_source=awin&utm_medium=affiliate&utm_campaign=UnitedStatesUS,,,USD34.95,102894,DV8 Fashion,1,,https://www.dv8fashion.com/Images/Models/Full/36712-1.jpg,https://www.dv8fashion.com/Images/Models/Full/36712-2.jpg,,https://www.dv8fashion.com/Images/Models/Full/36712-3.jpg,Womens,Tops & T-Shirts
https://www.awin1.com/pclick.php?p=44024125045&a=2771700&m=116329,Saint Genies Polka Dot Halter Neck Top - Lemon - S,44024125045,271081AWUS,https://www.dv8fashion.com/Images/Models/Full/36712.jpg,Complete your new season wardrobe with this stunner of a top! Featuring a chic cowl draped high neckline and satin fabric with a polka dot pattern print...      Satin fabric     Draped high neck cowl neckline and button fastening     Polka dot pattern print Product Code: P-86108-25--,Sleeveless Tops,34.95,DV8 Fashion (USA),116329,Women's Tops,204,https://images2.productserve.com/?w=200&h=200&bg=white&trim=5&t=letterbox&url=ssl%3Awww.dv8fashion.com%2FImages%2FModels%2FFull%2F36712.jpg&feedId=102894&k=912db3bcb62fc88676e112af4c3d6f33808d73dc,USD,,12.95,https://www.dv8fashion.com/en/Saint-Genies-Polka-Dot-Halter-Neck-Top---Lemon/m-36712.aspx?PartnerID=4730&utm_source=awin&utm_medium=affiliate&utm_campaign=UnitedStatesUS,,,USD34.95,102894,DV8 Fashion,1,,https://www.dv8fashion.com/Images/Models/Full/36712-1.jpg,https://www.dv8fashion.com/Images/Models/Full/36712-2.jpg,,https://www.dv8fashion.com/Images/Models/Full/36712-3.jpg,Womens,Tops & T-Shirts
https://www.awin1.com/pclick.php?p=44078984440&a=2771700&m=116329,Brave Soul Ruched Peplum Sleeveless Top - Off White - XL,44078984440,271759AWUS,https://www.dv8fashion.com/Images/Models/Full/36769.jpg,Get new season ready with this bow detail top by Brave Soul      Colour: Off white     Details: Bow tie detail     Sleeves: Sleeveless     Product type: Top     Fit: Fitted Product Code: P-86498-11--,Sleeveless Tops,33.95,DV8 Fashion (USA),116329,Women's Tops,204,https://images2.productserve.com/?w=200&h=200&bg=white&trim=5&t=letterbox&url=ssl%3Awww.dv8fashion.com%2FImages%2FModels%2FFull%2F36769.jpg&feedId=102894&k=19d6174fc3074d6e6b1b98eb1d8ead012d26289f,USD,,12.95,https://www.dv8fashion.com/en/Brave-Soul-Ruched-Peplum-Sleeveless-Top---Off-White/m-36769.aspx?PartnerID=4730&utm_source=awin&utm_medium=affiliate&utm_campaign=UnitedStatesUS,,,USD33.95,102894,DV8 Fashion,1,,https://www.dv8fashion.com/Images/Models/Full/36769-1.jpg,https://www.dv8fashion.com/Images/Models/Full/36769-2.jpg,,https://www.dv8fashion.com/Images/Models/Full/36769-3.jpg,Womens,Tops & T-Shirts
https://www.awin1.com/pclick.php?p=44078984441&a=2771700&m=116329,Brave Soul Ruched Peplum Sleeveless Top - Off White - XS,44078984441,271760AWUS,https://www.dv8fashion.com/Images/Models/Full/36769.jpg,Get new season ready with this bow detail top by Brave Soul      Colour: Off white     Details: Bow tie detail     Sleeves: Sleeveless     Product type: Top     Fit: Fitted Product Code: P-86498-11--,Sleeveless Tops,33.95,DV8 Fashion (USA),116329,Women's Tops,204,https://images2.productserve.com/?w=200&h=200&bg=white&trim=5&t=letterbox&url=ssl%3Awww.dv8fashion.com%2FImages%2FModels%2FFull%2F36769.jpg&feedId=102894&k=19d6174fc3074d6e6b1b98eb1d8ead012d26289f,USD,,12.95,https://www.dv8fashion.com/en/Brave-Soul-Ruched-Peplum-Sleeveless-Top---Off-White/m-36769.aspx?PartnerID=4730&utm_source=awin&utm_medium=affiliate&utm_campaign=UnitedStatesUS,,,USD33.95,102894,DV8 Fashion,1,,https://www.dv8fashion.com/Images/Models/Full/36769-1.jpg,https://www.dv8fashion.com/Images/Models/Full/36769-2.jpg,,https://www.dv8fashion.com/Images/Models/Full/36769-3.jpg,Womens,Tops & T-Shirts
https://www.awin1.com/pclick.php?p=44078984437&a=2771700&m=116329,Brave Soul Ruched Peplum Sleeveless Top - Off White - L,44078984437,271756AWUS,https://www.dv8fashion.com/Images/Models/Full/36769.jpg,Get new season ready with this bow detail top by Brave Soul      Colour: Off white     Details: Bow tie detail     Sleeves: Sleeveless     Product type: Top     Fit: Fitted Product Code: P-86498-11--,Sleeveless Tops,33.95,DV8 Fashion (USA),116329,Women's Tops,204,https://images2.productserve.com/?w=200&h=200&bg=white&trim=5&t=letterbox&url=ssl%3Awww.dv8fashion.com%2FImages%2FModels%2FFull%2F36769.jpg&feedId=102894&k=19d6174fc3074d6e6b1b98eb1d8ead012d26289f,USD,,12.95,https://www.dv8fashion.com/en/Brave-Soul-Ruched-Peplum-Sleeveless-Top---Off-White/m-36769.aspx?PartnerID=4730&utm_source=awin&utm_medium=affiliate&utm_campaign=UnitedStatesUS,,,USD33.95,102894,DV8 Fashion,1,,https://www.dv8fashion.com/Images/Models/Full/36769-1.jpg,https://www.dv8fashion.com/Images/Models/Full/36769-2.jpg,,https://www.dv8fashion.com/Images/Models/Full/36769-3.jpg,Womens,Tops & T-Shirts
https://www.awin1.com/pclick.php?p=44078984438&a=2771700&m=116329,Brave Soul Ruched Peplum Sleeveless Top - Off White - M,44078984438,271757AWUS,https://www.dv8fashion.com/Images/Models/Full/36769.jpg,Get new season ready with this bow detail top by Brave Soul      Colour: Off white     Details: Bow tie detail     Sleeves: Sleeveless     Product type: Top     Fit: Fitted Product Code: P-86498-11--,Sleeveless Tops,33.95,DV8 Fashion (USA),116329,Women's Tops,204,https://images2.productserve.com/?w=200&h=200&bg=white&trim=5&t=letterbox&url=ssl%3Awww.dv8fashion.com%2FImages%2FModels%2FFull%2F36769.jpg&feedId=102894&k=19d6174fc3074d6e6b1b98eb1d8ead012d26289f,USD,,12.95,https://www.dv8fashion.com/en/Brave-Soul-Ruched-Peplum-Sleeveless-Top---Off-White/m-36769.aspx?PartnerID=4730&utm_source=awin&utm_medium=affiliate&utm_campaign=UnitedStatesUS,,,USD33.95,102894,DV8 Fashion,1,,https://www.dv8fashion.com/Images/Models/Full/36769-1.jpg,https://www.dv8fashion.com/Images/Models/Full/36769-2.jpg,,https://www.dv8fashion.com/Images/Models/Full/36769-3.jpg,Womens,Tops & T-Shirts
https://www.awin1.com/pclick.php?p=44078984482&a=2771700&m=116329,Pieces Tiffany Strap Lace Top - Black - S,44078984482,271867AWUS,https://www.dv8fashion.com/Images/Models/Full/36779.jpg,"Find your perfect everyday look. With quality styles you can create timeless, comfortable, and trendy outfits, that work every single day of the week      Detail Type: Singlet     Extra details: Feminine lace detail     Strap type: Adjustable straps     Fit: Regular Fit     Neck: V-Neck     Sleeve length: Sleeveless (S/L) Product Code: P-86517-10--",Sleeveless Tops,33.95,DV8 Fashion (USA),116329,Women's Tops,204,https://images2.productserve.com/?w=200&h=200&bg=white&trim=5&t=letterbox&url=ssl%3Awww.dv8fashion.com%2FImages%2FModels%2FFull%2F36779.jpg&feedId=102894&k=86573cb03b7549fb55c9f44525b2867e9369064f,USD,,12.95,https://www.dv8fashion.com/en/Pieces-Tiffany-Strap-Lace-Top---Black/m-36779.aspx?PartnerID=4730&utm_source=awin&utm_medium=affiliate&utm_campaign=UnitedStatesUS,,,USD33.95,102894,DV8 Fashion,1,,https://www.dv8fashion.com/Images/Models/Full/36779-1.jpg,https://www.dv8fashion.com/Images/Models/Full/36779-2.jpg,,https://www.dv8fashion.com/Images/Models/Full/36779-3.jpg,Womens,Tops & T-Shirts
https://www.awin1.com/pclick.php?p=44078984484&a=2771700&m=116329,Pieces Tiffany Strap Lace Top - Black - XS,44078984484,271869AWUS,https://www.dv8fashion.com/Images/Models/Full/36779.jpg,"Find your perfect everyday look. With quality styles you can create timeless, comfortable, and trendy outfits, that work every single day of the week      Detail Type: Singlet     Extra details: Feminine lace detail     Strap type: Adjustable straps     Fit: Regular Fit     Neck: V-Neck     Sleeve length: Sleeveless (S/L) Product Code: P-86517-10--",Sleeveless Tops,33.95,DV8 Fashion (USA),116329,Women's Tops,204,https://images2.productserve.com/?w=200&h=200&bg=white&trim=5&t=letterbox&url=ssl%3Awww.dv8fashion.com%2FImages%2FModels%2FFull%2F36779.jpg&feedId=102894&k=86573cb03b7549fb55c9f44525b2867e9369064f,USD,,12.95,https://www.dv8fashion.com/en/Pieces-Tiffany-Strap-Lace-Top---Black/m-36779.aspx?PartnerID=4730&utm_source=awin&utm_medium=affiliate&utm_campaign=UnitedStatesUS,,,USD33.95,102894,DV8 Fashion,1,,https://www.dv8fashion.com/Images/Models/Full/36779-1.jpg,https://www.dv8fashion.com/Images/Models/Full/36779-2.jpg,,https://www.dv8fashion.com/Images/Models/Full/36779-3.jpg,Womens,Tops & T-Shirts
https://www.awin1.com/pclick.php?p=44078984481&a=2771700&m=116329,Pieces Tiffany Strap Lace Top - Black - M,44078984481,271866AWUS,https://www.dv8fashion.com/Images/Models/Full/36779.jpg,"Find your perfect everyday look. With quality styles you can create timeless, comfortable, and trendy outfits, that work every single day of the week      Detail Type: Singlet     Extra details: Feminine lace detail     Strap type: Adjustable straps     Fit: Regular Fit     Neck: V-Neck     Sleeve length: Sleeveless (S/L) Product Code: P-86517-10--",Sleeveless Tops,33.95,DV8 Fashion (USA),116329,Women's Tops,204,https://images2.productserve.com/?w=200&h=200&bg=white&trim=5&t=letterbox&url=ssl%3Awww.dv8fashion.com%2FImages%2FModels%2FFull%2F36779.jpg&feedId=102894&k=86573cb03b7549fb55c9f44525b2867e9369064f,USD,,12.95,https://www.dv8fashion.com/en/Pieces-Tiffany-Strap-Lace-Top---Black/m-36779.aspx?PartnerID=4730&utm_source=awin&utm_medium=affiliate&utm_campaign=UnitedStatesUS,,,USD33.95,102894,DV8 Fashion,1,,https://www.dv8fashion.com/Images/Models/Full/36779-1.jpg,https://www.dv8fashion.com/Images/Models/Full/36779-2.jpg,,https://www.dv8fashion.com/Images/Models/Full/36779-3.jpg,Womens,Tops & T-Shirts
https://www.awin1.com/pclick.php?p=44086910370&a=2771700&m=116329,Saint Genies Lurex Halter Neck Top - Blue - S,44086910370,271948AWUS,https://www.dv8fashion.com/Images/Models/Full/36786.jpg,Complete your new season wardrobe with this stunner of a top! Featuring a chic cowl draped neckline and stretch spun pink fabric...      Stretch pink fabric     Draped cowl neckline Product Code: P-86087-61--,Sleeveless Tops,34.95,DV8 Fashion (USA),116329,Women's Tops,204,https://images2.productserve.com/?w=200&h=200&bg=white&trim=5&t=letterbox&url=ssl%3Awww.dv8fashion.com%2FImages%2FModels%2FFull%2F36786.jpg&feedId=102894&k=53f68e04a9e55df62811f1f90b2d5f65cce1cbda,USD,,12.95,https://www.dv8fashion.com/en/Saint-Genies-Lurex-Halter-Neck-Top---Blue/m-36786.aspx?PartnerID=4730&utm_source=awin&utm_medium=affiliate&utm_campaign=UnitedStatesUS,,,USD34.95,102894,DV8 Fashion,1,,https://www.dv8fashion.com/Images/Models/Full/36786-1.jpg,https://www.dv8fashion.com/Images/Models/Full/36786-2.jpg,,https://www.dv8fashion.com/Images/Models/Full/36786-3.jpg,Womens,Tops & T-Shirts
https://www.awin1.com/pclick.php?p=44086910371&a=2771700&m=116329,Saint Genies Lurex Halter Neck Top - Blue - XL,44086910371,271949AWUS,https://www.dv8fashion.com/Images/Models/Full/36786.jpg,Complete your new season wardrobe with this stunner of a top! Featuring a chic cowl draped neckline and stretch spun pink fabric...      Stretch pink fabric     Draped cowl neckline Product Code: P-86087-61--,Sleeveless Tops,34.95,DV8 Fashion (USA),116329,Women's Tops,204,https://images2.productserve.com/?w=200&h=200&bg=white&trim=5&t=letterbox&url=ssl%3Awww.dv8fashion.com%2FImages%2FModels%2FFull%2F36786.jpg&feedId=102894&k=53f68e04a9e55df62811f1f90b2d5f65cce1cbda,USD,,12.95,https://www.dv8fashion.com/en/Saint-Genies-Lurex-Halter-Neck-Top---Blue/m-36786.aspx?PartnerID=4730&utm_source=awin&utm_medium=affiliate&utm_campaign=UnitedStatesUS,,,USD34.95,102894,DV8 Fashion,1,,https://www.dv8fashion.com/Images/Models/Full/36786-1.jpg,https://www.dv8fashion.com/Images/Models/Full/36786-2.jpg,,https://www.dv8fashion.com/Images/Models/Full/36786-3.jpg,Womens,Tops & T-Shirts
https://www.awin1.com/pclick.php?p=44086910372&a=2771700&m=116329,Saint Genies Lurex Halter Neck Top - Blue - XS,44086910372,271950AWUS,https://www.dv8fashion.com/Images/Models/Full/36786.jpg,Complete your new season wardrobe with this stunner of a top! Featuring a chic cowl draped neckline and stretch spun pink fabric...      Stretch pink fabric     Draped cowl neckline Product Code: P-86087-61--,Sleeveless Tops,34.95,DV8 Fashion (USA),116329,Women's Tops,204,https://images2.productserve.com/?w=200&h=200&bg=white&trim=5&t=letterbox&url=ssl%3Awww.dv8fashion.com%2FImages%2FModels%2FFull%2F36786.jpg&feedId=102894&k=53f68e04a9e55df62811f1f90b2d5f65cce1cbda,USD,,12.95,https://www.dv8fashion.com/en/Saint-Genies-Lurex-Halter-Neck-Top---Blue/m-36786.aspx?PartnerID=4730&utm_source=awin&utm_medium=affiliate&utm_campaign=UnitedStatesUS,,,USD34.95,102894,DV8 Fashion,1,,https://www.dv8fashion.com/Images/Models/Full/36786-1.jpg,https://www.dv8fashion.com/Images/Models/Full/36786-2.jpg,,https://www.dv8fashion.com/Images/Models/Full/36786-3.jpg,Womens,Tops & T-Shirts
https://www.awin1.com/pclick.php?p=44086910383&a=2771700&m=116329,Saint Genies Stripe Ruched Halter Neck Top - Baby Pink / Brown - L,44086910383,271979AWUS,https://www.dv8fashion.com/Images/Models/Full/36789.jpg,Did someone say new season? Get the fresh style with our halter top by Saint Genies...      Ruched fabric     Pink and brown stripe pattern     Halter neck with tie fastening     Fitted style Product Code: P-86492-38--,Sleeveless Tops,34.95,DV8 Fashion (USA),116329,Women's Tops,204,https://images2.productserve.com/?w=200&h=200&bg=white&trim=5&t=letterbox&url=ssl%3Awww.dv8fashion.com%2FImages%2FModels%2FFull%2F36789.jpg&feedId=102894&k=b70721ddfc708eafdf8cf377d643bf78ec64386e,USD,,12.95,https://www.dv8fashion.com/en/Saint-Genies-Stripe-Ruched-Halter-Neck-Top---Baby-Pink--Brown/m-36789.aspx?PartnerID=4730&utm_source=awin&utm_medium=affiliate&utm_campaign=UnitedStatesUS,,,USD34.95,102894,DV8 Fashion,1,,https://www.dv8fashion.com/Images/Models/Full/36789-1.jpg,https://www.dv8fashion.com/Images/Models/Full/36789-2.jpg,,https://www.dv8fashion.com/Images/Models/Full/36789-3.jpg,Womens,Tops & T-Shirts
https://www.awin1.com/pclick.php?p=44086910392&a=2771700&m=116329,Saint Genies Pinstripe Halter Zip Top - Green / White - XS,44086910392,271994AWUS,https://www.dv8fashion.com/Images/Models/Full/36790.jpg,New season Saint Genies has landed...      Product Type: Top     Neck: Halter neck strap     Pattern: Pinstripe     Sleeve: Sleeveless     Extra details: Zip front Product Code: P-86491-45--,Sleeveless Tops,44.95,DV8 Fashion (USA),116329,Women's Tops,204,https://images2.productserve.com/?w=200&h=200&bg=white&trim=5&t=letterbox&url=ssl%3Awww.dv8fashion.com%2FImages%2FModels%2FFull%2F36790.jpg&feedId=102894&k=ebe3c388f056a75da798aa39d23e0f814ce9cf7b,USD,,12.95,https://www.dv8fashion.com/en/Saint-Genies-Pinstripe-Halter-Zip-Top---Green--White/m-36790.aspx?PartnerID=4730&utm_source=awin&utm_medium=affiliate&utm_campaign=UnitedStatesUS,,,USD44.95,102894,DV8 Fashion,1,,https://www.dv8fashion.com/Images/Models/Full/36790-1.jpg,https://www.dv8fashion.com/Images/Models/Full/36790-2.jpg,,https://www.dv8fashion.com/Images/Models/Full/36790-3.jpg,Womens,Tops & T-Shirts
https://www.awin1.com/pclick.php?p=44086910449&a=2771700&m=116329,Saint Genies Crepe Sleeveless Button Top - Brown - M,44086910449,272145AWUS,https://www.dv8fashion.com/Images/Models/Full/36804.jpg,New season Saint Genies has landed...      Product Type: Top     Fabric: Crinkle fabric     Details: Button front     Fit: Fitted     Make it a co-ord with a matching trousers Product Code: P-86044-27--,Sleeveless Tops,34.95,DV8 Fashion (USA),116329,Women's Tops,204,https://images2.productserve.com/?w=200&h=200&bg=white&trim=5&t=letterbox&url=ssl%3Awww.dv8fashion.com%2FImages%2FModels%2FFull%2F36804.jpg&feedId=102894&k=fdf794bff93b2a21dd70caa43a6c5eb77a656aa8,USD,,12.95,https://www.dv8fashion.com/en/Saint-Genies-Crepe-Sleeveless-Button-Top---Brown/m-36804.aspx?PartnerID=4730&utm_source=awin&utm_medium=affiliate&utm_campaign=UnitedStatesUS,,,USD34.95,102894,DV8 Fashion,1,,https://www.dv8fashion.com/Images/Models/Full/36804-1.jpg,https://www.dv8fashion.com/Images/Models/Full/36804-2.jpg,,https://www.dv8fashion.com/Images/Models/Full/36804-3.jpg,Womens,Tops & T-Shirts
https://www.awin1.com/pclick.php?p=44086910452&a=2771700&m=116329,Saint Genies Crepe Sleeveless Button Top - Brown - XS,44086910452,272148AWUS,https://www.dv8fashion.com/Images/Models/Full/36804.jpg,New season Saint Genies has landed...      Product Type: Top     Fabric: Crinkle fabric     Details: Button front     Fit: Fitted     Make it a co-ord with a matching trousers Product Code: P-86044-27--,Sleeveless Tops,34.95,DV8 Fashion (USA),116329,Women's Tops,204,https://images2.productserve.com/?w=200&h=200&bg=white&trim=5&t=letterbox&url=ssl%3Awww.dv8fashion.com%2FImages%2FModels%2FFull%2F36804.jpg&feedId=102894&k=fdf794bff93b2a21dd70caa43a6c5eb77a656aa8,USD,,12.95,https://www.dv8fashion.com/en/Saint-Genies-Crepe-Sleeveless-Button-Top---Brown/m-36804.aspx?PartnerID=4730&utm_source=awin&utm_medium=affiliate&utm_campaign=UnitedStatesUS,,,USD34.95,102894,DV8 Fashion,1,,https://www.dv8fashion.com/Images/Models/Full/36804-1.jpg,https://www.dv8fashion.com/Images/Models/Full/36804-2.jpg,,https://www.dv8fashion.com/Images/Models/Full/36804-3.jpg,Womens,Tops & T-Shirts
https://www.awin1.com/pclick.php?p=44086910450&a=2771700&m=116329,Saint Genies Crepe Sleeveless Button Top - Brown - S,44086910450,272146AWUS,https://www.dv8fashion.com/Images/Models/Full/36804.jpg,New season Saint Genies has landed...      Product Type: Top     Fabric: Crinkle fabric     Details: Button front     Fit: Fitted     Make it a co-ord with a matching trousers Product Code: P-86044-27--,Sleeveless Tops,34.95,DV8 Fashion (USA),116329,Women's Tops,204,https://images2.productserve.com/?w=200&h=200&bg=white&trim=5&t=letterbox&url=ssl%3Awww.dv8fashion.com%2FImages%2FModels%2FFull%2F36804.jpg&feedId=102894&k=fdf794bff93b2a21dd70caa43a6c5eb77a656aa8,USD,,12.95,https://www.dv8fashion.com/en/Saint-Genies-Crepe-Sleeveless-Button-Top---Brown/m-36804.aspx?PartnerID=4730&utm_source=awin&utm_medium=affiliate&utm_campaign=UnitedStatesUS,,,USD34.95,102894,DV8 Fashion,1,,https://www.dv8fashion.com/Images/Models/Full/36804-1.jpg,https://www.dv8fashion.com/Images/Models/Full/36804-2.jpg,,https://www.dv8fashion.com/Images/Models/Full/36804-3.jpg,Womens,Tops & T-Shirts
https://www.awin1.com/pclick.php?p=44086910465&a=2771700&m=116329,Saint Genies Stripe Sleeveless Button Top - Pink - XS,44086910465,272181AWUS,https://www.dv8fashion.com/Images/Models/Full/36807.jpg,New season Saint Genies has landed...      Product Type: Top     Fabric: Stripe fabric     Sleeves: Sleeveless     Fit: Fitted     Make it a co-ord with matching trousers Product Code: P-85987-38--,Sleeveless Tops,34.95,DV8 Fashion (USA),116329,Women's Tops,204,https://images2.productserve.com/?w=200&h=200&bg=white&trim=5&t=letterbox&url=ssl%3Awww.dv8fashion.com%2FImages%2FModels%2FFull%2F36807.jpg&feedId=102894&k=13ff7cc0b8e40510829939946b54b2502b84ba09,USD,,12.95,https://www.dv8fashion.com/en/Saint-Genies-Stripe-Sleeveless-Button-Top---Pink/m-36807.aspx?PartnerID=4730&utm_source=awin&utm_medium=affiliate&utm_campaign=UnitedStatesUS,,,USD34.95,102894,DV8 Fashion,1,,https://www.dv8fashion.com/Images/Models/Full/36807-1.jpg,https://www.dv8fashion.com/Images/Models/Full/36807-2.jpg,,https://www.dv8fashion.com/Images/Models/Full/36807-3.jpg,Womens,Tops & T-Shirts
https://www.awin1.com/pclick.php?p=44086910496&a=2771700&m=116329,Saint Genies Crepe Sleeveless Button Top - Water Blue - XL,44086910496,272269AWUS,https://www.dv8fashion.com/Images/Models/Full/36814.jpg,New season Saint Genies has landed...      Product Type: Top     Fabric: Crinkle fabric     Details: Button front     Fit: Fitted     Make it a co-ord with a matching trousers Product Code: P-86487-61--,Sleeveless Tops,34.95,DV8 Fashion (USA),116329,Women's Tops,204,https://images2.productserve.com/?w=200&h=200&bg=white&trim=5&t=letterbox&url=ssl%3Awww.dv8fashion.com%2FImages%2FModels%2FFull%2F36814.jpg&feedId=102894&k=49c14b173f70c5ca67e3573cc9a5dca7e04e4945,USD,,12.95,https://www.dv8fashion.com/en/Saint-Genies-Crepe-Sleeveless-Button-Top---Water-Blue/m-36814.aspx?PartnerID=4730&utm_source=awin&utm_medium=affiliate&utm_campaign=UnitedStatesUS,,,USD34.95,102894,DV8 Fashion,1,,https://www.dv8fashion.com/Images/Models/Full/36814-1.jpg,https://www.dv8fashion.com/Images/Models/Full/36814-2.jpg,,https://www.dv8fashion.com/Images/Models/Full/36814-3.jpg,Womens,Tops & T-Shirts
https://www.awin1.com/pclick.php?p=44086910494&a=2771700&m=116329,Saint Genies Crepe Sleeveless Button Top - Water Blue - M,44086910494,272267AWUS,https://www.dv8fashion.com/Images/Models/Full/36814.jpg,New season Saint Genies has landed...      Product Type: Top     Fabric: Crinkle fabric     Details: Button front     Fit: Fitted     Make it a co-ord with a matching trousers Product Code: P-86487-61--,Sleeveless Tops,34.95,DV8 Fashion (USA),116329,Women's Tops,204,https://images2.productserve.com/?w=200&h=200&bg=white&trim=5&t=letterbox&url=ssl%3Awww.dv8fashion.com%2FImages%2FModels%2FFull%2F36814.jpg&feedId=102894&k=49c14b173f70c5ca67e3573cc9a5dca7e04e4945,USD,,12.95,https://www.dv8fashion.com/en/Saint-Genies-Crepe-Sleeveless-Button-Top---Water-Blue/m-36814.aspx?PartnerID=4730&utm_source=awin&utm_medium=affiliate&utm_campaign=UnitedStatesUS,,,USD34.95,102894,DV8 Fashion,1,,https://www.dv8fashion.com/Images/Models/Full/36814-1.jpg,https://www.dv8fashion.com/Images/Models/Full/36814-2.jpg,,https://www.dv8fashion.com/Images/Models/Full/36814-3.jpg,Womens,Tops & T-Shirts
https://www.awin1.com/pclick.php?p=44086910495&a=2771700&m=116329,Saint Genies Crepe Sleeveless Button Top - Water Blue - S,44086910495,272268AWUS,https://www.dv8fashion.com/Images/Models/Full/36814.jpg,New season Saint Genies has landed...      Product Type: Top     Fabric: Crinkle fabric     Details: Button front     Fit: Fitted     Make it a co-ord with a matching trousers Product Code: P-86487-61--,Sleeveless Tops,34.95,DV8 Fashion (USA),116329,Women's Tops,204,https://images2.productserve.com/?w=200&h=200&bg=white&trim=5&t=letterbox&url=ssl%3Awww.dv8fashion.com%2FImages%2FModels%2FFull%2F36814.jpg&feedId=102894&k=49c14b173f70c5ca67e3573cc9a5dca7e04e4945,USD,,12.95,https://www.dv8fashion.com/en/Saint-Genies-Crepe-Sleeveless-Button-Top---Water-Blue/m-36814.aspx?PartnerID=4730&utm_source=awin&utm_medium=affiliate&utm_campaign=UnitedStatesUS,,,USD34.95,102894,DV8 Fashion,1,,https://www.dv8fashion.com/Images/Models/Full/36814-1.jpg,https://www.dv8fashion.com/Images/Models/Full/36814-2.jpg,,https://www.dv8fashion.com/Images/Models/Full/36814-3.jpg,Womens,Tops & T-Shirts
https://www.awin1.com/pclick.php?p=44126829594&a=2771700&m=116329,Tally Weijl Lace Asymmetric Top - White - M,44126829594,272589AWUS,https://www.dv8fashion.com/Images/Models/Full/36848.jpg,This white lace asymmetric top brings elegance to a modern fitted silhouette. The delicate lace fabric adds a refined and feminine touch. The asymmetric neckline gives the design a trendy edge. The fitted cut enhances the shape while staying comfortable. Ideal for styling with denim or tailored bottoms      Neckline: Asymmetric     Details: Lace Trims     Sleeve shape: Short Sleeves     Product: Top     Fit: Fitted     Colors: White Product Code: P-86555-11--,Sleeveless Tops,47.95,DV8 Fashion (USA),116329,Women's Tops,204,https://images2.productserve.com/?w=200&h=200&bg=white&trim=5&t=letterbox&url=ssl%3Awww.dv8fashion.com%2FImages%2FModels%2FFull%2F36848.jpg&feedId=102894&k=4251b1fdb66bc431198c59743d3b899966ce5ee9,USD,,12.95,https://www.dv8fashion.com/en/Tally-Weijl-Lace-Asymmetric-Top---White/m-36848.aspx?PartnerID=4730&utm_source=awin&utm_medium=affiliate&utm_campaign=UnitedStatesUS,,,USD47.95,102894,DV8 Fashion,1,,https://www.dv8fashion.com/Images/Models/Full/36848-1.jpg,https://www.dv8fashion.com/Images/Models/Full/36848-2.jpg,,https://www.dv8fashion.com/Images/Models/Full/36848-3.jpg,Womens,Tops & T-Shirts
https://www.awin1.com/pclick.php?p=43436825476&a=2771700&m=116329,Saint Genies Satin High Halter Neck Top - Black - S,43436825476,265233AWUS,https://www.dv8fashion.com/Images/Models/Full/36185.jpg,Complete your new season wardrobe with this stunner of a top! Featuring a chic cowl draped high neckline and satin fabric...      Satin fabric     Draped high neck cowl neckline Product Code: P-85226-10--,Sleeveless Tops,34.95,DV8 Fashion (USA),116329,Women's Tops,204,https://images2.productserve.com/?w=200&h=200&bg=white&trim=5&t=letterbox&url=ssl%3Awww.dv8fashion.com%2FImages%2FModels%2FFull%2F36185.jpg&feedId=102894&k=707ce3a73ebf2fe5e486865bdd454ab672e700f0,USD,,12.95,https://www.dv8fashion.com/en/Saint-Genies-Satin-High-Halter-Neck-Top---Black/m-36185.aspx?PartnerID=4730&utm_source=awin&utm_medium=affiliate&utm_campaign=UnitedStatesUS,,,USD34.95,102894,DV8 Fashion,1,,https://www.dv8fashion.com/Images/Models/Full/36185-1.jpg,https://www.dv8fashion.com/Images/Models/Full/36185-2.jpg,,https://www.dv8fashion.com/Images/Models/Full/36185-3.jpg,Womens,Tops & T-Shirts
https://www.awin1.com/pclick.php?p=43488617662&a=2771700&m=116329,Saint Genies Satin V Neck Top With Tie Detail - Cream - M,43488617662,266173AWUS,https://www.dv8fashion.com/Images/Models/Full/36266.jpg,This classic v neck white top is the perfect party piece      V neckline     Back strap     Silk feel fabric     Tie detailing Product Code: P-85329-26--,Sleeveless Tops,39.95,DV8 Fashion (USA),116329,Women's Tops,204,https://images2.productserve.com/?w=200&h=200&bg=white&trim=5&t=letterbox&url=ssl%3Awww.dv8fashion.com%2FImages%2FModels%2FFull%2F36266.jpg&feedId=102894&k=e82fc8e2d56ec6a68c8e26be2a4351c10b60fda3,USD,,12.95,https://www.dv8fashion.com/en/Saint-Genies-Satin-V-Neck-Top-With-Tie-Detail---Cream/m-36266.aspx?PartnerID=4730&utm_source=awin&utm_medium=affiliate&utm_campaign=UnitedStatesUS,,,USD39.95,102894,DV8 Fashion,1,,https://www.dv8fashion.com/Images/Models/Full/36266-1.jpg,https://www.dv8fashion.com/Images/Models/Full/36266-2.jpg,,https://www.dv8fashion.com/Images/Models/Full/36266-3.jpg,Womens,Tops & T-Shirts
https://www.awin1.com/pclick.php?p=43839684318&a=2771700&m=116329,Saint Genies Lace Top With Ruffles - Pink - XS,43839684318,268930AWUS,https://www.dv8fashion.com/Images/Models/Full/36517.jpg,"Elevate your wardrobe with this stunning Black Lace Top with Ruffles, perfect for adding a touch of elegance and playfulness to any look      Neckline: V-Neck     Fabric: Lace     Details: Ruched, Ruffles     Length: Cropped     Sleeves: Spaghetti     Product type: Top Product Code: P-86035-38--",Sleeveless Tops,45.95,DV8 Fashion (USA),116329,Women's Tops,204,https://images2.productserve.com/?w=200&h=200&bg=white&trim=5&t=letterbox&url=ssl%3Awww.dv8fashion.com%2FImages%2FModels%2FFull%2F36517.jpg&feedId=102894&k=b3235680fa3b31355c4e5d1ee58a4c6735b1da18,USD,,12.95,https://www.dv8fashion.com/en/Saint-Genies-Lace-Top-With-Ruffles---Pink/m-36517.aspx?PartnerID=4730&utm_source=awin&utm_medium=affiliate&utm_campaign=UnitedStatesUS,,,USD45.95,102894,DV8 Fashion,1,,https://www.dv8fashion.com/Images/Models/Full/36517-1.jpg,https://www.dv8fashion.com/Images/Models/Full/36517-2.jpg,,https://www.dv8fashion.com/Images/Models/Full/36517-3.jpg,Womens,Tops & T-Shirts
https://www.awin1.com/pclick.php?p=43820832898&a=2771700&m=116329,Veromoda Saga Top - Black - XS,43820832898,268510AWUS,https://www.dv8fashion.com/Images/Models/Full/36476.jpg,"Basics are inevitable to find in almost every wardrobe out there. Our basic tops help bind an outfit together and this top makes no exception. Wear it with a shacket on top, a pair of relaxed mom-jeans, and chunky boots and you get a relaxed and cool everyday look      Product Type: Top     Neck: Boat neck     Sleeve: Sleeveless     Fit: Regular Fit Product Code: P-86065-10--",Sleeveless Tops,31.95,DV8 Fashion (USA),116329,Women's Tops,204,https://images2.productserve.com/?w=200&h=200&bg=white&trim=5&t=letterbox&url=ssl%3Awww.dv8fashion.com%2FImages%2FModels%2FFull%2F36476.jpg&feedId=102894&k=ef22823260b72b925ce67386348a0df175498fe8,USD,,12.95,https://www.dv8fashion.com/en/Veromoda-Saga-Top---Black/m-36476.aspx?PartnerID=4730&utm_source=awin&utm_medium=affiliate&utm_campaign=UnitedStatesUS,,,USD31.95,102894,DV8 Fashion,1,,https://www.dv8fashion.com/Images/Models/Full/36476-1.jpg,https://www.dv8fashion.com/Images/Models/Full/36476-2.jpg,,https://www.dv8fashion.com/Images/Models/Full/36476-3.jpg,Womens,Tops & T-Shirts
https://www.awin1.com/pclick.php?p=43971212185&a=2771700&m=116329,Saint Genies Bow Detail Top - Yellow - M,43971212185,270199AWUS,https://www.dv8fashion.com/Images/Models/Full/36629.jpg,Get new season ready with this bow detail top by Saint Genies. This stunning piece is designed to make you stand out wherever you go      Colour: Yellow     Details: Bow detail     Sleeves: Sleeveless     Product type: Top     Fit: Fitted     Fastening: Side Zip Product Code: P-86232-25--,Sleeveless Tops,46.95,DV8 Fashion (USA),116329,Women's Tops,204,https://images2.productserve.com/?w=200&h=200&bg=white&trim=5&t=letterbox&url=ssl%3Awww.dv8fashion.com%2FImages%2FModels%2FFull%2F36629.jpg&feedId=102894&k=e73c87898419ad8a5245e0e68c6028721801937d,USD,,12.95,https://www.dv8fashion.com/en/Saint-Genies-Bow-Detail-Top---Yellow/m-36629.aspx?PartnerID=4730&utm_source=awin&utm_medium=affiliate&utm_campaign=UnitedStatesUS,,,USD46.95,102894,DV8 Fashion,1,,https://www.dv8fashion.com/Images/Models/Full/36629-1.jpg,https://www.dv8fashion.com/Images/Models/Full/36629-2.jpg,,https://www.dv8fashion.com/Images/Models/Full/36629-3.jpg,Womens,Tops & T-Shirts
https://www.awin1.com/pclick.php?p=44086910399&a=2771700&m=116329,Saint Genies Satin High Halter Neck Top - Icy Blue - M,44086910399,272013AWUS,https://www.dv8fashion.com/Images/Models/Full/36792.jpg,Complete your new season wardrobe with this stunner of a top! Featuring a chic cowl draped high neckline and satin fabric...      Satin fabric     Draped high neck cowl neckline Product Code: P-86490-61--,Sleeveless Tops,34.95,DV8 Fashion (USA),116329,Women's Tops,204,https://images2.productserve.com/?w=200&h=200&bg=white&trim=5&t=letterbox&url=ssl%3Awww.dv8fashion.com%2FImages%2FModels%2FFull%2F36792.jpg&feedId=102894&k=2b6b706a2780d298696463dce00e6fa989aac7c0,USD,,12.95,https://www.dv8fashion.com/en/Saint-Genies-Satin-High-Halter-Neck-Top---Icy-Blue/m-36792.aspx?PartnerID=4730&utm_source=awin&utm_medium=affiliate&utm_campaign=UnitedStatesUS,,,USD34.95,102894,DV8 Fashion,1,,https://www.dv8fashion.com/Images/Models/Full/36792-1.jpg,https://www.dv8fashion.com/Images/Models/Full/36792-2.jpg,,https://www.dv8fashion.com/Images/Models/Full/36792-3.jpg,Womens,Tops & T-Shirts
https://www.awin1.com/pclick.php?p=44146850137&a=2771700&m=116329,Saint Genies Satin High Halter Neck Top - Icy Blue - XL,44146850137,272015AWUS,https://www.dv8fashion.com/Images/Models/Full/36792.jpg,Complete your new season wardrobe with this stunner of a top! Featuring a chic cowl draped high neckline and satin fabric...      Satin fabric     Draped high neck cowl neckline Product Code: P-86490-61--,Sleeveless Tops,34.95,DV8 Fashion (USA),116329,Women's Tops,204,https://images2.productserve.com/?w=200&h=200&bg=white&trim=5&t=letterbox&url=ssl%3Awww.dv8fashion.com%2FImages%2FModels%2FFull%2F36792.jpg&feedId=102894&k=2b6b706a2780d298696463dce00e6fa989aac7c0,USD,,12.95,https://www.dv8fashion.com/en/Saint-Genies-Satin-High-Halter-Neck-Top---Icy-Blue/m-36792.aspx?PartnerID=4730&utm_source=awin&utm_medium=affiliate&utm_campaign=UnitedStatesUS,,,USD34.95,102894,DV8 Fashion,1,,https://www.dv8fashion.com/Images/Models/Full/36792-1.jpg,https://www.dv8fashion.com/Images/Models/Full/36792-2.jpg,,https://www.dv8fashion.com/Images/Models/Full/36792-3.jpg,Womens,Tops & T-Shirts
https://www.awin1.com/pclick.php?p=43971212284&a=2771700&m=116329,Saint Genies Ruched Halter Neck Top - White - L,43971212284,270440AWUS,https://www.dv8fashion.com/Images/Models/Full/36651.jpg,Did someone say new season? Get the fresh style with our halter top by Saint Genies...      Ruched slinky fabric     Halter neck with tie fastening     Fitted style Product Code: P-86231-11--,Sleeveless Tops,35.95,DV8 Fashion (USA),116329,Women's Tops,204,https://images2.productserve.com/?w=200&h=200&bg=white&trim=5&t=letterbox&url=ssl%3Awww.dv8fashion.com%2FImages%2FModels%2FFull%2F36651.jpg&feedId=102894&k=3f9d10742758af20c34950331913078a01b0544a,USD,,12.95,https://www.dv8fashion.com/en/Saint-Genies-Ruched-Halter-Neck-Top---White/m-36651.aspx?PartnerID=4730&utm_source=awin&utm_medium=affiliate&utm_campaign=UnitedStatesUS,,,USD35.95,102894,DV8 Fashion,1,,https://www.dv8fashion.com/Images/Models/Full/36651-1.jpg,https://www.dv8fashion.com/Images/Models/Full/36651-2.jpg,,https://www.dv8fashion.com/Images/Models/Full/36651-3.jpg,Womens,Tops & T-Shirts
https://www.awin1.com/pclick.php?p=44086910408&a=2771700&m=116329,Saint Genies Satin High Neck Top - Cream - M,44086910408,272035AWUS,https://www.dv8fashion.com/Images/Models/Full/36794.jpg,Complete your new season wardrobe with this stunner of a top! Featuring a high neckline and satin fabric...      Satin fabric     High neckline and button fastening     Sleeveless style Product Code: P-86101-11--,Sleeveless Tops,39.95,DV8 Fashion (USA),116329,Women's Tops,204,https://images2.productserve.com/?w=200&h=200&bg=white&trim=5&t=letterbox&url=ssl%3Awww.dv8fashion.com%2FImages%2FModels%2FFull%2F36794.jpg&feedId=102894&k=56edd37cff0f18de2a0d18024890ebd52b327c66,USD,,12.95,https://www.dv8fashion.com/en/Saint-Genies-Satin-High-Neck-Top---Cream/m-36794.aspx?PartnerID=4730&utm_source=awin&utm_medium=affiliate&utm_campaign=UnitedStatesUS,,,USD39.95,102894,DV8 Fashion,1,,https://www.dv8fashion.com/Images/Models/Full/36794-1.jpg,https://www.dv8fashion.com/Images/Models/Full/36794-2.jpg,,https://www.dv8fashion.com/Images/Models/Full/36794-3.jpg,Womens,Tops & T-Shirts
https://www.awin1.com/pclick.php?p=44086910462&a=2771700&m=116329,Saint Genies Stripe Sleeveless Button Top - Pink - M,44086910462,272178AWUS,https://www.dv8fashion.com/Images/Models/Full/36807.jpg,New season Saint Genies has landed...      Product Type: Top     Fabric: Stripe fabric     Sleeves: Sleeveless     Fit: Fitted     Make it a co-ord with matching trousers Product Code: P-85987-38--,Sleeveless Tops,34.95,DV8 Fashion (USA),116329,Women's Tops,204,https://images2.productserve.com/?w=200&h=200&bg=white&trim=5&t=letterbox&url=ssl%3Awww.dv8fashion.com%2FImages%2FModels%2FFull%2F36807.jpg&feedId=102894&k=13ff7cc0b8e40510829939946b54b2502b84ba09,USD,,12.95,https://www.dv8fashion.com/en/Saint-Genies-Stripe-Sleeveless-Button-Top---Pink/m-36807.aspx?PartnerID=4730&utm_source=awin&utm_medium=affiliate&utm_campaign=UnitedStatesUS,,,USD34.95,102894,DV8 Fashion,1,,https://www.dv8fashion.com/Images/Models/Full/36807-1.jpg,https://www.dv8fashion.com/Images/Models/Full/36807-2.jpg,,https://www.dv8fashion.com/Images/Models/Full/36807-3.jpg,Womens,Tops & T-Shirts
https://www.awin1.com/pclick.php?p=44086910388&a=2771700&m=116329,Saint Genies Pinstripe Halter Zip Top - Green / White - L,44086910388,271990AWUS,https://www.dv8fashion.com/Images/Models/Full/36790.jpg,New season Saint Genies has landed...      Product Type: Top     Neck: Halter neck strap     Pattern: Pinstripe     Sleeve: Sleeveless     Extra details: Zip front Product Code: P-86491-45--,Sleeveless Tops,44.95,DV8 Fashion (USA),116329,Women's Tops,204,https://images2.productserve.com/?w=200&h=200&bg=white&trim=5&t=letterbox&url=ssl%3Awww.dv8fashion.com%2FImages%2FModels%2FFull%2F36790.jpg&feedId=102894&k=ebe3c388f056a75da798aa39d23e0f814ce9cf7b,USD,,12.95,https://www.dv8fashion.com/en/Saint-Genies-Pinstripe-Halter-Zip-Top---Green--White/m-36790.aspx?PartnerID=4730&utm_source=awin&utm_medium=affiliate&utm_campaign=UnitedStatesUS,,,USD44.95,102894,DV8 Fashion,1,,https://www.dv8fashion.com/Images/Models/Full/36790-1.jpg,https://www.dv8fashion.com/Images/Models/Full/36790-2.jpg,,https://www.dv8fashion.com/Images/Models/Full/36790-3.jpg,Womens,Tops & T-Shirts
https://www.awin1.com/pclick.php?p=44086910407&a=2771700&m=116329,Saint Genies Satin High Neck Top - Cream - L,44086910407,272034AWUS,https://www.dv8fashion.com/Images/Models/Full/36794.jpg,Complete your new season wardrobe with this stunner of a top! Featuring a high neckline and satin fabric...      Satin fabric     High neckline and button fastening     Sleeveless style Product Code: P-86101-11--,Sleeveless Tops,39.95,DV8 Fashion (USA),116329,Women's Tops,204,https://images2.productserve.com/?w=200&h=200&bg=white&trim=5&t=letterbox&url=ssl%3Awww.dv8fashion.com%2FImages%2FModels%2FFull%2F36794.jpg&feedId=102894&k=56edd37cff0f18de2a0d18024890ebd52b327c66,USD,,12.95,https://www.dv8fashion.com/en/Saint-Genies-Satin-High-Neck-Top---Cream/m-36794.aspx?PartnerID=4730&utm_source=awin&utm_medium=affiliate&utm_campaign=UnitedStatesUS,,,USD39.95,102894,DV8 Fashion,1,,https://www.dv8fashion.com/Images/Models/Full/36794-1.jpg,https://www.dv8fashion.com/Images/Models/Full/36794-2.jpg,,https://www.dv8fashion.com/Images/Models/Full/36794-3.jpg,Womens,Tops & T-Shirts
https://www.awin1.com/pclick.php?p=43830292450&a=2771700&m=116329,Saint Genies Floral Printed Halter Top - Dark Brown - XS,43830292450,268692AWUS,https://www.dv8fashion.com/Images/Models/Full/36494.jpg,Complete your new season wardrobe with this stunner of a top! Featuring a chic cowl draped high neckline and satin fabric with a summer pattern print...      Satin fabric     Draped high neck cowl neckline and button fastening     Floral pattern print Product Code: P-86033-27--,Sleeveless Tops,35.95,DV8 Fashion (USA),116329,Women's Tops,204,https://images2.productserve.com/?w=200&h=200&bg=white&trim=5&t=letterbox&url=ssl%3Awww.dv8fashion.com%2FImages%2FModels%2FFull%2F36494.jpg&feedId=102894&k=243631c71fae605aaa42f53017267d1d74f73b2d,USD,,12.95,https://www.dv8fashion.com/en/Saint-Genies-Floral-Printed-Halter-Top---Dark-Brown/m-36494.aspx?PartnerID=4730&utm_source=awin&utm_medium=affiliate&utm_campaign=UnitedStatesUS,,,USD35.95,102894,DV8 Fashion,1,,https://www.dv8fashion.com/Images/Models/Full/36494-1.jpg,https://www.dv8fashion.com/Images/Models/Full/36494-2.jpg,,https://www.dv8fashion.com/Images/Models/Full/36494-3.jpg,Womens,Tops & T-Shirts
https://www.awin1.com/pclick.php?p=43830292447&a=2771700&m=116329,Saint Genies Floral Printed Halter Top - Dark Brown - M,43830292447,268689AWUS,https://www.dv8fashion.com/Images/Models/Full/36494.jpg,Complete your new season wardrobe with this stunner of a top! Featuring a chic cowl draped high neckline and satin fabric with a summer pattern print...      Satin fabric     Draped high neck cowl neckline and button fastening     Floral pattern print Product Code: P-86033-27--,Sleeveless Tops,35.95,DV8 Fashion (USA),116329,Women's Tops,204,https://images2.productserve.com/?w=200&h=200&bg=white&trim=5&t=letterbox&url=ssl%3Awww.dv8fashion.com%2FImages%2FModels%2FFull%2F36494.jpg&feedId=102894&k=243631c71fae605aaa42f53017267d1d74f73b2d,USD,,12.95,https://www.dv8fashion.com/en/Saint-Genies-Floral-Printed-Halter-Top---Dark-Brown/m-36494.aspx?PartnerID=4730&utm_source=awin&utm_medium=affiliate&utm_campaign=UnitedStatesUS,,,USD35.95,102894,DV8 Fashion,1,,https://www.dv8fashion.com/Images/Models/Full/36494-1.jpg,https://www.dv8fashion.com/Images/Models/Full/36494-2.jpg,,https://www.dv8fashion.com/Images/Models/Full/36494-3.jpg,Womens,Tops & T-Shirts
https://www.awin1.com/pclick.php?p=43839684239&a=2771700&m=116329,Saint Genies Cowl Neck Halter Top - White - L,43839684239,268749AWUS,https://www.dv8fashion.com/Images/Models/Full/36500.jpg,Complete your new season wardrobe with this stunner of a top! Featuring a chic cowl draped neckline and stretch satin fabric...      Stretch satin fabric     Draped cowl neckline Product Code: P-86036-11--,Sleeveless Tops,33.95,DV8 Fashion (USA),116329,Women's Tops,204,https://images2.productserve.com/?w=200&h=200&bg=white&trim=5&t=letterbox&url=ssl%3Awww.dv8fashion.com%2FImages%2FModels%2FFull%2F36500.jpg&feedId=102894&k=9430c4387e210d2bb0941458ff706e6887b751fc,USD,,12.95,https://www.dv8fashion.com/en/Saint-Genies-Cowl-Neck-Halter-Top---White/m-36500.aspx?PartnerID=4730&utm_source=awin&utm_medium=affiliate&utm_campaign=UnitedStatesUS,,,USD33.95,102894,DV8 Fashion,1,,https://www.dv8fashion.com/Images/Models/Full/36500-1.jpg,https://www.dv8fashion.com/Images/Models/Full/36500-2.jpg,,https://www.dv8fashion.com/Images/Models/Full/36500-3.jpg,Womens,Tops & T-Shirts
https://www.awin1.com/pclick.php?p=44086910389&a=2771700&m=116329,Saint Genies Pinstripe Halter Zip Top - Green / White - M,44086910389,271991AWUS,https://www.dv8fashion.com/Images/Models/Full/36790.jpg,New season Saint Genies has landed...      Product Type: Top     Neck: Halter neck strap     Pattern: Pinstripe     Sleeve: Sleeveless     Extra details: Zip front Product Code: P-86491-45--,Sleeveless Tops,44.95,DV8 Fashion (USA),116329,Women's Tops,204,https://images2.productserve.com/?w=200&h=200&bg=white&trim=5&t=letterbox&url=ssl%3Awww.dv8fashion.com%2FImages%2FModels%2FFull%2F36790.jpg&feedId=102894&k=ebe3c388f056a75da798aa39d23e0f814ce9cf7b,USD,,12.95,https://www.dv8fashion.com/en/Saint-Genies-Pinstripe-Halter-Zip-Top---Green--White/m-36790.aspx?PartnerID=4730&utm_source=awin&utm_medium=affiliate&utm_campaign=UnitedStatesUS,,,USD44.95,102894,DV8 Fashion,1,,https://www.dv8fashion.com/Images/Models/Full/36790-1.jpg,https://www.dv8fashion.com/Images/Models/Full/36790-2.jpg,,https://www.dv8fashion.com/Images/Models/Full/36790-3.jpg,Womens,Tops & T-Shirts
https://www.awin1.com/pclick.php?p=44086910390&a=2771700&m=116329,Saint Genies Pinstripe Halter Zip Top - Green / White - S,44086910390,271992AWUS,https://www.dv8fashion.com/Images/Models/Full/36790.jpg,New season Saint Genies has landed...      Product Type: Top     Neck: Halter neck strap     Pattern: Pinstripe     Sleeve: Sleeveless     Extra details: Zip front Product Code: P-86491-45--,Sleeveless Tops,44.95,DV8 Fashion (USA),116329,Women's Tops,204,https://images2.productserve.com/?w=200&h=200&bg=white&trim=5&t=letterbox&url=ssl%3Awww.dv8fashion.com%2FImages%2FModels%2FFull%2F36790.jpg&feedId=102894&k=ebe3c388f056a75da798aa39d23e0f814ce9cf7b,USD,,12.95,https://www.dv8fashion.com/en/Saint-Genies-Pinstripe-Halter-Zip-Top---Green--White/m-36790.aspx?PartnerID=4730&utm_source=awin&utm_medium=affiliate&utm_campaign=UnitedStatesUS,,,USD44.95,102894,DV8 Fashion,1,,https://www.dv8fashion.com/Images/Models/Full/36790-1.jpg,https://www.dv8fashion.com/Images/Models/Full/36790-2.jpg,,https://www.dv8fashion.com/Images/Models/Full/36790-3.jpg,Womens,Tops & T-Shirts
https://www.awin1.com/pclick.php?p=44210347933&a=2771700&m=116329,Saint Genies Crepe Sleeveless Button Top - Cream - L,44210347933,273550AWUS,https://www.dv8fashion.com/Images/Models/Full/36931.jpg,New season Saint Genies has landed...      Product Type: Top     Fabric: Crinkle fabric     Details: Button front     Fit: Fitted     Make it a co-ord with a matching trousers Product Code: P-86666-34--,Sleeveless Tops,34.95,DV8 Fashion (USA),116329,Women's Tops,204,https://images2.productserve.com/?w=200&h=200&bg=white&trim=5&t=letterbox&url=ssl%3Awww.dv8fashion.com%2FImages%2FModels%2FFull%2F36931.jpg&feedId=102894&k=b11f8b2d6f5d3645e69de573d5e306fb0643f6a3,USD,,12.95,https://www.dv8fashion.com/en/Saint-Genies-Crepe-Sleeveless-Button-Top---Cream/m-36931.aspx?PartnerID=4730&utm_source=awin&utm_medium=affiliate&utm_campaign=UnitedStatesUS,,,USD34.95,102894,DV8 Fashion,1,,https://www.dv8fashion.com/Images/Models/Full/36931-1.jpg,https://www.dv8fashion.com/Images/Models/Full/36931-2.jpg,,https://www.dv8fashion.com/Images/Models/Full/36931-3.jpg,Womens,Tops & T-Shirts
https://www.awin1.com/pclick.php?p=44210347934&a=2771700&m=116329,Saint Genies Crepe Sleeveless Button Top - Cream - M,44210347934,273551AWUS,https://www.dv8fashion.com/Images/Models/Full/36931.jpg,New season Saint Genies has landed...      Product Type: Top     Fabric: Crinkle fabric     Details: Button front     Fit: Fitted     Make it a co-ord with a matching trousers Product Code: P-86666-34--,Sleeveless Tops,34.95,DV8 Fashion (USA),116329,Women's Tops,204,https://images2.productserve.com/?w=200&h=200&bg=white&trim=5&t=letterbox&url=ssl%3Awww.dv8fashion.com%2FImages%2FModels%2FFull%2F36931.jpg&feedId=102894&k=b11f8b2d6f5d3645e69de573d5e306fb0643f6a3,USD,,12.95,https://www.dv8fashion.com/en/Saint-Genies-Crepe-Sleeveless-Button-Top---Cream/m-36931.aspx?PartnerID=4730&utm_source=awin&utm_medium=affiliate&utm_campaign=UnitedStatesUS,,,USD34.95,102894,DV8 Fashion,1,,https://www.dv8fashion.com/Images/Models/Full/36931-1.jpg,https://www.dv8fashion.com/Images/Models/Full/36931-2.jpg,,https://www.dv8fashion.com/Images/Models/Full/36931-3.jpg,Womens,Tops & T-Shirts
https://www.awin1.com/pclick.php?p=44210347936&a=2771700&m=116329,Saint Genies Crepe Sleeveless Button Top - Cream - XL,44210347936,273553AWUS,https://www.dv8fashion.com/Images/Models/Full/36931.jpg,New season Saint Genies has landed...      Product Type: Top     Fabric: Crinkle fabric     Details: Button front     Fit: Fitted     Make it a co-ord with a matching trousers Product Code: P-86666-34--,Sleeveless Tops,34.95,DV8 Fashion (USA),116329,Women's Tops,204,https://images2.productserve.com/?w=200&h=200&bg=white&trim=5&t=letterbox&url=ssl%3Awww.dv8fashion.com%2FImages%2FModels%2FFull%2F36931.jpg&feedId=102894&k=b11f8b2d6f5d3645e69de573d5e306fb0643f6a3,USD,,12.95,https://www.dv8fashion.com/en/Saint-Genies-Crepe-Sleeveless-Button-Top---Cream/m-36931.aspx?PartnerID=4730&utm_source=awin&utm_medium=affiliate&utm_campaign=UnitedStatesUS,,,USD34.95,102894,DV8 Fashion,1,,https://www.dv8fashion.com/Images/Models/Full/36931-1.jpg,https://www.dv8fashion.com/Images/Models/Full/36931-2.jpg,,https://www.dv8fashion.com/Images/Models/Full/36931-3.jpg,Womens,Tops & T-Shirts
https://www.awin1.com/pclick.php?p=44210347935&a=2771700&m=116329,Saint Genies Crepe Sleeveless Button Top - Cream - S,44210347935,273552AWUS,https://www.dv8fashion.com/Images/Models/Full/36931.jpg,New season Saint Genies has landed...      Product Type: Top     Fabric: Crinkle fabric     Details: Button front     Fit: Fitted     Make it a co-ord with a matching trousers Product Code: P-86666-34--,Sleeveless Tops,34.95,DV8 Fashion (USA),116329,Women's Tops,204,https://images2.productserve.com/?w=200&h=200&bg=white&trim=5&t=letterbox&url=ssl%3Awww.dv8fashion.com%2FImages%2FModels%2FFull%2F36931.jpg&feedId=102894&k=b11f8b2d6f5d3645e69de573d5e306fb0643f6a3,USD,,12.95,https://www.dv8fashion.com/en/Saint-Genies-Crepe-Sleeveless-Button-Top---Cream/m-36931.aspx?PartnerID=4730&utm_source=awin&utm_medium=affiliate&utm_campaign=UnitedStatesUS,,,USD34.95,102894,DV8 Fashion,1,,https://www.dv8fashion.com/Images/Models/Full/36931-1.jpg,https://www.dv8fashion.com/Images/Models/Full/36931-2.jpg,,https://www.dv8fashion.com/Images/Models/Full/36931-3.jpg,Womens,Tops & T-Shirts
https://www.awin1.com/pclick.php?p=44210347937&a=2771700&m=116329,Saint Genies Crepe Sleeveless Button Top - Cream - XS,44210347937,273554AWUS,https://www.dv8fashion.com/Images/Models/Full/36931.jpg,New season Saint Genies has landed...      Product Type: Top     Fabric: Crinkle fabric     Details: Button front     Fit: Fitted     Make it a co-ord with a matching trousers Product Code: P-86666-34--,Sleeveless Tops,34.95,DV8 Fashion (USA),116329,Women's Tops,204,https://images2.productserve.com/?w=200&h=200&bg=white&trim=5&t=letterbox&url=ssl%3Awww.dv8fashion.com%2FImages%2FModels%2FFull%2F36931.jpg&feedId=102894&k=b11f8b2d6f5d3645e69de573d5e306fb0643f6a3,USD,,12.95,https://www.dv8fashion.com/en/Saint-Genies-Crepe-Sleeveless-Button-Top---Cream/m-36931.aspx?PartnerID=4730&utm_source=awin&utm_medium=affiliate&utm_campaign=UnitedStatesUS,,,USD34.95,102894,DV8 Fashion,1,,https://www.dv8fashion.com/Images/Models/Full/36931-1.jpg,https://www.dv8fashion.com/Images/Models/Full/36931-2.jpg,,https://www.dv8fashion.com/Images/Models/Full/36931-3.jpg,Womens,Tops & T-Shirts
https://www.awin1.com/pclick.php?p=44210347938&a=2771700&m=116329,Saint Genies Crepe Sleeveless Button Top - Navy - L,44210347938,273561AWUS,https://www.dv8fashion.com/Images/Models/Full/36932.jpg,New season Saint Genies has landed...      Product Type: Top     Fabric: Crinkle fabric     Details: Button front     Fit: Fitted     Make it a co-ord with a matching trousers Product Code: P-86041-61--,Sleeveless Tops,34.95,DV8 Fashion (USA),116329,Women's Tops,204,https://images2.productserve.com/?w=200&h=200&bg=white&trim=5&t=letterbox&url=ssl%3Awww.dv8fashion.com%2FImages%2FModels%2FFull%2F36932.jpg&feedId=102894&k=ac70c7adc4f9035bfdb0b5c6a0159778b72ef2ae,USD,,12.95,https://www.dv8fashion.com/en/Saint-Genies-Crepe-Sleeveless-Button-Top---Navy/m-36932.aspx?PartnerID=4730&utm_source=awin&utm_medium=affiliate&utm_campaign=UnitedStatesUS,,,USD34.95,102894,DV8 Fashion,1,,https://www.dv8fashion.com/Images/Models/Full/36932-1.jpg,https://www.dv8fashion.com/Images/Models/Full/36932-2.jpg,,https://www.dv8fashion.com/Images/Models/Full/36932-3.jpg,Womens,Tops & T-Shirts
https://www.awin1.com/pclick.php?p=44210347939&a=2771700&m=116329,Saint Genies Crepe Sleeveless Button Top - Navy - M,44210347939,273562AWUS,https://www.dv8fashion.com/Images/Models/Full/36932.jpg,New season Saint Genies has landed...      Product Type: Top     Fabric: Crinkle fabric     Details: Button front     Fit: Fitted     Make it a co-ord with a matching trousers Product Code: P-86041-61--,Sleeveless Tops,34.95,DV8 Fashion (USA),116329,Women's Tops,204,https://images2.productserve.com/?w=200&h=200&bg=white&trim=5&t=letterbox&url=ssl%3Awww.dv8fashion.com%2FImages%2FModels%2FFull%2F36932.jpg&feedId=102894&k=ac70c7adc4f9035bfdb0b5c6a0159778b72ef2ae,USD,,12.95,https://www.dv8fashion.com/en/Saint-Genies-Crepe-Sleeveless-Button-Top---Navy/m-36932.aspx?PartnerID=4730&utm_source=awin&utm_medium=affiliate&utm_campaign=UnitedStatesUS,,,USD34.95,102894,DV8 Fashion,1,,https://www.dv8fashion.com/Images/Models/Full/36932-1.jpg,https://www.dv8fashion.com/Images/Models/Full/36932-2.jpg,,https://www.dv8fashion.com/Images/Models/Full/36932-3.jpg,Womens,Tops & T-Shirts
https://www.awin1.com/pclick.php?p=44210347940&a=2771700&m=116329,Saint Genies Crepe Sleeveless Button Top - Navy - S,44210347940,273563AWUS,https://www.dv8fashion.com/Images/Models/Full/36932.jpg,New season Saint Genies has landed...      Product Type: Top     Fabric: Crinkle fabric     Details: Button front     Fit: Fitted     Make it a co-ord with a matching trousers Product Code: P-86041-61--,Sleeveless Tops,34.95,DV8 Fashion (USA),116329,Women's Tops,204,https://images2.productserve.com/?w=200&h=200&bg=white&trim=5&t=letterbox&url=ssl%3Awww.dv8fashion.com%2FImages%2FModels%2FFull%2F36932.jpg&feedId=102894&k=ac70c7adc4f9035bfdb0b5c6a0159778b72ef2ae,USD,,12.95,https://www.dv8fashion.com/en/Saint-Genies-Crepe-Sleeveless-Button-Top---Navy/m-36932.aspx?PartnerID=4730&utm_source=awin&utm_medium=affiliate&utm_campaign=UnitedStatesUS,,,USD34.95,102894,DV8 Fashion,1,,https://www.dv8fashion.com/Images/Models/Full/36932-1.jpg,https://www.dv8fashion.com/Images/Models/Full/36932-2.jpg,,https://www.dv8fashion.com/Images/Models/Full/36932-3.jpg,Womens,Tops & T-Shirts
https://www.awin1.com/pclick.php?p=44210347941&a=2771700&m=116329,Saint Genies Crepe Sleeveless Button Top - Navy - XL,44210347941,273564AWUS,https://www.dv8fashion.com/Images/Models/Full/36932.jpg,New season Saint Genies has landed...      Product Type: Top     Fabric: Crinkle fabric     Details: Button front     Fit: Fitted     Make it a co-ord with a matching trousers Product Code: P-86041-61--,Sleeveless Tops,34.95,DV8 Fashion (USA),116329,Women's Tops,204,https://images2.productserve.com/?w=200&h=200&bg=white&trim=5&t=letterbox&url=ssl%3Awww.dv8fashion.com%2FImages%2FModels%2FFull%2F36932.jpg&feedId=102894&k=ac70c7adc4f9035bfdb0b5c6a0159778b72ef2ae,USD,,12.95,https://www.dv8fashion.com/en/Saint-Genies-Crepe-Sleeveless-Button-Top---Navy/m-36932.aspx?PartnerID=4730&utm_source=awin&utm_medium=affiliate&utm_campaign=UnitedStatesUS,,,USD34.95,102894,DV8 Fashion,1,,https://www.dv8fashion.com/Images/Models/Full/36932-1.jpg,https://www.dv8fashion.com/Images/Models/Full/36932-2.jpg,,https://www.dv8fashion.com/Images/Models/Full/36932-3.jpg,Womens,Tops & T-Shirts
https://www.awin1.com/pclick.php?p=44210347942&a=2771700&m=116329,Saint Genies Crepe Sleeveless Button Top - Navy - XS,44210347942,273565AWUS,https://www.dv8fashion.com/Images/Models/Full/36932.jpg,New season Saint Genies has landed...      Product Type: Top     Fabric: Crinkle fabric     Details: Button front     Fit: Fitted     Make it a co-ord with a matching trousers Product Code: P-86041-61--,Sleeveless Tops,34.95,DV8 Fashion (USA),116329,Women's Tops,204,https://images2.productserve.com/?w=200&h=200&bg=white&trim=5&t=letterbox&url=ssl%3Awww.dv8fashion.com%2FImages%2FModels%2FFull%2F36932.jpg&feedId=102894&k=ac70c7adc4f9035bfdb0b5c6a0159778b72ef2ae,USD,,12.95,https://www.dv8fashion.com/en/Saint-Genies-Crepe-Sleeveless-Button-Top---Navy/m-36932.aspx?PartnerID=4730&utm_source=awin&utm_medium=affiliate&utm_campaign=UnitedStatesUS,,,USD34.95,102894,DV8 Fashion,1,,https://www.dv8fashion.com/Images/Models/Full/36932-1.jpg,https://www.dv8fashion.com/Images/Models/Full/36932-2.jpg,,https://www.dv8fashion.com/Images/Models/Full/36932-3.jpg,Womens,Tops & T-Shirts
https://www.awin1.com/pclick.php?p=44210347958&a=2771700&m=116329,Saint Genies Gingham Bow Detail Top - Cream - L,44210347958,273605AWUS,https://www.dv8fashion.com/Images/Models/Full/36936.jpg,Get new season ready with Saint Genies...      Cream gingham soft touch fabric     Bow detail     Cami adjustable straps Product Code: P-86660-11--,Sleeveless Tops,39.95,DV8 Fashion (USA),116329,Women's Tops,204,https://images2.productserve.com/?w=200&h=200&bg=white&trim=5&t=letterbox&url=ssl%3Awww.dv8fashion.com%2FImages%2FModels%2FFull%2F36936.jpg&feedId=102894&k=29a0c5f183cf3971ab9188a44f015950c4cf5d43,USD,,12.95,https://www.dv8fashion.com/en/Saint-Genies-Gingham-Bow-Detail-Top---Cream/m-36936.aspx?PartnerID=4730&utm_source=awin&utm_medium=affiliate&utm_campaign=UnitedStatesUS,,,USD39.95,102894,DV8 Fashion,1,,https://www.dv8fashion.com/Images/Models/Full/36936-1.jpg,https://www.dv8fashion.com/Images/Models/Full/36936-2.jpg,,https://www.dv8fashion.com/Images/Models/Full/36936-3.jpg,Womens,Tops & T-Shirts
https://www.awin1.com/pclick.php?p=44210347960&a=2771700&m=116329,Saint Genies Gingham Bow Detail Top - Cream - S,44210347960,273607AWUS,https://www.dv8fashion.com/Images/Models/Full/36936.jpg,Get new season ready with Saint Genies...      Cream gingham soft touch fabric     Bow detail     Cami adjustable straps Product Code: P-86660-11--,Sleeveless Tops,39.95,DV8 Fashion (USA),116329,Women's Tops,204,https://images2.productserve.com/?w=200&h=200&bg=white&trim=5&t=letterbox&url=ssl%3Awww.dv8fashion.com%2FImages%2FModels%2FFull%2F36936.jpg&feedId=102894&k=29a0c5f183cf3971ab9188a44f015950c4cf5d43,USD,,12.95,https://www.dv8fashion.com/en/Saint-Genies-Gingham-Bow-Detail-Top---Cream/m-36936.aspx?PartnerID=4730&utm_source=awin&utm_medium=affiliate&utm_campaign=UnitedStatesUS,,,USD39.95,102894,DV8 Fashion,1,,https://www.dv8fashion.com/Images/Models/Full/36936-1.jpg,https://www.dv8fashion.com/Images/Models/Full/36936-2.jpg,,https://www.dv8fashion.com/Images/Models/Full/36936-3.jpg,Womens,Tops & T-Shirts
https://www.awin1.com/pclick.php?p=44210347961&a=2771700&m=116329,Saint Genies Gingham Bow Detail Top - Cream - XL,44210347961,273608AWUS,https://www.dv8fashion.com/Images/Models/Full/36936.jpg,Get new season ready with Saint Genies...      Cream gingham soft touch fabric     Bow detail     Cami adjustable straps Product Code: P-86660-11--,Sleeveless Tops,39.95,DV8 Fashion (USA),116329,Women's Tops,204,https://images2.productserve.com/?w=200&h=200&bg=white&trim=5&t=letterbox&url=ssl%3Awww.dv8fashion.com%2FImages%2FModels%2FFull%2F36936.jpg&feedId=102894&k=29a0c5f183cf3971ab9188a44f015950c4cf5d43,USD,,12.95,https://www.dv8fashion.com/en/Saint-Genies-Gingham-Bow-Detail-Top---Cream/m-36936.aspx?PartnerID=4730&utm_source=awin&utm_medium=affiliate&utm_campaign=UnitedStatesUS,,,USD39.95,102894,DV8 Fashion,1,,https://www.dv8fashion.com/Images/Models/Full/36936-1.jpg,https://www.dv8fashion.com/Images/Models/Full/36936-2.jpg,,https://www.dv8fashion.com/Images/Models/Full/36936-3.jpg,Womens,Tops & T-Shirts
https://www.awin1.com/pclick.php?p=44210347962&a=2771700&m=116329,Saint Genies Gingham Bow Detail Top - Cream - XS,44210347962,273609AWUS,https://www.dv8fashion.com/Images/Models/Full/36936.jpg,Get new season ready with Saint Genies...      Cream gingham soft touch fabric     Bow detail     Cami adjustable straps Product Code: P-86660-11--,Sleeveless Tops,39.95,DV8 Fashion (USA),116329,Women's Tops,204,https://images2.productserve.com/?w=200&h=200&bg=white&trim=5&t=letterbox&url=ssl%3Awww.dv8fashion.com%2FImages%2FModels%2FFull%2F36936.jpg&feedId=102894&k=29a0c5f183cf3971ab9188a44f015950c4cf5d43,USD,,12.95,https://www.dv8fashion.com/en/Saint-Genies-Gingham-Bow-Detail-Top---Cream/m-36936.aspx?PartnerID=4730&utm_source=awin&utm_medium=affiliate&utm_campaign=UnitedStatesUS,,,USD39.95,102894,DV8 Fashion,1,,https://www.dv8fashion.com/Images/Models/Full/36936-1.jpg,https://www.dv8fashion.com/Images/Models/Full/36936-2.jpg,,https://www.dv8fashion.com/Images/Models/Full/36936-3.jpg,Womens,Tops & T-Shirts
https://www.awin1.com/pclick.php?p=44210347967&a=2771700&m=116329,Saint Genies Lace Top With Ruffles - White - L,44210347967,273627AWUS,https://www.dv8fashion.com/Images/Models/Full/36938.jpg,"Elevate your wardrobe with this stunning Black Lace Top with Ruffles, perfect for adding a touch of elegance and playfulness to any look      Neckline: V-Neck     Fabric: Lace     Details: Ruched, Ruffles     Length: Cropped     Sleeves: Spaghetti     Product type: Top Product Code: P-86314-11--",Sleeveless Tops,44.95,DV8 Fashion (USA),116329,Women's Tops,204,https://images2.productserve.com/?w=200&h=200&bg=white&trim=5&t=letterbox&url=ssl%3Awww.dv8fashion.com%2FImages%2FModels%2FFull%2F36938.jpg&feedId=102894&k=bf6acbc9dc8d6e57a6d2a3f178d7f9770ebc28e8,USD,,12.95,https://www.dv8fashion.com/en/Saint-Genies-Lace-Top-With-Ruffles---White/m-36938.aspx?PartnerID=4730&utm_source=awin&utm_medium=affiliate&utm_campaign=UnitedStatesUS,,,USD44.95,102894,DV8 Fashion,1,,https://www.dv8fashion.com/Images/Models/Full/36938-1.jpg,https://www.dv8fashion.com/Images/Models/Full/36938-2.jpg,,https://www.dv8fashion.com/Images/Models/Full/36938-3.jpg,Womens,Tops & T-Shirts
https://www.awin1.com/pclick.php?p=44210347970&a=2771700&m=116329,Saint Genies Lace Top With Ruffles - White - XL,44210347970,273630AWUS,https://www.dv8fashion.com/Images/Models/Full/36938.jpg,"Elevate your wardrobe with this stunning Black Lace Top with Ruffles, perfect for adding a touch of elegance and playfulness to any look      Neckline: V-Neck     Fabric: Lace     Details: Ruched, Ruffles     Length: Cropped     Sleeves: Spaghetti     Product type: Top Product Code: P-86314-11--",Sleeveless Tops,44.95,DV8 Fashion (USA),116329,Women's Tops,204,https://images2.productserve.com/?w=200&h=200&bg=white&trim=5&t=letterbox&url=ssl%3Awww.dv8fashion.com%2FImages%2FModels%2FFull%2F36938.jpg&feedId=102894&k=bf6acbc9dc8d6e57a6d2a3f178d7f9770ebc28e8,USD,,12.95,https://www.dv8fashion.com/en/Saint-Genies-Lace-Top-With-Ruffles---White/m-36938.aspx?PartnerID=4730&utm_source=awin&utm_medium=affiliate&utm_campaign=UnitedStatesUS,,,USD44.95,102894,DV8 Fashion,1,,https://www.dv8fashion.com/Images/Models/Full/36938-1.jpg,https://www.dv8fashion.com/Images/Models/Full/36938-2.jpg,,https://www.dv8fashion.com/Images/Models/Full/36938-3.jpg,Womens,Tops & T-Shirts
https://www.awin1.com/pclick.php?p=44210347969&a=2771700&m=116329,Saint Genies Lace Top With Ruffles - White - S,44210347969,273629AWUS,https://www.dv8fashion.com/Images/Models/Full/36938.jpg,"Elevate your wardrobe with this stunning Black Lace Top with Ruffles, perfect for adding a touch of elegance and playfulness to any look      Neckline: V-Neck     Fabric: Lace     Details: Ruched, Ruffles     Length: Cropped     Sleeves: Spaghetti     Product type: Top Product Code: P-86314-11--",Sleeveless Tops,44.95,DV8 Fashion (USA),116329,Women's Tops,204,https://images2.productserve.com/?w=200&h=200&bg=white&trim=5&t=letterbox&url=ssl%3Awww.dv8fashion.com%2FImages%2FModels%2FFull%2F36938.jpg&feedId=102894&k=bf6acbc9dc8d6e57a6d2a3f178d7f9770ebc28e8,USD,,12.95,https://www.dv8fashion.com/en/Saint-Genies-Lace-Top-With-Ruffles---White/m-36938.aspx?PartnerID=4730&utm_source=awin&utm_medium=affiliate&utm_campaign=UnitedStatesUS,,,USD44.95,102894,DV8 Fashion,1,,https://www.dv8fashion.com/Images/Models/Full/36938-1.jpg,https://www.dv8fashion.com/Images/Models/Full/36938-2.jpg,,https://www.dv8fashion.com/Images/Models/Full/36938-3.jpg,Womens,Tops & T-Shirts
https://www.awin1.com/pclick.php?p=44210347971&a=2771700&m=116329,Saint Genies Lace Top With Ruffles - White - XS,44210347971,273631AWUS,https://www.dv8fashion.com/Images/Models/Full/36938.jpg,"Elevate your wardrobe with this stunning Black Lace Top with Ruffles, perfect for adding a touch of elegance and playfulness to any look      Neckline: V-Neck     Fabric: Lace     Details: Ruched, Ruffles     Length: Cropped     Sleeves: Spaghetti     Product type: Top Product Code: P-86314-11--",Sleeveless Tops,44.95,DV8 Fashion (USA),116329,Women's Tops,204,https://images2.productserve.com/?w=200&h=200&bg=white&trim=5&t=letterbox&url=ssl%3Awww.dv8fashion.com%2FImages%2FModels%2FFull%2F36938.jpg&feedId=102894&k=bf6acbc9dc8d6e57a6d2a3f178d7f9770ebc28e8,USD,,12.95,https://www.dv8fashion.com/en/Saint-Genies-Lace-Top-With-Ruffles---White/m-36938.aspx?PartnerID=4730&utm_source=awin&utm_medium=affiliate&utm_campaign=UnitedStatesUS,,,USD44.95,102894,DV8 Fashion,1,,https://www.dv8fashion.com/Images/Models/Full/36938-1.jpg,https://www.dv8fashion.com/Images/Models/Full/36938-2.jpg,,https://www.dv8fashion.com/Images/Models/Full/36938-3.jpg,Womens,Tops & T-Shirts
https://www.awin1.com/pclick.php?p=43971212187&a=2771700&m=116329,Saint Genies Bow Detail Top - Yellow - XL,43971212187,270201AWUS,https://www.dv8fashion.com/Images/Models/Full/36629.jpg,Get new season ready with this bow detail top by Saint Genies. This stunning piece is designed to make you stand out wherever you go      Colour: Yellow     Details: Bow detail     Sleeves: Sleeveless     Product type: Top     Fit: Fitted     Fastening: Side Zip Product Code: P-86232-25--,Sleeveless Tops,46.95,DV8 Fashion (USA),116329,Women's Tops,204,https://images2.productserve.com/?w=200&h=200&bg=white&trim=5&t=letterbox&url=ssl%3Awww.dv8fashion.com%2FImages%2FModels%2FFull%2F36629.jpg&feedId=102894&k=e73c87898419ad8a5245e0e68c6028721801937d,USD,,12.95,https://www.dv8fashion.com/en/Saint-Genies-Bow-Detail-Top---Yellow/m-36629.aspx?PartnerID=4730&utm_source=awin&utm_medium=affiliate&utm_campaign=UnitedStatesUS,,,USD46.95,102894,DV8 Fashion,1,,https://www.dv8fashion.com/Images/Models/Full/36629-1.jpg,https://www.dv8fashion.com/Images/Models/Full/36629-2.jpg,,https://www.dv8fashion.com/Images/Models/Full/36629-3.jpg,Womens,Tops & T-Shirts
https://www.awin1.com/pclick.php?p=44024125048&a=2771700&m=116329,Saint Genies Halterneck Lace Trim Top - Beige - L,44024125048,271090AWUS,https://www.dv8fashion.com/Images/Models/Full/36713.jpg,Complete your new season wardrobe with this stunner of a top! Featuring a high neckline and satin fabric with lace trim...      Satin fabric     High neckline and button fastening     Sleeveless style with lace trim Product Code: P-85629-28--,Sleeveless Tops,38.95,DV8 Fashion (USA),116329,Women's Tops,204,https://images2.productserve.com/?w=200&h=200&bg=white&trim=5&t=letterbox&url=ssl%3Awww.dv8fashion.com%2FImages%2FModels%2FFull%2F36713.jpg&feedId=102894&k=00af2dd8e23967ca351ddb37db1f3b443711fe1a,USD,,12.95,https://www.dv8fashion.com/en/Saint-Genies-Halterneck-Lace-Trim-Top---Beige/m-36713.aspx?PartnerID=4730&utm_source=awin&utm_medium=affiliate&utm_campaign=UnitedStatesUS,,,USD38.95,102894,DV8 Fashion,1,,https://www.dv8fashion.com/Images/Models/Full/36713-1.jpg,https://www.dv8fashion.com/Images/Models/Full/36713-2.jpg,,https://www.dv8fashion.com/Images/Models/Full/36713-3.jpg,Womens,Tops & T-Shirts
https://www.awin1.com/pclick.php?p=44086910398&a=2771700&m=116329,Saint Genies Satin High Halter Neck Top - Icy Blue - L,44086910398,272012AWUS,https://www.dv8fashion.com/Images/Models/Full/36792.jpg,Complete your new season wardrobe with this stunner of a top! Featuring a chic cowl draped high neckline and satin fabric...      Satin fabric     Draped high neck cowl neckline Product Code: P-86490-61--,Sleeveless Tops,34.95,DV8 Fashion (USA),116329,Women's Tops,204,https://images2.productserve.com/?w=200&h=200&bg=white&trim=5&t=letterbox&url=ssl%3Awww.dv8fashion.com%2FImages%2FModels%2FFull%2F36792.jpg&feedId=102894&k=2b6b706a2780d298696463dce00e6fa989aac7c0,USD,,12.95,https://www.dv8fashion.com/en/Saint-Genies-Satin-High-Halter-Neck-Top---Icy-Blue/m-36792.aspx?PartnerID=4730&utm_source=awin&utm_medium=affiliate&utm_campaign=UnitedStatesUS,,,USD34.95,102894,DV8 Fashion,1,,https://www.dv8fashion.com/Images/Models/Full/36792-1.jpg,https://www.dv8fashion.com/Images/Models/Full/36792-2.jpg,,https://www.dv8fashion.com/Images/Models/Full/36792-3.jpg,Womens,Tops & T-Shirts
https://www.awin1.com/pclick.php?p=44217097708&a=2771700&m=116329,Saint Genies Sequin Sleeveless Top - White - M,44217097708,273639AWUS,https://www.dv8fashion.com/Images/Models/Full/36939.jpg,Get new season ready with Saint Genies...      Silver sparkle sequin fabric     Wide neckline     Side zip fastening     Sleeveless Product Code: P-86098-11--,Sleeveless Tops,47.95,DV8 Fashion (USA),116329,Women's Tops,204,https://images2.productserve.com/?w=200&h=200&bg=white&trim=5&t=letterbox&url=ssl%3Awww.dv8fashion.com%2FImages%2FModels%2FFull%2F36939.jpg&feedId=102894&k=788799018a92debc61d1495335fbcaf2bd430324,USD,,12.95,https://www.dv8fashion.com/en/Saint-Genies-Sequin-Sleeveless-Top---White/m-36939.aspx?PartnerID=4730&utm_source=awin&utm_medium=affiliate&utm_campaign=UnitedStatesUS,,,USD47.95,102894,DV8 Fashion,1,,https://www.dv8fashion.com/Images/Models/Full/36939-1.jpg,https://www.dv8fashion.com/Images/Models/Full/36939-2.jpg,,https://www.dv8fashion.com/Images/Models/Full/36939-3.jpg,Womens,Tops & T-Shirts
https://www.awin1.com/pclick.php?p=44217097707&a=2771700&m=116329,Saint Genies Sequin Sleeveless Top - White - L,44217097707,273638AWUS,https://www.dv8fashion.com/Images/Models/Full/36939.jpg,Get new season ready with Saint Genies...      Silver sparkle sequin fabric     Wide neckline     Side zip fastening     Sleeveless Product Code: P-86098-11--,Sleeveless Tops,47.95,DV8 Fashion (USA),116329,Women's Tops,204,https://images2.productserve.com/?w=200&h=200&bg=white&trim=5&t=letterbox&url=ssl%3Awww.dv8fashion.com%2FImages%2FModels%2FFull%2F36939.jpg&feedId=102894&k=788799018a92debc61d1495335fbcaf2bd430324,USD,,12.95,https://www.dv8fashion.com/en/Saint-Genies-Sequin-Sleeveless-Top---White/m-36939.aspx?PartnerID=4730&utm_source=awin&utm_medium=affiliate&utm_campaign=UnitedStatesUS,,,USD47.95,102894,DV8 Fashion,1,,https://www.dv8fashion.com/Images/Models/Full/36939-1.jpg,https://www.dv8fashion.com/Images/Models/Full/36939-2.jpg,,https://www.dv8fashion.com/Images/Models/Full/36939-3.jpg,Womens,Tops & T-Shirts
https://www.awin1.com/pclick.php?p=44217097709&a=2771700&m=116329,Saint Genies Sequin Sleeveless Top - White - S,44217097709,273640AWUS,https://www.dv8fashion.com/Images/Models/Full/36939.jpg,Get new season ready with Saint Genies...      Silver sparkle sequin fabric     Wide neckline     Side zip fastening     Sleeveless Product Code: P-86098-11--,Sleeveless Tops,47.95,DV8 Fashion (USA),116329,Women's Tops,204,https://images2.productserve.com/?w=200&h=200&bg=white&trim=5&t=letterbox&url=ssl%3Awww.dv8fashion.com%2FImages%2FModels%2FFull%2F36939.jpg&feedId=102894&k=788799018a92debc61d1495335fbcaf2bd430324,USD,,12.95,https://www.dv8fashion.com/en/Saint-Genies-Sequin-Sleeveless-Top---White/m-36939.aspx?PartnerID=4730&utm_source=awin&utm_medium=affiliate&utm_campaign=UnitedStatesUS,,,USD47.95,102894,DV8 Fashion,1,,https://www.dv8fashion.com/Images/Models/Full/36939-1.jpg,https://www.dv8fashion.com/Images/Models/Full/36939-2.jpg,,https://www.dv8fashion.com/Images/Models/Full/36939-3.jpg,Womens,Tops & T-Shirts
https://www.awin1.com/pclick.php?p=44217097710&a=2771700&m=116329,Saint Genies Sequin Sleeveless Top - White - XL,44217097710,273641AWUS,https://www.dv8fashion.com/Images/Models/Full/36939.jpg,Get new season ready with Saint Genies...      Silver sparkle sequin fabric     Wide neckline     Side zip fastening     Sleeveless Product Code: P-86098-11--,Sleeveless Tops,47.95,DV8 Fashion (USA),116329,Women's Tops,204,https://images2.productserve.com/?w=200&h=200&bg=white&trim=5&t=letterbox&url=ssl%3Awww.dv8fashion.com%2FImages%2FModels%2FFull%2F36939.jpg&feedId=102894&k=788799018a92debc61d1495335fbcaf2bd430324,USD,,12.95,https://www.dv8fashion.com/en/Saint-Genies-Sequin-Sleeveless-Top---White/m-36939.aspx?PartnerID=4730&utm_source=awin&utm_medium=affiliate&utm_campaign=UnitedStatesUS,,,USD47.95,102894,DV8 Fashion,1,,https://www.dv8fashion.com/Images/Models/Full/36939-1.jpg,https://www.dv8fashion.com/Images/Models/Full/36939-2.jpg,,https://www.dv8fashion.com/Images/Models/Full/36939-3.jpg,Womens,Tops & T-Shirts
https://www.awin1.com/pclick.php?p=44217097711&a=2771700&m=116329,Saint Genies Sequin Sleeveless Top - White - XS,44217097711,273642AWUS,https://www.dv8fashion.com/Images/Models/Full/36939.jpg,Get new season ready with Saint Genies...      Silver sparkle sequin fabric     Wide neckline     Side zip fastening     Sleeveless Product Code: P-86098-11--,Sleeveless Tops,47.95,DV8 Fashion (USA),116329,Women's Tops,204,https://images2.productserve.com/?w=200&h=200&bg=white&trim=5&t=letterbox&url=ssl%3Awww.dv8fashion.com%2FImages%2FModels%2FFull%2F36939.jpg&feedId=102894&k=788799018a92debc61d1495335fbcaf2bd430324,USD,,12.95,https://www.dv8fashion.com/en/Saint-Genies-Sequin-Sleeveless-Top---White/m-36939.aspx?PartnerID=4730&utm_source=awin&utm_medium=affiliate&utm_campaign=UnitedStatesUS,,,USD47.95,102894,DV8 Fashion,1,,https://www.dv8fashion.com/Images/Models/Full/36939-1.jpg,https://www.dv8fashion.com/Images/Models/Full/36939-2.jpg,,https://www.dv8fashion.com/Images/Models/Full/36939-3.jpg,Womens,Tops & T-Shirts
https://www.awin1.com/pclick.php?p=44217097712&a=2771700&m=116329,Saint Genies Bandeau Top - Black - L,44217097712,273649AWUS,https://www.dv8fashion.com/Images/Models/Full/36940.jpg,Restock your wardrobe with stylish essentials such as T-shirts and tops easy to match with existing items      Product Type: Bandeau top     Sleeve: Sleeveless     Fit: Regular Fit Product Code: P-86553-10--,Sleeveless Tops,24.95,DV8 Fashion (USA),116329,Women's Tops,204,https://images2.productserve.com/?w=200&h=200&bg=white&trim=5&t=letterbox&url=ssl%3Awww.dv8fashion.com%2FImages%2FModels%2FFull%2F36940.jpg&feedId=102894&k=49f83db87b0b7f57b7c8410dc8c007a40ae66ec4,USD,,12.95,https://www.dv8fashion.com/en/Saint-Genies-Bandeau-Top---Black/m-36940.aspx?PartnerID=4730&utm_source=awin&utm_medium=affiliate&utm_campaign=UnitedStatesUS,,,USD24.95,102894,DV8 Fashion,1,,https://www.dv8fashion.com/Images/Models/Full/36940-1.jpg,https://www.dv8fashion.com/Images/Models/Full/36940-2.jpg,,https://www.dv8fashion.com/Images/Models/Full/36940-3.jpg,Womens,Tops & T-Shirts
https://www.awin1.com/pclick.php?p=44217097715&a=2771700&m=116329,Saint Genies Bandeau Top - Black - XL,44217097715,273652AWUS,https://www.dv8fashion.com/Images/Models/Full/36940.jpg,Restock your wardrobe with stylish essentials such as T-shirts and tops easy to match with existing items      Product Type: Bandeau top     Sleeve: Sleeveless     Fit: Regular Fit Product Code: P-86553-10--,Sleeveless Tops,24.95,DV8 Fashion (USA),116329,Women's Tops,204,https://images2.productserve.com/?w=200&h=200&bg=white&trim=5&t=letterbox&url=ssl%3Awww.dv8fashion.com%2FImages%2FModels%2FFull%2F36940.jpg&feedId=102894&k=49f83db87b0b7f57b7c8410dc8c007a40ae66ec4,USD,,12.95,https://www.dv8fashion.com/en/Saint-Genies-Bandeau-Top---Black/m-36940.aspx?PartnerID=4730&utm_source=awin&utm_medium=affiliate&utm_campaign=UnitedStatesUS,,,USD24.95,102894,DV8 Fashion,1,,https://www.dv8fashion.com/Images/Models/Full/36940-1.jpg,https://www.dv8fashion.com/Images/Models/Full/36940-2.jpg,,https://www.dv8fashion.com/Images/Models/Full/36940-3.jpg,Womens,Tops & T-Shirts
https://www.awin1.com/pclick.php?p=44217097714&a=2771700&m=116329,Saint Genies Bandeau Top - Black - S,44217097714,273651AWUS,https://www.dv8fashion.com/Images/Models/Full/36940.jpg,Restock your wardrobe with stylish essentials such as T-shirts and tops easy to match with existing items      Product Type: Bandeau top     Sleeve: Sleeveless     Fit: Regular Fit Product Code: P-86553-10--,Sleeveless Tops,24.95,DV8 Fashion (USA),116329,Women's Tops,204,https://images2.productserve.com/?w=200&h=200&bg=white&trim=5&t=letterbox&url=ssl%3Awww.dv8fashion.com%2FImages%2FModels%2FFull%2F36940.jpg&feedId=102894&k=49f83db87b0b7f57b7c8410dc8c007a40ae66ec4,USD,,12.95,https://www.dv8fashion.com/en/Saint-Genies-Bandeau-Top---Black/m-36940.aspx?PartnerID=4730&utm_source=awin&utm_medium=affiliate&utm_campaign=UnitedStatesUS,,,USD24.95,102894,DV8 Fashion,1,,https://www.dv8fashion.com/Images/Models/Full/36940-1.jpg,https://www.dv8fashion.com/Images/Models/Full/36940-2.jpg,,https://www.dv8fashion.com/Images/Models/Full/36940-3.jpg,Womens,Tops & T-Shirts
https://www.awin1.com/pclick.php?p=44217097713&a=2771700&m=116329,Saint Genies Bandeau Top - Black - M,44217097713,273650AWUS,https://www.dv8fashion.com/Images/Models/Full/36940.jpg,Restock your wardrobe with stylish essentials such as T-shirts and tops easy to match with existing items      Product Type: Bandeau top     Sleeve: Sleeveless     Fit: Regular Fit Product Code: P-86553-10--,Sleeveless Tops,24.95,DV8 Fashion (USA),116329,Women's Tops,204,https://images2.productserve.com/?w=200&h=200&bg=white&trim=5&t=letterbox&url=ssl%3Awww.dv8fashion.com%2FImages%2FModels%2FFull%2F36940.jpg&feedId=102894&k=49f83db87b0b7f57b7c8410dc8c007a40ae66ec4,USD,,12.95,https://www.dv8fashion.com/en/Saint-Genies-Bandeau-Top---Black/m-36940.aspx?PartnerID=4730&utm_source=awin&utm_medium=affiliate&utm_campaign=UnitedStatesUS,,,USD24.95,102894,DV8 Fashion,1,,https://www.dv8fashion.com/Images/Models/Full/36940-1.jpg,https://www.dv8fashion.com/Images/Models/Full/36940-2.jpg,,https://www.dv8fashion.com/Images/Models/Full/36940-3.jpg,Womens,Tops & T-Shirts
https://www.awin1.com/pclick.php?p=44217097716&a=2771700&m=116329,Saint Genies Bandeau Top - Black - XS,44217097716,273653AWUS,https://www.dv8fashion.com/Images/Models/Full/36940.jpg,Restock your wardrobe with stylish essentials such as T-shirts and tops easy to match with existing items      Product Type: Bandeau top     Sleeve: Sleeveless     Fit: Regular Fit Product Code: P-86553-10--,Sleeveless Tops,24.95,DV8 Fashion (USA),116329,Women's Tops,204,https://images2.productserve.com/?w=200&h=200&bg=white&trim=5&t=letterbox&url=ssl%3Awww.dv8fashion.com%2FImages%2FModels%2FFull%2F36940.jpg&feedId=102894&k=49f83db87b0b7f57b7c8410dc8c007a40ae66ec4,USD,,12.95,https://www.dv8fashion.com/en/Saint-Genies-Bandeau-Top---Black/m-36940.aspx?PartnerID=4730&utm_source=awin&utm_medium=affiliate&utm_campaign=UnitedStatesUS,,,USD24.95,102894,DV8 Fashion,1,,https://www.dv8fashion.com/Images/Models/Full/36940-1.jpg,https://www.dv8fashion.com/Images/Models/Full/36940-2.jpg,,https://www.dv8fashion.com/Images/Models/Full/36940-3.jpg,Womens,Tops & T-Shirts
https://www.awin1.com/pclick.php?p=44217097723&a=2771700&m=116329,Saint Genies Button Waistcoat - Yellow - M,44217097723,273672AWUS,https://www.dv8fashion.com/Images/Models/Full/36942.jpg,Saint Genies women&apos;s waistcoat...      Yellow hue     Tailored waistcoat     Button front     V neck and sleeveless Product Code: P-86661-25--,Sleeveless Tops,42.95,DV8 Fashion (USA),116329,Women's Tops,204,https://images2.productserve.com/?w=200&h=200&bg=white&trim=5&t=letterbox&url=ssl%3Awww.dv8fashion.com%2FImages%2FModels%2FFull%2F36942.jpg&feedId=102894&k=a4e6a4b7fda51d9568464d83a2978896c1ab9d52,USD,,12.95,https://www.dv8fashion.com/en/Saint-Genies-Button-Waistcoat---Yellow/m-36942.aspx?PartnerID=4730&utm_source=awin&utm_medium=affiliate&utm_campaign=UnitedStatesUS,,,USD42.95,102894,DV8 Fashion,1,,https://www.dv8fashion.com/Images/Models/Full/36942-1.jpg,https://www.dv8fashion.com/Images/Models/Full/36942-2.jpg,,https://www.dv8fashion.com/Images/Models/Full/36942-3.jpg,Womens,Tops & T-Shirts
https://www.awin1.com/pclick.php?p=44217097725&a=2771700&m=116329,Saint Genies Button Waistcoat - Yellow - XL,44217097725,273674AWUS,https://www.dv8fashion.com/Images/Models/Full/36942.jpg,Saint Genies women&apos;s waistcoat...      Yellow hue     Tailored waistcoat     Button front     V neck and sleeveless Product Code: P-86661-25--,Sleeveless Tops,42.95,DV8 Fashion (USA),116329,Women's Tops,204,https://images2.productserve.com/?w=200&h=200&bg=white&trim=5&t=letterbox&url=ssl%3Awww.dv8fashion.com%2FImages%2FModels%2FFull%2F36942.jpg&feedId=102894&k=a4e6a4b7fda51d9568464d83a2978896c1ab9d52,USD,,12.95,https://www.dv8fashion.com/en/Saint-Genies-Button-Waistcoat---Yellow/m-36942.aspx?PartnerID=4730&utm_source=awin&utm_medium=affiliate&utm_campaign=UnitedStatesUS,,,USD42.95,102894,DV8 Fashion,1,,https://www.dv8fashion.com/Images/Models/Full/36942-1.jpg,https://www.dv8fashion.com/Images/Models/Full/36942-2.jpg,,https://www.dv8fashion.com/Images/Models/Full/36942-3.jpg,Womens,Tops & T-Shirts
https://www.awin1.com/pclick.php?p=44217097724&a=2771700&m=116329,Saint Genies Button Waistcoat - Yellow - S,44217097724,273673AWUS,https://www.dv8fashion.com/Images/Models/Full/36942.jpg,Saint Genies women&apos;s waistcoat...      Yellow hue     Tailored waistcoat     Button front     V neck and sleeveless Product Code: P-86661-25--,Sleeveless Tops,42.95,DV8 Fashion (USA),116329,Women's Tops,204,https://images2.productserve.com/?w=200&h=200&bg=white&trim=5&t=letterbox&url=ssl%3Awww.dv8fashion.com%2FImages%2FModels%2FFull%2F36942.jpg&feedId=102894&k=a4e6a4b7fda51d9568464d83a2978896c1ab9d52,USD,,12.95,https://www.dv8fashion.com/en/Saint-Genies-Button-Waistcoat---Yellow/m-36942.aspx?PartnerID=4730&utm_source=awin&utm_medium=affiliate&utm_campaign=UnitedStatesUS,,,USD42.95,102894,DV8 Fashion,1,,https://www.dv8fashion.com/Images/Models/Full/36942-1.jpg,https://www.dv8fashion.com/Images/Models/Full/36942-2.jpg,,https://www.dv8fashion.com/Images/Models/Full/36942-3.jpg,Womens,Tops & T-Shirts
https://www.awin1.com/pclick.php?p=44217097727&a=2771700&m=116329,Saint Genies Polka Dot Button Top - White / Black - L,44217097727,273682AWUS,https://www.dv8fashion.com/Images/Models/Full/36943.jpg,Update your wardrobe with Saint Genies...      Product Type: Top     Neck: Square neck     Sleeve: Sleeveless     Extra details: Polka dot pattern and button fastening     Make it a co-ord with matching trousers Product Code: P-85954-11--,Sleeveless Tops,37.95,DV8 Fashion (USA),116329,Women's Tops,204,https://images2.productserve.com/?w=200&h=200&bg=white&trim=5&t=letterbox&url=ssl%3Awww.dv8fashion.com%2FImages%2FModels%2FFull%2F36943.jpg&feedId=102894&k=1f2df67c7b41e36b64a0d58119db6870c0797e26,USD,,12.95,https://www.dv8fashion.com/en/Saint-Genies-Polka-Dot-Button-Top---White--Black/m-36943.aspx?PartnerID=4730&utm_source=awin&utm_medium=affiliate&utm_campaign=UnitedStatesUS,,,USD37.95,102894,DV8 Fashion,1,,https://www.dv8fashion.com/Images/Models/Full/36943-1.jpg,https://www.dv8fashion.com/Images/Models/Full/36943-2.jpg,,https://www.dv8fashion.com/Images/Models/Full/36943-3.jpg,Womens,Tops & T-Shirts
https://www.awin1.com/pclick.php?p=44217097728&a=2771700&m=116329,Saint Genies Polka Dot Button Top - White / Black - M,44217097728,273683AWUS,https://www.dv8fashion.com/Images/Models/Full/36943.jpg,Update your wardrobe with Saint Genies...      Product Type: Top     Neck: Square neck     Sleeve: Sleeveless     Extra details: Polka dot pattern and button fastening     Make it a co-ord with matching trousers Product Code: P-85954-11--,Sleeveless Tops,37.95,DV8 Fashion (USA),116329,Women's Tops,204,https://images2.productserve.com/?w=200&h=200&bg=white&trim=5&t=letterbox&url=ssl%3Awww.dv8fashion.com%2FImages%2FModels%2FFull%2F36943.jpg&feedId=102894&k=1f2df67c7b41e36b64a0d58119db6870c0797e26,USD,,12.95,https://www.dv8fashion.com/en/Saint-Genies-Polka-Dot-Button-Top---White--Black/m-36943.aspx?PartnerID=4730&utm_source=awin&utm_medium=affiliate&utm_campaign=UnitedStatesUS,,,USD37.95,102894,DV8 Fashion,1,,https://www.dv8fashion.com/Images/Models/Full/36943-1.jpg,https://www.dv8fashion.com/Images/Models/Full/36943-2.jpg,,https://www.dv8fashion.com/Images/Models/Full/36943-3.jpg,Womens,Tops & T-Shirts
https://www.awin1.com/pclick.php?p=44217097731&a=2771700&m=116329,Saint Genies Polka Dot Button Top - White / Black - XS,44217097731,273686AWUS,https://www.dv8fashion.com/Images/Models/Full/36943.jpg,Update your wardrobe with Saint Genies...      Product Type: Top     Neck: Square neck     Sleeve: Sleeveless     Extra details: Polka dot pattern and button fastening     Make it a co-ord with matching trousers Product Code: P-85954-11--,Sleeveless Tops,37.95,DV8 Fashion (USA),116329,Women's Tops,204,https://images2.productserve.com/?w=200&h=200&bg=white&trim=5&t=letterbox&url=ssl%3Awww.dv8fashion.com%2FImages%2FModels%2FFull%2F36943.jpg&feedId=102894&k=1f2df67c7b41e36b64a0d58119db6870c0797e26,USD,,12.95,https://www.dv8fashion.com/en/Saint-Genies-Polka-Dot-Button-Top---White--Black/m-36943.aspx?PartnerID=4730&utm_source=awin&utm_medium=affiliate&utm_campaign=UnitedStatesUS,,,USD37.95,102894,DV8 Fashion,1,,https://www.dv8fashion.com/Images/Models/Full/36943-1.jpg,https://www.dv8fashion.com/Images/Models/Full/36943-2.jpg,,https://www.dv8fashion.com/Images/Models/Full/36943-3.jpg,Womens,Tops & T-Shirts
https://www.awin1.com/pclick.php?p=44217097737&a=2771700&m=116329,Saint Genies Slinky Halter Top - Sky Blue - L,44217097737,273704AWUS,https://www.dv8fashion.com/Images/Models/Full/36945.jpg,Complete your new season wardrobe with this stunner of a top! Featuring a chic draped halter neckline and slinky satin stretch fabric...      Stretch satin fabric     Halter neckline with button fastening Product Code: P-86663-61--,Sleeveless Tops,31.95,DV8 Fashion (USA),116329,Women's Tops,204,https://images2.productserve.com/?w=200&h=200&bg=white&trim=5&t=letterbox&url=ssl%3Awww.dv8fashion.com%2FImages%2FModels%2FFull%2F36945.jpg&feedId=102894&k=fda844034ad15fcf7d139c9d41c2966082fc41eb,USD,,12.95,https://www.dv8fashion.com/en/Saint-Genies-Slinky-Halter-Top---Sky-Blue/m-36945.aspx?PartnerID=4730&utm_source=awin&utm_medium=affiliate&utm_campaign=UnitedStatesUS,,,USD31.95,102894,DV8 Fashion,1,,https://www.dv8fashion.com/Images/Models/Full/36945-1.jpg,https://www.dv8fashion.com/Images/Models/Full/36945-2.jpg,,https://www.dv8fashion.com/Images/Models/Full/36945-3.jpg,Womens,Tops & T-Shirts
https://www.awin1.com/pclick.php?p=44217097738&a=2771700&m=116329,Saint Genies Slinky Halter Top - Sky Blue - M,44217097738,273705AWUS,https://www.dv8fashion.com/Images/Models/Full/36945.jpg,Complete your new season wardrobe with this stunner of a top! Featuring a chic draped halter neckline and slinky satin stretch fabric...      Stretch satin fabric     Halter neckline with button fastening Product Code: P-86663-61--,Sleeveless Tops,31.95,DV8 Fashion (USA),116329,Women's Tops,204,https://images2.productserve.com/?w=200&h=200&bg=white&trim=5&t=letterbox&url=ssl%3Awww.dv8fashion.com%2FImages%2FModels%2FFull%2F36945.jpg&feedId=102894&k=fda844034ad15fcf7d139c9d41c2966082fc41eb,USD,,12.95,https://www.dv8fashion.com/en/Saint-Genies-Slinky-Halter-Top---Sky-Blue/m-36945.aspx?PartnerID=4730&utm_source=awin&utm_medium=affiliate&utm_campaign=UnitedStatesUS,,,USD31.95,102894,DV8 Fashion,1,,https://www.dv8fashion.com/Images/Models/Full/36945-1.jpg,https://www.dv8fashion.com/Images/Models/Full/36945-2.jpg,,https://www.dv8fashion.com/Images/Models/Full/36945-3.jpg,Womens,Tops & T-Shirts
https://www.awin1.com/pclick.php?p=44217097740&a=2771700&m=116329,Saint Genies Slinky Halter Top - Sky Blue - XL,44217097740,273707AWUS,https://www.dv8fashion.com/Images/Models/Full/36945.jpg,Complete your new season wardrobe with this stunner of a top! Featuring a chic draped halter neckline and slinky satin stretch fabric...      Stretch satin fabric     Halter neckline with button fastening Product Code: P-86663-61--,Sleeveless Tops,31.95,DV8 Fashion (USA),116329,Women's Tops,204,https://images2.productserve.com/?w=200&h=200&bg=white&trim=5&t=letterbox&url=ssl%3Awww.dv8fashion.com%2FImages%2FModels%2FFull%2F36945.jpg&feedId=102894&k=fda844034ad15fcf7d139c9d41c2966082fc41eb,USD,,12.95,https://www.dv8fashion.com/en/Saint-Genies-Slinky-Halter-Top---Sky-Blue/m-36945.aspx?PartnerID=4730&utm_source=awin&utm_medium=affiliate&utm_campaign=UnitedStatesUS,,,USD31.95,102894,DV8 Fashion,1,,https://www.dv8fashion.com/Images/Models/Full/36945-1.jpg,https://www.dv8fashion.com/Images/Models/Full/36945-2.jpg,,https://www.dv8fashion.com/Images/Models/Full/36945-3.jpg,Womens,Tops & T-Shirts
https://www.awin1.com/pclick.php?p=44217097751&a=2771700&m=116329,Saint Genies Chain Link Detail Sleeveless Top - L,44217097751,273737AWUS,https://www.dv8fashion.com/Images/Models/Full/36948.jpg,Complete your new season wardrobe with this stunner of a top! Featuring a high neckline racer back style with link chain detailing...      Soft touch fabric     Sleeveless style with link chain detail at the back Product Code: P-86662-27--,Sleeveless Tops,34.95,DV8 Fashion (USA),116329,Women's Tops,204,https://images2.productserve.com/?w=200&h=200&bg=white&trim=5&t=letterbox&url=ssl%3Awww.dv8fashion.com%2FImages%2FModels%2FFull%2F36948.jpg&feedId=102894&k=a795d9976d598157920d712f0b7b5c05574dcd5a,USD,,12.95,https://www.dv8fashion.com/en/Saint-Genies-Chain-Link-Detail-Sleeveless-Top/m-36948.aspx?PartnerID=4730&utm_source=awin&utm_medium=affiliate&utm_campaign=UnitedStatesUS,,,USD34.95,102894,DV8 Fashion,1,,https://www.dv8fashion.com/Images/Models/Full/36948-1.jpg,https://www.dv8fashion.com/Images/Models/Full/36948-2.jpg,,https://www.dv8fashion.com/Images/Models/Full/36948-3.jpg,Womens,Tops & T-Shirts
https://www.awin1.com/pclick.php?p=44217097752&a=2771700&m=116329,Saint Genies Chain Link Detail Sleeveless Top - M,44217097752,273738AWUS,https://www.dv8fashion.com/Images/Models/Full/36948.jpg,Complete your new season wardrobe with this stunner of a top! Featuring a high neckline racer back style with link chain detailing...      Soft touch fabric     Sleeveless style with link chain detail at the back Product Code: P-86662-27--,Sleeveless Tops,34.95,DV8 Fashion (USA),116329,Women's Tops,204,https://images2.productserve.com/?w=200&h=200&bg=white&trim=5&t=letterbox&url=ssl%3Awww.dv8fashion.com%2FImages%2FModels%2FFull%2F36948.jpg&feedId=102894&k=a795d9976d598157920d712f0b7b5c05574dcd5a,USD,,12.95,https://www.dv8fashion.com/en/Saint-Genies-Chain-Link-Detail-Sleeveless-Top/m-36948.aspx?PartnerID=4730&utm_source=awin&utm_medium=affiliate&utm_campaign=UnitedStatesUS,,,USD34.95,102894,DV8 Fashion,1,,https://www.dv8fashion.com/Images/Models/Full/36948-1.jpg,https://www.dv8fashion.com/Images/Models/Full/36948-2.jpg,,https://www.dv8fashion.com/Images/Models/Full/36948-3.jpg,Womens,Tops & T-Shirts
https://www.awin1.com/pclick.php?p=44217097753&a=2771700&m=116329,Saint Genies Chain Link Detail Sleeveless Top - S,44217097753,273739AWUS,https://www.dv8fashion.com/Images/Models/Full/36948.jpg,Complete your new season wardrobe with this stunner of a top! Featuring a high neckline racer back style with link chain detailing...      Soft touch fabric     Sleeveless style with link chain detail at the back Product Code: P-86662-27--,Sleeveless Tops,34.95,DV8 Fashion (USA),116329,Women's Tops,204,https://images2.productserve.com/?w=200&h=200&bg=white&trim=5&t=letterbox&url=ssl%3Awww.dv8fashion.com%2FImages%2FModels%2FFull%2F36948.jpg&feedId=102894&k=a795d9976d598157920d712f0b7b5c05574dcd5a,USD,,12.95,https://www.dv8fashion.com/en/Saint-Genies-Chain-Link-Detail-Sleeveless-Top/m-36948.aspx?PartnerID=4730&utm_source=awin&utm_medium=affiliate&utm_campaign=UnitedStatesUS,,,USD34.95,102894,DV8 Fashion,1,,https://www.dv8fashion.com/Images/Models/Full/36948-1.jpg,https://www.dv8fashion.com/Images/Models/Full/36948-2.jpg,,https://www.dv8fashion.com/Images/Models/Full/36948-3.jpg,Womens,Tops & T-Shirts
https://www.awin1.com/pclick.php?p=44217097754&a=2771700&m=116329,Saint Genies Chain Link Detail Sleeveless Top - XL,44217097754,273740AWUS,https://www.dv8fashion.com/Images/Models/Full/36948.jpg,Complete your new season wardrobe with this stunner of a top! Featuring a high neckline racer back style with link chain detailing...      Soft touch fabric     Sleeveless style with link chain detail at the back Product Code: P-86662-27--,Sleeveless Tops,34.95,DV8 Fashion (USA),116329,Women's Tops,204,https://images2.productserve.com/?w=200&h=200&bg=white&trim=5&t=letterbox&url=ssl%3Awww.dv8fashion.com%2FImages%2FModels%2FFull%2F36948.jpg&feedId=102894&k=a795d9976d598157920d712f0b7b5c05574dcd5a,USD,,12.95,https://www.dv8fashion.com/en/Saint-Genies-Chain-Link-Detail-Sleeveless-Top/m-36948.aspx?PartnerID=4730&utm_source=awin&utm_medium=affiliate&utm_campaign=UnitedStatesUS,,,USD34.95,102894,DV8 Fashion,1,,https://www.dv8fashion.com/Images/Models/Full/36948-1.jpg,https://www.dv8fashion.com/Images/Models/Full/36948-2.jpg,,https://www.dv8fashion.com/Images/Models/Full/36948-3.jpg,Womens,Tops & T-Shirts
https://www.awin1.com/pclick.php?p=44217097763&a=2771700&m=116329,Saint Genies Bow Detail Top - White - L,44217097763,273765AWUS,https://www.dv8fashion.com/Images/Models/Full/36951.jpg,Get new season ready with this bow detail top by Saint Genies. This stunning piece is designed to make you stand out wherever you go      Colour: White     Details: Bow detail     Sleeves: Sleeveless     Product type: Top     Fit: Fitted     Fastening: Side Zip Product Code: P-86097-11--,Sleeveless Tops,44.95,DV8 Fashion (USA),116329,Women's Tops,204,https://images2.productserve.com/?w=200&h=200&bg=white&trim=5&t=letterbox&url=ssl%3Awww.dv8fashion.com%2FImages%2FModels%2FFull%2F36951.jpg&feedId=102894&k=e931c39f3786eae8850fee5bd02c1b0fd1200417,USD,,12.95,https://www.dv8fashion.com/en/Saint-Genies-Bow-Detail-Top---White/m-36951.aspx?PartnerID=4730&utm_source=awin&utm_medium=affiliate&utm_campaign=UnitedStatesUS,,,USD44.95,102894,DV8 Fashion,1,,https://www.dv8fashion.com/Images/Models/Full/36951-1.jpg,https://www.dv8fashion.com/Images/Models/Full/36951-2.jpg,,https://www.dv8fashion.com/Images/Models/Full/36951-3.jpg,Womens,Tops & T-Shirts
https://www.awin1.com/pclick.php?p=44217097764&a=2771700&m=116329,Saint Genies Bow Detail Top - White - M,44217097764,273766AWUS,https://www.dv8fashion.com/Images/Models/Full/36951.jpg,Get new season ready with this bow detail top by Saint Genies. This stunning piece is designed to make you stand out wherever you go      Colour: White     Details: Bow detail     Sleeves: Sleeveless     Product type: Top     Fit: Fitted     Fastening: Side Zip Product Code: P-86097-11--,Sleeveless Tops,44.95,DV8 Fashion (USA),116329,Women's Tops,204,https://images2.productserve.com/?w=200&h=200&bg=white&trim=5&t=letterbox&url=ssl%3Awww.dv8fashion.com%2FImages%2FModels%2FFull%2F36951.jpg&feedId=102894&k=e931c39f3786eae8850fee5bd02c1b0fd1200417,USD,,12.95,https://www.dv8fashion.com/en/Saint-Genies-Bow-Detail-Top---White/m-36951.aspx?PartnerID=4730&utm_source=awin&utm_medium=affiliate&utm_campaign=UnitedStatesUS,,,USD44.95,102894,DV8 Fashion,1,,https://www.dv8fashion.com/Images/Models/Full/36951-1.jpg,https://www.dv8fashion.com/Images/Models/Full/36951-2.jpg,,https://www.dv8fashion.com/Images/Models/Full/36951-3.jpg,Womens,Tops & T-Shirts
https://www.awin1.com/pclick.php?p=44217097773&a=2771700&m=116329,Saint Genies Satin High Halter Neck Top - Yellow - L,44217097773,273798AWUS,https://www.dv8fashion.com/Images/Models/Full/36954.jpg,Complete your new season wardrobe with this stunner of a top! Featuring a chic cowl draped high neckline and satin fabric...      Satin fabric     Draped high neck cowl neckline Product Code: P-86551-25--,Sleeveless Tops,34.95,DV8 Fashion (USA),116329,Women's Tops,204,https://images2.productserve.com/?w=200&h=200&bg=white&trim=5&t=letterbox&url=ssl%3Awww.dv8fashion.com%2FImages%2FModels%2FFull%2F36954.jpg&feedId=102894&k=0d26acdc9097a7ef536db1eb890f640da27fb896,USD,,12.95,https://www.dv8fashion.com/en/Saint-Genies-Satin-High-Halter-Neck-Top---Yellow/m-36954.aspx?PartnerID=4730&utm_source=awin&utm_medium=affiliate&utm_campaign=UnitedStatesUS,,,USD34.95,102894,DV8 Fashion,1,,https://www.dv8fashion.com/Images/Models/Full/36954-1.jpg,https://www.dv8fashion.com/Images/Models/Full/36954-2.jpg,,https://www.dv8fashion.com/Images/Models/Full/36954-3.jpg,Womens,Tops & T-Shirts
https://www.awin1.com/pclick.php?p=44217097777&a=2771700&m=116329,Saint Genies Satin High Halter Neck Top - Yellow - XS,44217097777,273802AWUS,https://www.dv8fashion.com/Images/Models/Full/36954.jpg,Complete your new season wardrobe with this stunner of a top! Featuring a chic cowl draped high neckline and satin fabric...      Satin fabric     Draped high neck cowl neckline Product Code: P-86551-25--,Sleeveless Tops,34.95,DV8 Fashion (USA),116329,Women's Tops,204,https://images2.productserve.com/?w=200&h=200&bg=white&trim=5&t=letterbox&url=ssl%3Awww.dv8fashion.com%2FImages%2FModels%2FFull%2F36954.jpg&feedId=102894&k=0d26acdc9097a7ef536db1eb890f640da27fb896,USD,,12.95,https://www.dv8fashion.com/en/Saint-Genies-Satin-High-Halter-Neck-Top---Yellow/m-36954.aspx?PartnerID=4730&utm_source=awin&utm_medium=affiliate&utm_campaign=UnitedStatesUS,,,USD34.95,102894,DV8 Fashion,1,,https://www.dv8fashion.com/Images/Models/Full/36954-1.jpg,https://www.dv8fashion.com/Images/Models/Full/36954-2.jpg,,https://www.dv8fashion.com/Images/Models/Full/36954-3.jpg,Womens,Tops & T-Shirts
https://www.awin1.com/pclick.php?p=44024125049&a=2771700&m=116329,Saint Genies Halterneck Lace Trim Top - Beige - M,44024125049,271091AWUS,https://www.dv8fashion.com/Images/Models/Full/36713.jpg,Complete your new season wardrobe with this stunner of a top! Featuring a high neckline and satin fabric with lace trim...      Satin fabric     High neckline and button fastening     Sleeveless style with lace trim Product Code: P-85629-28--,Sleeveless Tops,38.95,DV8 Fashion (USA),116329,Women's Tops,204,https://images2.productserve.com/?w=200&h=200&bg=white&trim=5&t=letterbox&url=ssl%3Awww.dv8fashion.com%2FImages%2FModels%2FFull%2F36713.jpg&feedId=102894&k=00af2dd8e23967ca351ddb37db1f3b443711fe1a,USD,,12.95,https://www.dv8fashion.com/en/Saint-Genies-Halterneck-Lace-Trim-Top---Beige/m-36713.aspx?PartnerID=4730&utm_source=awin&utm_medium=affiliate&utm_campaign=UnitedStatesUS,,,USD38.95,102894,DV8 Fashion,1,,https://www.dv8fashion.com/Images/Models/Full/36713-1.jpg,https://www.dv8fashion.com/Images/Models/Full/36713-2.jpg,,https://www.dv8fashion.com/Images/Models/Full/36713-3.jpg,Womens,Tops & T-Shirts
https://www.awin1.com/pclick.php?p=44086910386&a=2771700&m=116329,Saint Genies Stripe Ruched Halter Neck Top - Baby Pink / Brown - XL,44086910386,271982AWUS,https://www.dv8fashion.com/Images/Models/Full/36789.jpg,Did someone say new season? Get the fresh style with our halter top by Saint Genies...      Ruched fabric     Pink and brown stripe pattern     Halter neck with tie fastening     Fitted style Product Code: P-86492-38--,Sleeveless Tops,34.95,DV8 Fashion (USA),116329,Women's Tops,204,https://images2.productserve.com/?w=200&h=200&bg=white&trim=5&t=letterbox&url=ssl%3Awww.dv8fashion.com%2FImages%2FModels%2FFull%2F36789.jpg&feedId=102894&k=b70721ddfc708eafdf8cf377d643bf78ec64386e,USD,,12.95,https://www.dv8fashion.com/en/Saint-Genies-Stripe-Ruched-Halter-Neck-Top---Baby-Pink--Brown/m-36789.aspx?PartnerID=4730&utm_source=awin&utm_medium=affiliate&utm_campaign=UnitedStatesUS,,,USD34.95,102894,DV8 Fashion,1,,https://www.dv8fashion.com/Images/Models/Full/36789-1.jpg,https://www.dv8fashion.com/Images/Models/Full/36789-2.jpg,,https://www.dv8fashion.com/Images/Models/Full/36789-3.jpg,Womens,Tops & T-Shirts
https://www.awin1.com/pclick.php?p=43219879456&a=2771700&m=116329,Saint Genies Diamonte Bandeau Split Top - Black - XL,43219879456,263365AWUS,https://www.dv8fashion.com/Images/Models/Full/36011.jpg,Get new season ready with this bandeau top by Saint Genies. This stunning piece is designed to make you stand out wherever you go      Colour: Black with diamonate detailing     Details: Split sides     Sleeves: Sleeveless     Product type: Top     Fit: Fitted Product Code: P-84960-10--,Sleeveless Tops,39.95,DV8 Fashion (USA),116329,Women's Tops,204,https://images2.productserve.com/?w=200&h=200&bg=white&trim=5&t=letterbox&url=ssl%3Awww.dv8fashion.com%2FImages%2FModels%2FFull%2F36011.jpg&feedId=102894&k=5e6c2eb73d18ca92a9cd69f76e69a23477462436,USD,,12.95,https://www.dv8fashion.com/en/Saint-Genies-Diamonte-Bandeau-Split-Top---Black/m-36011.aspx?PartnerID=4730&utm_source=awin&utm_medium=affiliate&utm_campaign=UnitedStatesUS,,,USD39.95,102894,DV8 Fashion,1,,https://www.dv8fashion.com/Images/Models/Full/36011-1.jpg,https://www.dv8fashion.com/Images/Models/Full/36011-2.jpg,,https://www.dv8fashion.com/Images/Models/Full/36011-3.jpg,Womens,Tops & T-Shirts
https://www.awin1.com/pclick.php?p=43397708234&a=2771700&m=116329,Saint Genies Satin Cowl Top - Cream - M,43397708234,264590AWUS,https://www.dv8fashion.com/Images/Models/Full/36126.jpg,This classic high neck champagne top is the perfect party piece.      High neckline     Back strap     Silk feel fabric Product Code: P-85154-26--,Sleeveless Tops,34.95,DV8 Fashion (USA),116329,Women's Tops,204,https://images2.productserve.com/?w=200&h=200&bg=white&trim=5&t=letterbox&url=ssl%3Awww.dv8fashion.com%2FImages%2FModels%2FFull%2F36126.jpg&feedId=102894&k=38bafb479fc31b854835f2f0359ed2a3113e4ed3,USD,,12.95,https://www.dv8fashion.com/en/Saint-Genies-Satin-Cowl-Top---Cream/m-36126.aspx?PartnerID=4730&utm_source=awin&utm_medium=affiliate&utm_campaign=UnitedStatesUS,,,USD34.95,102894,DV8 Fashion,1,,https://www.dv8fashion.com/Images/Models/Full/36126-1.jpg,https://www.dv8fashion.com/Images/Models/Full/36126-2.jpg,,https://www.dv8fashion.com/Images/Models/Full/36126-3.jpg,Womens,Tops & T-Shirts
https://www.awin1.com/pclick.php?p=43436825475&a=2771700&m=116329,Saint Genies Satin High Halter Neck Top - Black - M,43436825475,265232AWUS,https://www.dv8fashion.com/Images/Models/Full/36185.jpg,Complete your new season wardrobe with this stunner of a top! Featuring a chic cowl draped high neckline and satin fabric...      Satin fabric     Draped high neck cowl neckline Product Code: P-85226-10--,Sleeveless Tops,34.95,DV8 Fashion (USA),116329,Women's Tops,204,https://images2.productserve.com/?w=200&h=200&bg=white&trim=5&t=letterbox&url=ssl%3Awww.dv8fashion.com%2FImages%2FModels%2FFull%2F36185.jpg&feedId=102894&k=707ce3a73ebf2fe5e486865bdd454ab672e700f0,USD,,12.95,https://www.dv8fashion.com/en/Saint-Genies-Satin-High-Halter-Neck-Top---Black/m-36185.aspx?PartnerID=4730&utm_source=awin&utm_medium=affiliate&utm_campaign=UnitedStatesUS,,,USD34.95,102894,DV8 Fashion,1,,https://www.dv8fashion.com/Images/Models/Full/36185-1.jpg,https://www.dv8fashion.com/Images/Models/Full/36185-2.jpg,,https://www.dv8fashion.com/Images/Models/Full/36185-3.jpg,Womens,Tops & T-Shirts
https://www.awin1.com/pclick.php?p=43961752215&a=2771700&m=116329,Saint Genies Floral Printed Halter Top - Cream - M,43961752215,270056AWUS,https://www.dv8fashion.com/Images/Models/Full/36616.jpg,Complete your new season wardrobe with this stunner of a top! Featuring a chic cowl draped high neckline and satin fabric with a summer pattern print...      Satin fabric     Draped high neck cowl neckline and button fastening     Floral pattern print Product Code: P-86230-11--,Sleeveless Tops,35.95,DV8 Fashion (USA),116329,Women's Tops,204,https://images2.productserve.com/?w=200&h=200&bg=white&trim=5&t=letterbox&url=ssl%3Awww.dv8fashion.com%2FImages%2FModels%2FFull%2F36616.jpg&feedId=102894&k=0c7d2d80bf7f59ad3b7e5031b0813f5591edd389,USD,,12.95,https://www.dv8fashion.com/en/Saint-Genies-Floral-Printed-Halter-Top---Cream/m-36616.aspx?PartnerID=4730&utm_source=awin&utm_medium=affiliate&utm_campaign=UnitedStatesUS,,,USD35.95,102894,DV8 Fashion,1,,https://www.dv8fashion.com/Images/Models/Full/36616-1.jpg,https://www.dv8fashion.com/Images/Models/Full/36616-2.jpg,,https://www.dv8fashion.com/Images/Models/Full/36616-3.jpg,Womens,Tops & T-Shirts
https://www.awin1.com/pclick.php?p=44245969544&a=2771700&m=116329,Brave Soul Sleeveless Stripe Knit Top - Brown / Cream - M,44245969544,274154AWUS,https://www.dv8fashion.com/Images/Models/Full/36983.jpg,Having a chilled day but still want to look stylish? We got you! Our stripe sleeveless top is a must for those off duty days. Comfy but cool      Sleeveless     Stretch knit fabric Product Code: P-86728-27--,Sleeveless Tops,29.95,DV8 Fashion (USA),116329,Women's Tops,204,https://images2.productserve.com/?w=200&h=200&bg=white&trim=5&t=letterbox&url=ssl%3Awww.dv8fashion.com%2FImages%2FModels%2FFull%2F36983.jpg&feedId=102894&k=71c7790d71692adaf9c0267762e24d3e658cfc29,USD,,12.95,https://www.dv8fashion.com/en/Brave-Soul-Sleeveless-Stripe-Knit-Top---Brown--Cream/m-36983.aspx?PartnerID=4730&utm_source=awin&utm_medium=affiliate&utm_campaign=UnitedStatesUS,,,USD29.95,102894,DV8 Fashion,1,,https://www.dv8fashion.com/Images/Models/Full/36983-1.jpg,https://www.dv8fashion.com/Images/Models/Full/36983-2.jpg,,https://www.dv8fashion.com/Images/Models/Full/36983-3.jpg,Womens,Tops & T-Shirts
https://www.awin1.com/pclick.php?p=44245969523&a=2771700&m=116329,Tally Weijl Basic Tank Top - Navy - XS,44245969523,274102AWUS,https://www.dv8fashion.com/Images/Models/Full/36978.jpg,"Simple and spot-on, this basic blue cotton tank top is the perfect go-to for sunny days or chill, laid-back looks. The soft, breathable fabric keeps you comfy all day long. With its classic sleeveless cut and solid color, it&rsquo;s super easy to wear and pair with shorts, jeans, or even a flowy skirt      Pattern: Plain     Fabric: Cotton     Colors: Blue     Sleeve shape: Sleeveless     Product: Tank top     Fit: Basic Product Code: P-86736-12--",Sleeveless Tops,22.95,DV8 Fashion (USA),116329,Women's Tops,204,https://images2.productserve.com/?w=200&h=200&bg=white&trim=5&t=letterbox&url=ssl%3Awww.dv8fashion.com%2FImages%2FModels%2FFull%2F36978.jpg&feedId=102894&k=5ab639ebf5758098e2ffc34af34d4833b0b5dfff,USD,,12.95,https://www.dv8fashion.com/en/Tally-Weijl-Basic-Tank-Top---Navy/m-36978.aspx?PartnerID=4730&utm_source=awin&utm_medium=affiliate&utm_campaign=UnitedStatesUS,,,USD22.95,102894,DV8 Fashion,1,,https://www.dv8fashion.com/Images/Models/Full/36978-1.jpg,https://www.dv8fashion.com/Images/Models/Full/36978-2.jpg,,https://www.dv8fashion.com/Images/Models/Full/36978-3.jpg,Womens,Tops & T-Shirts
https://www.awin1.com/pclick.php?p=44245969543&a=2771700&m=116329,Brave Soul Sleeveless Stripe Knit Top - Brown / Cream - L,44245969543,274153AWUS,https://www.dv8fashion.com/Images/Models/Full/36983.jpg,Having a chilled day but still want to look stylish? We got you! Our stripe sleeveless top is a must for those off duty days. Comfy but cool      Sleeveless     Stretch knit fabric Product Code: P-86728-27--,Sleeveless Tops,29.95,DV8 Fashion (USA),116329,Women's Tops,204,https://images2.productserve.com/?w=200&h=200&bg=white&trim=5&t=letterbox&url=ssl%3Awww.dv8fashion.com%2FImages%2FModels%2FFull%2F36983.jpg&feedId=102894&k=71c7790d71692adaf9c0267762e24d3e658cfc29,USD,,12.95,https://www.dv8fashion.com/en/Brave-Soul-Sleeveless-Stripe-Knit-Top---Brown--Cream/m-36983.aspx?PartnerID=4730&utm_source=awin&utm_medium=affiliate&utm_campaign=UnitedStatesUS,,,USD29.95,102894,DV8 Fashion,1,,https://www.dv8fashion.com/Images/Models/Full/36983-1.jpg,https://www.dv8fashion.com/Images/Models/Full/36983-2.jpg,,https://www.dv8fashion.com/Images/Models/Full/36983-3.jpg,Womens,Tops & T-Shirts
https://www.awin1.com/pclick.php?p=44245969520&a=2771700&m=116329,Tally Weijl Basic Tank Top - Navy - L,44245969520,274098AWUS,https://www.dv8fashion.com/Images/Models/Full/36978.jpg,"Simple and spot-on, this basic blue cotton tank top is the perfect go-to for sunny days or chill, laid-back looks. The soft, breathable fabric keeps you comfy all day long. With its classic sleeveless cut and solid color, it&rsquo;s super easy to wear and pair with shorts, jeans, or even a flowy skirt      Pattern: Plain     Fabric: Cotton     Colors: Blue     Sleeve shape: Sleeveless     Product: Tank top     Fit: Basic Product Code: P-86736-12--",Sleeveless Tops,22.95,DV8 Fashion (USA),116329,Women's Tops,204,https://images2.productserve.com/?w=200&h=200&bg=white&trim=5&t=letterbox&url=ssl%3Awww.dv8fashion.com%2FImages%2FModels%2FFull%2F36978.jpg&feedId=102894&k=5ab639ebf5758098e2ffc34af34d4833b0b5dfff,USD,,12.95,https://www.dv8fashion.com/en/Tally-Weijl-Basic-Tank-Top---Navy/m-36978.aspx?PartnerID=4730&utm_source=awin&utm_medium=affiliate&utm_campaign=UnitedStatesUS,,,USD22.95,102894,DV8 Fashion,1,,https://www.dv8fashion.com/Images/Models/Full/36978-1.jpg,https://www.dv8fashion.com/Images/Models/Full/36978-2.jpg,,https://www.dv8fashion.com/Images/Models/Full/36978-3.jpg,Womens,Tops & T-Shirts
https://www.awin1.com/pclick.php?p=44245969533&a=2771700&m=116329,Brave Soul Rib Button Vest Top - Red - XS,44245969533,274124AWUS,https://www.dv8fashion.com/Images/Models/Full/36980.jpg,New season Brave Soul has landed...      Product Type: Top     Neck: Crew neck     Sleeve: Sleeveless     Extra details: Button front Product Code: P-86696-21--,Sleeveless Tops,20.95,DV8 Fashion (USA),116329,Women's Tops,204,https://images2.productserve.com/?w=200&h=200&bg=white&trim=5&t=letterbox&url=ssl%3Awww.dv8fashion.com%2FImages%2FModels%2FFull%2F36980.jpg&feedId=102894&k=31552436c1bf441ea6ea0c6b2a7095fcd0de33f1,USD,,12.95,https://www.dv8fashion.com/en/Brave-Soul-Rib-Button-Vest-Top---Red/m-36980.aspx?PartnerID=4730&utm_source=awin&utm_medium=affiliate&utm_campaign=UnitedStatesUS,,,USD20.95,102894,DV8 Fashion,1,,https://www.dv8fashion.com/Images/Models/Full/36980-1.jpg,https://www.dv8fashion.com/Images/Models/Full/36980-2.jpg,,https://www.dv8fashion.com/Images/Models/Full/36980-3.jpg,Womens,Tops & T-Shirts
https://www.awin1.com/pclick.php?p=44245969529&a=2771700&m=116329,Brave Soul Rib Button Vest Top - Red - L,44245969529,274120AWUS,https://www.dv8fashion.com/Images/Models/Full/36980.jpg,New season Brave Soul has landed...      Product Type: Top     Neck: Crew neck     Sleeve: Sleeveless     Extra details: Button front Product Code: P-86696-21--,Sleeveless Tops,20.95,DV8 Fashion (USA),116329,Women's Tops,204,https://images2.productserve.com/?w=200&h=200&bg=white&trim=5&t=letterbox&url=ssl%3Awww.dv8fashion.com%2FImages%2FModels%2FFull%2F36980.jpg&feedId=102894&k=31552436c1bf441ea6ea0c6b2a7095fcd0de33f1,USD,,12.95,https://www.dv8fashion.com/en/Brave-Soul-Rib-Button-Vest-Top---Red/m-36980.aspx?PartnerID=4730&utm_source=awin&utm_medium=affiliate&utm_campaign=UnitedStatesUS,,,USD20.95,102894,DV8 Fashion,1,,https://www.dv8fashion.com/Images/Models/Full/36980-1.jpg,https://www.dv8fashion.com/Images/Models/Full/36980-2.jpg,,https://www.dv8fashion.com/Images/Models/Full/36980-3.jpg,Womens,Tops & T-Shirts
https://www.awin1.com/pclick.php?p=44245969522&a=2771700&m=116329,Tally Weijl Basic Tank Top - Navy - S,44245969522,274100AWUS,https://www.dv8fashion.com/Images/Models/Full/36978.jpg,"Simple and spot-on, this basic blue cotton tank top is the perfect go-to for sunny days or chill, laid-back looks. The soft, breathable fabric keeps you comfy all day long. With its classic sleeveless cut and solid color, it&rsquo;s super easy to wear and pair with shorts, jeans, or even a flowy skirt      Pattern: Plain     Fabric: Cotton     Colors: Blue     Sleeve shape: Sleeveless     Product: Tank top     Fit: Basic Product Code: P-86736-12--",Sleeveless Tops,22.95,DV8 Fashion (USA),116329,Women's Tops,204,https://images2.productserve.com/?w=200&h=200&bg=white&trim=5&t=letterbox&url=ssl%3Awww.dv8fashion.com%2FImages%2FModels%2FFull%2F36978.jpg&feedId=102894&k=5ab639ebf5758098e2ffc34af34d4833b0b5dfff,USD,,12.95,https://www.dv8fashion.com/en/Tally-Weijl-Basic-Tank-Top---Navy/m-36978.aspx?PartnerID=4730&utm_source=awin&utm_medium=affiliate&utm_campaign=UnitedStatesUS,,,USD22.95,102894,DV8 Fashion,1,,https://www.dv8fashion.com/Images/Models/Full/36978-1.jpg,https://www.dv8fashion.com/Images/Models/Full/36978-2.jpg,,https://www.dv8fashion.com/Images/Models/Full/36978-3.jpg,Womens,Tops & T-Shirts
https://www.awin1.com/pclick.php?p=44245969530&a=2771700&m=116329,Brave Soul Rib Button Vest Top - Red - M,44245969530,274121AWUS,https://www.dv8fashion.com/Images/Models/Full/36980.jpg,New season Brave Soul has landed...      Product Type: Top     Neck: Crew neck     Sleeve: Sleeveless     Extra details: Button front Product Code: P-86696-21--,Sleeveless Tops,20.95,DV8 Fashion (USA),116329,Women's Tops,204,https://images2.productserve.com/?w=200&h=200&bg=white&trim=5&t=letterbox&url=ssl%3Awww.dv8fashion.com%2FImages%2FModels%2FFull%2F36980.jpg&feedId=102894&k=31552436c1bf441ea6ea0c6b2a7095fcd0de33f1,USD,,12.95,https://www.dv8fashion.com/en/Brave-Soul-Rib-Button-Vest-Top---Red/m-36980.aspx?PartnerID=4730&utm_source=awin&utm_medium=affiliate&utm_campaign=UnitedStatesUS,,,USD20.95,102894,DV8 Fashion,1,,https://www.dv8fashion.com/Images/Models/Full/36980-1.jpg,https://www.dv8fashion.com/Images/Models/Full/36980-2.jpg,,https://www.dv8fashion.com/Images/Models/Full/36980-3.jpg,Womens,Tops & T-Shirts
https://www.awin1.com/pclick.php?p=44245969532&a=2771700&m=116329,Brave Soul Rib Button Vest Top - Red - XL,44245969532,274123AWUS,https://www.dv8fashion.com/Images/Models/Full/36980.jpg,New season Brave Soul has landed...      Product Type: Top     Neck: Crew neck     Sleeve: Sleeveless     Extra details: Button front Product Code: P-86696-21--,Sleeveless Tops,20.95,DV8 Fashion (USA),116329,Women's Tops,204,https://images2.productserve.com/?w=200&h=200&bg=white&trim=5&t=letterbox&url=ssl%3Awww.dv8fashion.com%2FImages%2FModels%2FFull%2F36980.jpg&feedId=102894&k=31552436c1bf441ea6ea0c6b2a7095fcd0de33f1,USD,,12.95,https://www.dv8fashion.com/en/Brave-Soul-Rib-Button-Vest-Top---Red/m-36980.aspx?PartnerID=4730&utm_source=awin&utm_medium=affiliate&utm_campaign=UnitedStatesUS,,,USD20.95,102894,DV8 Fashion,1,,https://www.dv8fashion.com/Images/Models/Full/36980-1.jpg,https://www.dv8fashion.com/Images/Models/Full/36980-2.jpg,,https://www.dv8fashion.com/Images/Models/Full/36980-3.jpg,Womens,Tops & T-Shirts
https://www.awin1.com/pclick.php?p=44245969521&a=2771700&m=116329,Tally Weijl Basic Tank Top - Navy - M,44245969521,274099AWUS,https://www.dv8fashion.com/Images/Models/Full/36978.jpg,"Simple and spot-on, this basic blue cotton tank top is the perfect go-to for sunny days or chill, laid-back looks. The soft, breathable fabric keeps you comfy all day long. With its classic sleeveless cut and solid color, it&rsquo;s super easy to wear and pair with shorts, jeans, or even a flowy skirt      Pattern: Plain     Fabric: Cotton     Colors: Blue     Sleeve shape: Sleeveless     Product: Tank top     Fit: Basic Product Code: P-86736-12--",Sleeveless Tops,22.95,DV8 Fashion (USA),116329,Women's Tops,204,https://images2.productserve.com/?w=200&h=200&bg=white&trim=5&t=letterbox&url=ssl%3Awww.dv8fashion.com%2FImages%2FModels%2FFull%2F36978.jpg&feedId=102894&k=5ab639ebf5758098e2ffc34af34d4833b0b5dfff,USD,,12.95,https://www.dv8fashion.com/en/Tally-Weijl-Basic-Tank-Top---Navy/m-36978.aspx?PartnerID=4730&utm_source=awin&utm_medium=affiliate&utm_campaign=UnitedStatesUS,,,USD22.95,102894,DV8 Fashion,1,,https://www.dv8fashion.com/Images/Models/Full/36978-1.jpg,https://www.dv8fashion.com/Images/Models/Full/36978-2.jpg,,https://www.dv8fashion.com/Images/Models/Full/36978-3.jpg,Womens,Tops & T-Shirts
https://www.awin1.com/pclick.php?p=44245969531&a=2771700&m=116329,Brave Soul Rib Button Vest Top - Red - S,44245969531,274122AWUS,https://www.dv8fashion.com/Images/Models/Full/36980.jpg,New season Brave Soul has landed...      Product Type: Top     Neck: Crew neck     Sleeve: Sleeveless     Extra details: Button front Product Code: P-86696-21--,Sleeveless Tops,20.95,DV8 Fashion (USA),116329,Women's Tops,204,https://images2.productserve.com/?w=200&h=200&bg=white&trim=5&t=letterbox&url=ssl%3Awww.dv8fashion.com%2FImages%2FModels%2FFull%2F36980.jpg&feedId=102894&k=31552436c1bf441ea6ea0c6b2a7095fcd0de33f1,USD,,12.95,https://www.dv8fashion.com/en/Brave-Soul-Rib-Button-Vest-Top---Red/m-36980.aspx?PartnerID=4730&utm_source=awin&utm_medium=affiliate&utm_campaign=UnitedStatesUS,,,USD20.95,102894,DV8 Fashion,1,,https://www.dv8fashion.com/Images/Models/Full/36980-1.jpg,https://www.dv8fashion.com/Images/Models/Full/36980-2.jpg,,https://www.dv8fashion.com/Images/Models/Full/36980-3.jpg,Womens,Tops & T-Shirts
https://www.awin1.com/pclick.php?p=44245969546&a=2771700&m=116329,Brave Soul Sleeveless Stripe Knit Top - Brown / Cream - XS,44245969546,274157AWUS,https://www.dv8fashion.com/Images/Models/Full/36983.jpg,Having a chilled day but still want to look stylish? We got you! Our stripe sleeveless top is a must for those off duty days. Comfy but cool      Sleeveless     Stretch knit fabric Product Code: P-86728-27--,Sleeveless Tops,29.95,DV8 Fashion (USA),116329,Women's Tops,204,https://images2.productserve.com/?w=200&h=200&bg=white&trim=5&t=letterbox&url=ssl%3Awww.dv8fashion.com%2FImages%2FModels%2FFull%2F36983.jpg&feedId=102894&k=71c7790d71692adaf9c0267762e24d3e658cfc29,USD,,12.95,https://www.dv8fashion.com/en/Brave-Soul-Sleeveless-Stripe-Knit-Top---Brown--Cream/m-36983.aspx?PartnerID=4730&utm_source=awin&utm_medium=affiliate&utm_campaign=UnitedStatesUS,,,USD29.95,102894,DV8 Fashion,1,,https://www.dv8fashion.com/Images/Models/Full/36983-1.jpg,https://www.dv8fashion.com/Images/Models/Full/36983-2.jpg,,https://www.dv8fashion.com/Images/Models/Full/36983-3.jpg,Womens,Tops & T-Shirts
https://www.awin1.com/pclick.php?p=43961752218&a=2771700&m=116329,Saint Genies Floral Printed Halter Top - Cream - XS,43961752218,270059AWUS,https://www.dv8fashion.com/Images/Models/Full/36616.jpg,Complete your new season wardrobe with this stunner of a top! Featuring a chic cowl draped high neckline and satin fabric with a summer pattern print...      Satin fabric     Draped high neck cowl neckline and button fastening     Floral pattern print Product Code: P-86230-11--,Sleeveless Tops,35.95,DV8 Fashion (USA),116329,Women's Tops,204,https://images2.productserve.com/?w=200&h=200&bg=white&trim=5&t=letterbox&url=ssl%3Awww.dv8fashion.com%2FImages%2FModels%2FFull%2F36616.jpg&feedId=102894&k=0c7d2d80bf7f59ad3b7e5031b0813f5591edd389,USD,,12.95,https://www.dv8fashion.com/en/Saint-Genies-Floral-Printed-Halter-Top---Cream/m-36616.aspx?PartnerID=4730&utm_source=awin&utm_medium=affiliate&utm_campaign=UnitedStatesUS,,,USD35.95,102894,DV8 Fashion,1,,https://www.dv8fashion.com/Images/Models/Full/36616-1.jpg,https://www.dv8fashion.com/Images/Models/Full/36616-2.jpg,,https://www.dv8fashion.com/Images/Models/Full/36616-3.jpg,Womens,Tops & T-Shirts
https://www.awin1.com/pclick.php?p=43971212215&a=2771700&m=116329,Saint Genies Polka Dot Lace Top - Black - XS,43971212215,270268AWUS,https://www.dv8fashion.com/Images/Models/Full/36635.jpg,Product Type: Top     Neck: V neck     Sleeve: Sleeveless     Extra details: Polka dot pattern     Lace trim Product Code: P-85635-10--,Sleeveless Tops,45.95,DV8 Fashion (USA),116329,Women's Tops,204,https://images2.productserve.com/?w=200&h=200&bg=white&trim=5&t=letterbox&url=ssl%3Awww.dv8fashion.com%2FImages%2FModels%2FFull%2F36635.jpg&feedId=102894&k=5f9a6ccce0bbdd9ff49acd7056172b5718a684c5,USD,,12.95,https://www.dv8fashion.com/en/Saint-Genies-Polka-Dot-Lace-Top---Black/m-36635.aspx?PartnerID=4730&utm_source=awin&utm_medium=affiliate&utm_campaign=UnitedStatesUS,,,USD45.95,102894,DV8 Fashion,1,,https://www.dv8fashion.com/Images/Models/Full/36635-1.jpg,https://www.dv8fashion.com/Images/Models/Full/36635-2.jpg,,https://www.dv8fashion.com/Images/Models/Full/36635-3.jpg,Womens,Tops & T-Shirts
https://www.awin1.com/pclick.php?p=44086910497&a=2771700&m=116329,Saint Genies Crepe Sleeveless Button Top - Water Blue - XS,44086910497,272270AWUS,https://www.dv8fashion.com/Images/Models/Full/36814.jpg,New season Saint Genies has landed...      Product Type: Top     Fabric: Crinkle fabric     Details: Button front     Fit: Fitted     Make it a co-ord with a matching trousers Product Code: P-86487-61--,Sleeveless Tops,34.95,DV8 Fashion (USA),116329,Women's Tops,204,https://images2.productserve.com/?w=200&h=200&bg=white&trim=5&t=letterbox&url=ssl%3Awww.dv8fashion.com%2FImages%2FModels%2FFull%2F36814.jpg&feedId=102894&k=49c14b173f70c5ca67e3573cc9a5dca7e04e4945,USD,,12.95,https://www.dv8fashion.com/en/Saint-Genies-Crepe-Sleeveless-Button-Top---Water-Blue/m-36814.aspx?PartnerID=4730&utm_source=awin&utm_medium=affiliate&utm_campaign=UnitedStatesUS,,,USD34.95,102894,DV8 Fashion,1,,https://www.dv8fashion.com/Images/Models/Full/36814-1.jpg,https://www.dv8fashion.com/Images/Models/Full/36814-2.jpg,,https://www.dv8fashion.com/Images/Models/Full/36814-3.jpg,Womens,Tops & T-Shirts
https://www.awin1.com/pclick.php?p=44086910387&a=2771700&m=116329,Saint Genies Stripe Ruched Halter Neck Top - Baby Pink / Brown - XS,44086910387,271983AWUS,https://www.dv8fashion.com/Images/Models/Full/36789.jpg,Did someone say new season? Get the fresh style with our halter top by Saint Genies...      Ruched fabric     Pink and brown stripe pattern     Halter neck with tie fastening     Fitted style Product Code: P-86492-38--,Sleeveless Tops,34.95,DV8 Fashion (USA),116329,Women's Tops,204,https://images2.productserve.com/?w=200&h=200&bg=white&trim=5&t=letterbox&url=ssl%3Awww.dv8fashion.com%2FImages%2FModels%2FFull%2F36789.jpg&feedId=102894&k=b70721ddfc708eafdf8cf377d643bf78ec64386e,USD,,12.95,https://www.dv8fashion.com/en/Saint-Genies-Stripe-Ruched-Halter-Neck-Top---Baby-Pink--Brown/m-36789.aspx?PartnerID=4730&utm_source=awin&utm_medium=affiliate&utm_campaign=UnitedStatesUS,,,USD34.95,102894,DV8 Fashion,1,,https://www.dv8fashion.com/Images/Models/Full/36789-1.jpg,https://www.dv8fashion.com/Images/Models/Full/36789-2.jpg,,https://www.dv8fashion.com/Images/Models/Full/36789-3.jpg,Womens,Tops & T-Shirts
https://www.awin1.com/pclick.php?p=41493309856&a=2771700&m=116329,Brave Soul Broderie Top - Baby Blue - M,41493309856,248834AWUS,https://www.dv8fashion.com/Images/Models/Full/34679.jpg,New season Brave Soul has landed...      Product Type: Top     Sleeve: Sleeveless     Extra details: Broderie Analgise with back tie detail Product Code: P-82740-55--,Sleeveless Tops,36.95,DV8 Fashion (USA),116329,Women's Tops,204,https://images2.productserve.com/?w=200&h=200&bg=white&trim=5&t=letterbox&url=ssl%3Awww.dv8fashion.com%2FImages%2FModels%2FFull%2F34679.jpg&feedId=102894&k=2d52ff79467d9331a1aa40883ee1c1d4928291cf,USD,,12.95,https://www.dv8fashion.com/en/Brave-Soul-Broderie-Top---Baby-Blue/m-34679.aspx?PartnerID=4730&utm_source=awin&utm_medium=affiliate&utm_campaign=UnitedStatesUS,,,USD36.95,102894,DV8 Fashion,1,,https://www.dv8fashion.com/Images/Models/Full/34679-1.jpg,https://www.dv8fashion.com/Images/Models/Full/34679-2.jpg,,https://www.dv8fashion.com/Images/Models/Full/34679-3.jpg,Womens,Tops & T-Shirts
https://www.awin1.com/pclick.php?p=44086910384&a=2771700&m=116329,Saint Genies Stripe Ruched Halter Neck Top - Baby Pink / Brown - M,44086910384,271980AWUS,https://www.dv8fashion.com/Images/Models/Full/36789.jpg,Did someone say new season? Get the fresh style with our halter top by Saint Genies...      Ruched fabric     Pink and brown stripe pattern     Halter neck with tie fastening     Fitted style Product Code: P-86492-38--,Sleeveless Tops,34.95,DV8 Fashion (USA),116329,Women's Tops,204,https://images2.productserve.com/?w=200&h=200&bg=white&trim=5&t=letterbox&url=ssl%3Awww.dv8fashion.com%2FImages%2FModels%2FFull%2F36789.jpg&feedId=102894&k=b70721ddfc708eafdf8cf377d643bf78ec64386e,USD,,12.95,https://www.dv8fashion.com/en/Saint-Genies-Stripe-Ruched-Halter-Neck-Top---Baby-Pink--Brown/m-36789.aspx?PartnerID=4730&utm_source=awin&utm_medium=affiliate&utm_campaign=UnitedStatesUS,,,USD34.95,102894,DV8 Fashion,1,,https://www.dv8fashion.com/Images/Models/Full/36789-1.jpg,https://www.dv8fashion.com/Images/Models/Full/36789-2.jpg,,https://www.dv8fashion.com/Images/Models/Full/36789-3.jpg,Womens,Tops & T-Shirts
https://www.awin1.com/pclick.php?p=41818664973&a=2771700&m=116329,Pieces Madison Draped Top - Cloud Dancer - M,41818664973,251445AWUS,https://www.dv8fashion.com/Images/Models/Full/34917.jpg,"Jersey is a soft, stretchy fabric, that ensures comfort      Product Type: Blouse     Neck: Round Neck     Sleeve: Sleeveless     Fit: Slim Fit Product Code: P-83103-11--",Sleeveless Tops,29.95,DV8 Fashion (USA),116329,Women's Tops,204,https://images2.productserve.com/?w=200&h=200&bg=white&trim=5&t=letterbox&url=ssl%3Awww.dv8fashion.com%2FImages%2FModels%2FFull%2F34917.jpg&feedId=102894&k=0d5cd4229216ede1765ee145beafba278d3db625,USD,,12.95,https://www.dv8fashion.com/en/Pieces-Madison-Draped-Top---Cloud-Dancer/m-34917.aspx?PartnerID=4730&utm_source=awin&utm_medium=affiliate&utm_campaign=UnitedStatesUS,,,USD29.95,102894,DV8 Fashion,1,,https://www.dv8fashion.com/Images/Models/Full/34917-1.jpg,https://www.dv8fashion.com/Images/Models/Full/34917-2.jpg,,https://www.dv8fashion.com/Images/Models/Full/34917-3.jpg,Womens,Tops & T-Shirts
https://www.awin1.com/pclick.php?p=41582883529&a=2771700&m=116329,Brave Soul Sienna Waistcoat - Black - M,41582883529,249680AWUS,https://www.dv8fashion.com/Images/Models/Full/34754.jpg,New season Brave Soul has landed...      Product Type: Waistcoat     Neckline: Square     Extra details: Button fastening with tie fastening Product Code: P-82890-10--,Sleeveless Tops,40.95,DV8 Fashion (USA),116329,Women's Tops,204,https://images2.productserve.com/?w=200&h=200&bg=white&trim=5&t=letterbox&url=ssl%3Awww.dv8fashion.com%2FImages%2FModels%2FFull%2F34754.jpg&feedId=102894&k=b12fe1e065cc9798cfdf6093ca85f0dc097269a1,USD,,12.95,https://www.dv8fashion.com/en/Brave-Soul-Sienna-Waistcoat---Black/m-34754.aspx?PartnerID=4730&utm_source=awin&utm_medium=affiliate&utm_campaign=UnitedStatesUS,,,USD40.95,102894,DV8 Fashion,1,,https://www.dv8fashion.com/Images/Models/Full/34754-1.jpg,https://www.dv8fashion.com/Images/Models/Full/34754-2.jpg,,https://www.dv8fashion.com/Images/Models/Full/34754-3.jpg,Womens,Tops & T-Shirts
https://www.awin1.com/pclick.php?p=43746264105&a=2771700&m=116329,Saint Genies Sleeveless Buckle Detail Top - Khaki - M,43746264105,267812AWUS,https://www.dv8fashion.com/Images/Models/Full/36418.jpg,Update your wardrobe with Saint Genies...       Khaki textured fabric   Gold hardware detailing   Wrap front style         Product Code: P-85480-45--,Sleeveless Tops,41.95,DV8 Fashion (USA),116329,Women's Tops,204,https://images2.productserve.com/?w=200&h=200&bg=white&trim=5&t=letterbox&url=ssl%3Awww.dv8fashion.com%2FImages%2FModels%2FFull%2F36418.jpg&feedId=102894&k=a6fb0532dd3c3e866cae76194a7605fa2d5256db,USD,,12.95,https://www.dv8fashion.com/en/Saint-Genies-Sleeveless-Buckle-Detail-Top---Khaki/m-36418.aspx?PartnerID=4730&utm_source=awin&utm_medium=affiliate&utm_campaign=UnitedStatesUS,,,USD41.95,102894,DV8 Fashion,1,,https://www.dv8fashion.com/Images/Models/Full/36418-1.jpg,https://www.dv8fashion.com/Images/Models/Full/36418-2.jpg,,https://www.dv8fashion.com/Images/Models/Full/36418-3.jpg,Womens,Tops & T-Shirts
https://www.awin1.com/pclick.php?p=44078984480&a=2771700&m=116329,Pieces Tiffany Strap Lace Top - Black - L,44078984480,271865AWUS,https://www.dv8fashion.com/Images/Models/Full/36779.jpg,"Find your perfect everyday look. With quality styles you can create timeless, comfortable, and trendy outfits, that work every single day of the week      Detail Type: Singlet     Extra details: Feminine lace detail     Strap type: Adjustable straps     Fit: Regular Fit     Neck: V-Neck     Sleeve length: Sleeveless (S/L) Product Code: P-86517-10--",Sleeveless Tops,33.95,DV8 Fashion (USA),116329,Women's Tops,204,https://images2.productserve.com/?w=200&h=200&bg=white&trim=5&t=letterbox&url=ssl%3Awww.dv8fashion.com%2FImages%2FModels%2FFull%2F36779.jpg&feedId=102894&k=86573cb03b7549fb55c9f44525b2867e9369064f,USD,,12.95,https://www.dv8fashion.com/en/Pieces-Tiffany-Strap-Lace-Top---Black/m-36779.aspx?PartnerID=4730&utm_source=awin&utm_medium=affiliate&utm_campaign=UnitedStatesUS,,,USD33.95,102894,DV8 Fashion,1,,https://www.dv8fashion.com/Images/Models/Full/36779-1.jpg,https://www.dv8fashion.com/Images/Models/Full/36779-2.jpg,,https://www.dv8fashion.com/Images/Models/Full/36779-3.jpg,Womens,Tops & T-Shirts
https://www.awin1.com/pclick.php?p=44069933812&a=2771700&m=116329,Saint Genies Bandeau Split Top - White - L,44069933812,271657AWUS,https://www.dv8fashion.com/Images/Models/Full/36760.jpg,Get new season ready with this bandeau top by Saint Genies. This stunning piece is designed to make you stand out wherever you go      Colour: White     Details: Split sides     Sleeves: Sleeveless     Product type: Top     Fit: Fitted Product Code: P-86495-11--,Sleeveless Tops,34.95,DV8 Fashion (USA),116329,Women's Tops,204,https://images2.productserve.com/?w=200&h=200&bg=white&trim=5&t=letterbox&url=ssl%3Awww.dv8fashion.com%2FImages%2FModels%2FFull%2F36760.jpg&feedId=102894&k=cb00505fe685e81e29a37307ee289d79b8ea7b93,USD,,12.95,https://www.dv8fashion.com/en/Saint-Genies-Bandeau-Split-Top---White/m-36760.aspx?PartnerID=4730&utm_source=awin&utm_medium=affiliate&utm_campaign=UnitedStatesUS,,,USD34.95,102894,DV8 Fashion,1,,https://www.dv8fashion.com/Images/Models/Full/36760-1.jpg,https://www.dv8fashion.com/Images/Models/Full/36760-2.jpg,,https://www.dv8fashion.com/Images/Models/Full/36760-3.jpg,Womens,Tops & T-Shirts
https://www.awin1.com/pclick.php?p=43971212212&a=2771700&m=116329,Saint Genies Polka Dot Lace Top - Black - M,43971212212,270265AWUS,https://www.dv8fashion.com/Images/Models/Full/36635.jpg,Product Type: Top     Neck: V neck     Sleeve: Sleeveless     Extra details: Polka dot pattern     Lace trim Product Code: P-85635-10--,Sleeveless Tops,45.95,DV8 Fashion (USA),116329,Women's Tops,204,https://images2.productserve.com/?w=200&h=200&bg=white&trim=5&t=letterbox&url=ssl%3Awww.dv8fashion.com%2FImages%2FModels%2FFull%2F36635.jpg&feedId=102894&k=5f9a6ccce0bbdd9ff49acd7056172b5718a684c5,USD,,12.95,https://www.dv8fashion.com/en/Saint-Genies-Polka-Dot-Lace-Top---Black/m-36635.aspx?PartnerID=4730&utm_source=awin&utm_medium=affiliate&utm_campaign=UnitedStatesUS,,,USD45.95,102894,DV8 Fashion,1,,https://www.dv8fashion.com/Images/Models/Full/36635-1.jpg,https://www.dv8fashion.com/Images/Models/Full/36635-2.jpg,,https://www.dv8fashion.com/Images/Models/Full/36635-3.jpg,Womens,Tops & T-Shirts
https://www.awin1.com/pclick.php?p=44024125046&a=2771700&m=116329,Saint Genies Polka Dot Halter Neck Top - Lemon - XL,44024125046,271082AWUS,https://www.dv8fashion.com/Images/Models/Full/36712.jpg,Complete your new season wardrobe with this stunner of a top! Featuring a chic cowl draped high neckline and satin fabric with a polka dot pattern print...      Satin fabric     Draped high neck cowl neckline and button fastening     Polka dot pattern print Product Code: P-86108-25--,Sleeveless Tops,34.95,DV8 Fashion (USA),116329,Women's Tops,204,https://images2.productserve.com/?w=200&h=200&bg=white&trim=5&t=letterbox&url=ssl%3Awww.dv8fashion.com%2FImages%2FModels%2FFull%2F36712.jpg&feedId=102894&k=912db3bcb62fc88676e112af4c3d6f33808d73dc,USD,,12.95,https://www.dv8fashion.com/en/Saint-Genies-Polka-Dot-Halter-Neck-Top---Lemon/m-36712.aspx?PartnerID=4730&utm_source=awin&utm_medium=affiliate&utm_campaign=UnitedStatesUS,,,USD34.95,102894,DV8 Fashion,1,,https://www.dv8fashion.com/Images/Models/Full/36712-1.jpg,https://www.dv8fashion.com/Images/Models/Full/36712-2.jpg,,https://www.dv8fashion.com/Images/Models/Full/36712-3.jpg,Womens,Tops & T-Shirts
https://www.awin1.com/pclick.php?p=44086910400&a=2771700&m=116329,Saint Genies Satin High Halter Neck Top - Icy Blue - S,44086910400,272014AWUS,https://www.dv8fashion.com/Images/Models/Full/36792.jpg,Complete your new season wardrobe with this stunner of a top! Featuring a chic cowl draped high neckline and satin fabric...      Satin fabric     Draped high neck cowl neckline Product Code: P-86490-61--,Sleeveless Tops,34.95,DV8 Fashion (USA),116329,Women's Tops,204,https://images2.productserve.com/?w=200&h=200&bg=white&trim=5&t=letterbox&url=ssl%3Awww.dv8fashion.com%2FImages%2FModels%2FFull%2F36792.jpg&feedId=102894&k=2b6b706a2780d298696463dce00e6fa989aac7c0,USD,,12.95,https://www.dv8fashion.com/en/Saint-Genies-Satin-High-Halter-Neck-Top---Icy-Blue/m-36792.aspx?PartnerID=4730&utm_source=awin&utm_medium=affiliate&utm_campaign=UnitedStatesUS,,,USD34.95,102894,DV8 Fashion,1,,https://www.dv8fashion.com/Images/Models/Full/36792-1.jpg,https://www.dv8fashion.com/Images/Models/Full/36792-2.jpg,,https://www.dv8fashion.com/Images/Models/Full/36792-3.jpg,Womens,Tops & T-Shirts
https://www.awin1.com/pclick.php?p=44217097722&a=2771700&m=116329,Saint Genies Button Waistcoat - Yellow - L,44217097722,273671AWUS,https://www.dv8fashion.com/Images/Models/Full/36942.jpg,Saint Genies women&apos;s waistcoat...      Yellow hue     Tailored waistcoat     Button front     V neck and sleeveless Product Code: P-86661-25--,Sleeveless Tops,42.95,DV8 Fashion (USA),116329,Women's Tops,204,https://images2.productserve.com/?w=200&h=200&bg=white&trim=5&t=letterbox&url=ssl%3Awww.dv8fashion.com%2FImages%2FModels%2FFull%2F36942.jpg&feedId=102894&k=a4e6a4b7fda51d9568464d83a2978896c1ab9d52,USD,,12.95,https://www.dv8fashion.com/en/Saint-Genies-Button-Waistcoat---Yellow/m-36942.aspx?PartnerID=4730&utm_source=awin&utm_medium=affiliate&utm_campaign=UnitedStatesUS,,,USD42.95,102894,DV8 Fashion,1,,https://www.dv8fashion.com/Images/Models/Full/36942-1.jpg,https://www.dv8fashion.com/Images/Models/Full/36942-2.jpg,,https://www.dv8fashion.com/Images/Models/Full/36942-3.jpg,Womens,Tops & T-Shirts
https://www.awin1.com/pclick.php?p=44274238103&a=2771700&m=116329,Brave Soul Sleeveless Stripe Knit Top - Brown / Cream - S,44274238103,274155AWUS,https://www.dv8fashion.com/Images/Models/Full/36983.jpg,Having a chilled day but still want to look stylish? We got you! Our stripe sleeveless top is a must for those off duty days. Comfy but cool      Sleeveless     Stretch knit fabric Product Code: P-86728-27--,Sleeveless Tops,29.95,DV8 Fashion (USA),116329,Women's Tops,204,https://images2.productserve.com/?w=200&h=200&bg=white&trim=5&t=letterbox&url=ssl%3Awww.dv8fashion.com%2FImages%2FModels%2FFull%2F36983.jpg&feedId=102894&k=71c7790d71692adaf9c0267762e24d3e658cfc29,USD,,12.95,https://www.dv8fashion.com/en/Brave-Soul-Sleeveless-Stripe-Knit-Top---Brown--Cream/m-36983.aspx?PartnerID=4730&utm_source=awin&utm_medium=affiliate&utm_campaign=UnitedStatesUS,,,USD29.95,102894,DV8 Fashion,1,,https://www.dv8fashion.com/Images/Models/Full/36983-1.jpg,https://www.dv8fashion.com/Images/Models/Full/36983-2.jpg,,https://www.dv8fashion.com/Images/Models/Full/36983-3.jpg,Womens,Tops & T-Shirts
https://www.awin1.com/pclick.php?p=43397708237&a=2771700&m=116329,Saint Genies Satin Cowl Top - Cream - XS,43397708237,264593AWUS,https://www.dv8fashion.com/Images/Models/Full/36126.jpg,This classic high neck champagne top is the perfect party piece.      High neckline     Back strap     Silk feel fabric Product Code: P-85154-26--,Sleeveless Tops,34.95,DV8 Fashion (USA),116329,Women's Tops,204,https://images2.productserve.com/?w=200&h=200&bg=white&trim=5&t=letterbox&url=ssl%3Awww.dv8fashion.com%2FImages%2FModels%2FFull%2F36126.jpg&feedId=102894&k=38bafb479fc31b854835f2f0359ed2a3113e4ed3,USD,,12.95,https://www.dv8fashion.com/en/Saint-Genies-Satin-Cowl-Top---Cream/m-36126.aspx?PartnerID=4730&utm_source=awin&utm_medium=affiliate&utm_campaign=UnitedStatesUS,,,USD34.95,102894,DV8 Fashion,1,,https://www.dv8fashion.com/Images/Models/Full/36126-1.jpg,https://www.dv8fashion.com/Images/Models/Full/36126-2.jpg,,https://www.dv8fashion.com/Images/Models/Full/36126-3.jpg,Womens,Tops & T-Shirts
https://www.awin1.com/pclick.php?p=43397708235&a=2771700&m=116329,Saint Genies Satin Cowl Top - Cream - S,43397708235,264591AWUS,https://www.dv8fashion.com/Images/Models/Full/36126.jpg,This classic high neck champagne top is the perfect party piece.      High neckline     Back strap     Silk feel fabric Product Code: P-85154-26--,Sleeveless Tops,34.95,DV8 Fashion (USA),116329,Women's Tops,204,https://images2.productserve.com/?w=200&h=200&bg=white&trim=5&t=letterbox&url=ssl%3Awww.dv8fashion.com%2FImages%2FModels%2FFull%2F36126.jpg&feedId=102894&k=38bafb479fc31b854835f2f0359ed2a3113e4ed3,USD,,12.95,https://www.dv8fashion.com/en/Saint-Genies-Satin-Cowl-Top---Cream/m-36126.aspx?PartnerID=4730&utm_source=awin&utm_medium=affiliate&utm_campaign=UnitedStatesUS,,,USD34.95,102894,DV8 Fashion,1,,https://www.dv8fashion.com/Images/Models/Full/36126-1.jpg,https://www.dv8fashion.com/Images/Models/Full/36126-2.jpg,,https://www.dv8fashion.com/Images/Models/Full/36126-3.jpg,Womens,Tops & T-Shirts
https://www.awin1.com/pclick.php?p=43397708233&a=2771700&m=116329,Saint Genies Satin Cowl Top - Cream - L,43397708233,264589AWUS,https://www.dv8fashion.com/Images/Models/Full/36126.jpg,This classic high neck champagne top is the perfect party piece.      High neckline     Back strap     Silk feel fabric Product Code: P-85154-26--,Sleeveless Tops,34.95,DV8 Fashion (USA),116329,Women's Tops,204,https://images2.productserve.com/?w=200&h=200&bg=white&trim=5&t=letterbox&url=ssl%3Awww.dv8fashion.com%2FImages%2FModels%2FFull%2F36126.jpg&feedId=102894&k=38bafb479fc31b854835f2f0359ed2a3113e4ed3,USD,,12.95,https://www.dv8fashion.com/en/Saint-Genies-Satin-Cowl-Top---Cream/m-36126.aspx?PartnerID=4730&utm_source=awin&utm_medium=affiliate&utm_campaign=UnitedStatesUS,,,USD34.95,102894,DV8 Fashion,1,,https://www.dv8fashion.com/Images/Models/Full/36126-1.jpg,https://www.dv8fashion.com/Images/Models/Full/36126-2.jpg,,https://www.dv8fashion.com/Images/Models/Full/36126-3.jpg,Womens,Tops & T-Shirts
https://www.awin1.com/pclick.php?p=43397708236&a=2771700&m=116329,Saint Genies Satin Cowl Top - Cream - XL,43397708236,264592AWUS,https://www.dv8fashion.com/Images/Models/Full/36126.jpg,This classic high neck champagne top is the perfect party piece.      High neckline     Back strap     Silk feel fabric Product Code: P-85154-26--,Sleeveless Tops,34.95,DV8 Fashion (USA),116329,Women's Tops,204,https://images2.productserve.com/?w=200&h=200&bg=white&trim=5&t=letterbox&url=ssl%3Awww.dv8fashion.com%2FImages%2FModels%2FFull%2F36126.jpg&feedId=102894&k=38bafb479fc31b854835f2f0359ed2a3113e4ed3,USD,,12.95,https://www.dv8fashion.com/en/Saint-Genies-Satin-Cowl-Top---Cream/m-36126.aspx?PartnerID=4730&utm_source=awin&utm_medium=affiliate&utm_campaign=UnitedStatesUS,,,USD34.95,102894,DV8 Fashion,1,,https://www.dv8fashion.com/Images/Models/Full/36126-1.jpg,https://www.dv8fashion.com/Images/Models/Full/36126-2.jpg,,https://www.dv8fashion.com/Images/Models/Full/36126-3.jpg,Womens,Tops & T-Shirts
https://www.awin1.com/pclick.php?p=43718253590&a=2771700&m=116329,Saint Genies Satin High Halter Neck Top - Blue - S,43718253590,267491AWUS,https://www.dv8fashion.com/Images/Models/Full/36388.jpg,Complete your new season wardrobe with this stunner of a top! Featuring a chic cowl draped high neckline and satin fabric...      Satin fabric     Draped high neck cowl neckline Product Code: P-85625-61--,Sleeveless Tops,34.95,DV8 Fashion (USA),116329,Women's Tops,204,https://images2.productserve.com/?w=200&h=200&bg=white&trim=5&t=letterbox&url=ssl%3Awww.dv8fashion.com%2FImages%2FModels%2FFull%2F36388.jpg&feedId=102894&k=4172085b0ec0b261b3828f5a788ec6d0749f243f,USD,,12.95,https://www.dv8fashion.com/en/Saint-Genies-Satin-High-Halter-Neck-Top---Blue/m-36388.aspx?PartnerID=4730&utm_source=awin&utm_medium=affiliate&utm_campaign=UnitedStatesUS,,,USD34.95,102894,DV8 Fashion,1,,https://www.dv8fashion.com/Images/Models/Full/36388-1.jpg,https://www.dv8fashion.com/Images/Models/Full/36388-2.jpg,,https://www.dv8fashion.com/Images/Models/Full/36388-3.jpg,Womens,Tops & T-Shirts
https://www.awin1.com/pclick.php?p=44291313762&a=2771700&m=116329,Saint Genies Satin High Halter Neck Top - Blue - M,44291313762,267490AWUS,https://www.dv8fashion.com/Images/Models/Full/36388.jpg,Complete your new season wardrobe with this stunner of a top! Featuring a chic cowl draped high neckline and satin fabric...      Satin fabric     Draped high neck cowl neckline Product Code: P-85625-61--,Sleeveless Tops,34.95,DV8 Fashion (USA),116329,Women's Tops,204,https://images2.productserve.com/?w=200&h=200&bg=white&trim=5&t=letterbox&url=ssl%3Awww.dv8fashion.com%2FImages%2FModels%2FFull%2F36388.jpg&feedId=102894&k=4172085b0ec0b261b3828f5a788ec6d0749f243f,USD,,12.95,https://www.dv8fashion.com/en/Saint-Genies-Satin-High-Halter-Neck-Top---Blue/m-36388.aspx?PartnerID=4730&utm_source=awin&utm_medium=affiliate&utm_campaign=UnitedStatesUS,,,USD34.95,102894,DV8 Fashion,1,,https://www.dv8fashion.com/Images/Models/Full/36388-1.jpg,https://www.dv8fashion.com/Images/Models/Full/36388-2.jpg,,https://www.dv8fashion.com/Images/Models/Full/36388-3.jpg,Womens,Tops & T-Shirts
https://www.awin1.com/pclick.php?p=43718253591&a=2771700&m=116329,Saint Genies Satin High Halter Neck Top - Blue - XS,43718253591,267493AWUS,https://www.dv8fashion.com/Images/Models/Full/36388.jpg,Complete your new season wardrobe with this stunner of a top! Featuring a chic cowl draped high neckline and satin fabric...      Satin fabric     Draped high neck cowl neckline Product Code: P-85625-61--,Sleeveless Tops,34.95,DV8 Fashion (USA),116329,Women's Tops,204,https://images2.productserve.com/?w=200&h=200&bg=white&trim=5&t=letterbox&url=ssl%3Awww.dv8fashion.com%2FImages%2FModels%2FFull%2F36388.jpg&feedId=102894&k=4172085b0ec0b261b3828f5a788ec6d0749f243f,USD,,12.95,https://www.dv8fashion.com/en/Saint-Genies-Satin-High-Halter-Neck-Top---Blue/m-36388.aspx?PartnerID=4730&utm_source=awin&utm_medium=affiliate&utm_campaign=UnitedStatesUS,,,USD34.95,102894,DV8 Fashion,1,,https://www.dv8fashion.com/Images/Models/Full/36388-1.jpg,https://www.dv8fashion.com/Images/Models/Full/36388-2.jpg,,https://www.dv8fashion.com/Images/Models/Full/36388-3.jpg,Womens,Tops & T-Shirts
https://www.awin1.com/pclick.php?p=43971212206&a=2771700&m=116329,Saint Genies Polka Dot Halter Top - Pink / Brown - L,43971212206,270253AWUS,https://www.dv8fashion.com/Images/Models/Full/36634.jpg,Complete your new season wardrobe with this stunner of a dress! Featuring a chic cowl draped high neckline and satin fabric with a summer pattern print...      Satin fabric     Draped high neck cowl neckline and button fastening     Polka dot pattern print Product Code: P-86306-38--,Sleeveless Tops,35.95,DV8 Fashion (USA),116329,Women's Tops,204,https://images2.productserve.com/?w=200&h=200&bg=white&trim=5&t=letterbox&url=ssl%3Awww.dv8fashion.com%2FImages%2FModels%2FFull%2F36634.jpg&feedId=102894&k=1584f88f2fe0cae1fb6ea0d1eb189f33ddfc5db7,USD,,12.95,https://www.dv8fashion.com/en/Saint-Genies-Polka-Dot-Halter-Top---Pink--Brown/m-36634.aspx?PartnerID=4730&utm_source=awin&utm_medium=affiliate&utm_campaign=UnitedStatesUS,,,USD35.95,102894,DV8 Fashion,1,,https://www.dv8fashion.com/Images/Models/Full/36634-1.jpg,https://www.dv8fashion.com/Images/Models/Full/36634-2.jpg,,https://www.dv8fashion.com/Images/Models/Full/36634-3.jpg,Womens,Tops & T-Shirts
https://www.awin1.com/pclick.php?p=43971212211&a=2771700&m=116329,Saint Genies Polka Dot Lace Top - Black - L,43971212211,270264AWUS,https://www.dv8fashion.com/Images/Models/Full/36635.jpg,Product Type: Top     Neck: V neck     Sleeve: Sleeveless     Extra details: Polka dot pattern     Lace trim Product Code: P-85635-10--,Sleeveless Tops,45.95,DV8 Fashion (USA),116329,Women's Tops,204,https://images2.productserve.com/?w=200&h=200&bg=white&trim=5&t=letterbox&url=ssl%3Awww.dv8fashion.com%2FImages%2FModels%2FFull%2F36635.jpg&feedId=102894&k=5f9a6ccce0bbdd9ff49acd7056172b5718a684c5,USD,,12.95,https://www.dv8fashion.com/en/Saint-Genies-Polka-Dot-Lace-Top---Black/m-36635.aspx?PartnerID=4730&utm_source=awin&utm_medium=affiliate&utm_campaign=UnitedStatesUS,,,USD45.95,102894,DV8 Fashion,1,,https://www.dv8fashion.com/Images/Models/Full/36635-1.jpg,https://www.dv8fashion.com/Images/Models/Full/36635-2.jpg,,https://www.dv8fashion.com/Images/Models/Full/36635-3.jpg,Womens,Tops & T-Shirts
https://www.awin1.com/pclick.php?p=44217097775&a=2771700&m=116329,Saint Genies Satin High Halter Neck Top - Yellow - S,44217097775,273800AWUS,https://www.dv8fashion.com/Images/Models/Full/36954.jpg,Complete your new season wardrobe with this stunner of a top! Featuring a chic cowl draped high neckline and satin fabric...      Satin fabric     Draped high neck cowl neckline Product Code: P-86551-25--,Sleeveless Tops,34.95,DV8 Fashion (USA),116329,Women's Tops,204,https://images2.productserve.com/?w=200&h=200&bg=white&trim=5&t=letterbox&url=ssl%3Awww.dv8fashion.com%2FImages%2FModels%2FFull%2F36954.jpg&feedId=102894&k=0d26acdc9097a7ef536db1eb890f640da27fb896,USD,,12.95,https://www.dv8fashion.com/en/Saint-Genies-Satin-High-Halter-Neck-Top---Yellow/m-36954.aspx?PartnerID=4730&utm_source=awin&utm_medium=affiliate&utm_campaign=UnitedStatesUS,,,USD34.95,102894,DV8 Fashion,1,,https://www.dv8fashion.com/Images/Models/Full/36954-1.jpg,https://www.dv8fashion.com/Images/Models/Full/36954-2.jpg,,https://www.dv8fashion.com/Images/Models/Full/36954-3.jpg,Womens,Tops & T-Shirts
https://www.awin1.com/pclick.php?p=44126829595&a=2771700&m=116329,Tally Weijl Lace Asymmetric Top - White - S,44126829595,272590AWUS,https://www.dv8fashion.com/Images/Models/Full/36848.jpg,This white lace asymmetric top brings elegance to a modern fitted silhouette. The delicate lace fabric adds a refined and feminine touch. The asymmetric neckline gives the design a trendy edge. The fitted cut enhances the shape while staying comfortable. Ideal for styling with denim or tailored bottoms      Neckline: Asymmetric     Details: Lace Trims     Sleeve shape: Short Sleeves     Product: Top     Fit: Fitted     Colors: White Product Code: P-86555-11--,Sleeveless Tops,47.95,DV8 Fashion (USA),116329,Women's Tops,204,https://images2.productserve.com/?w=200&h=200&bg=white&trim=5&t=letterbox&url=ssl%3Awww.dv8fashion.com%2FImages%2FModels%2FFull%2F36848.jpg&feedId=102894&k=4251b1fdb66bc431198c59743d3b899966ce5ee9,USD,,12.95,https://www.dv8fashion.com/en/Tally-Weijl-Lace-Asymmetric-Top---White/m-36848.aspx?PartnerID=4730&utm_source=awin&utm_medium=affiliate&utm_campaign=UnitedStatesUS,,,USD47.95,102894,DV8 Fashion,1,,https://www.dv8fashion.com/Images/Models/Full/36848-1.jpg,https://www.dv8fashion.com/Images/Models/Full/36848-2.jpg,,https://www.dv8fashion.com/Images/Models/Full/36848-3.jpg,Womens,Tops & T-Shirts
https://www.awin1.com/pclick.php?p=44126829596&a=2771700&m=116329,Tally Weijl Lace Asymmetric Top - White - XS,44126829596,272592AWUS,https://www.dv8fashion.com/Images/Models/Full/36848.jpg,This white lace asymmetric top brings elegance to a modern fitted silhouette. The delicate lace fabric adds a refined and feminine touch. The asymmetric neckline gives the design a trendy edge. The fitted cut enhances the shape while staying comfortable. Ideal for styling with denim or tailored bottoms      Neckline: Asymmetric     Details: Lace Trims     Sleeve shape: Short Sleeves     Product: Top     Fit: Fitted     Colors: White Product Code: P-86555-11--,Sleeveless Tops,47.95,DV8 Fashion (USA),116329,Women's Tops,204,https://images2.productserve.com/?w=200&h=200&bg=white&trim=5&t=letterbox&url=ssl%3Awww.dv8fashion.com%2FImages%2FModels%2FFull%2F36848.jpg&feedId=102894&k=4251b1fdb66bc431198c59743d3b899966ce5ee9,USD,,12.95,https://www.dv8fashion.com/en/Tally-Weijl-Lace-Asymmetric-Top---White/m-36848.aspx?PartnerID=4730&utm_source=awin&utm_medium=affiliate&utm_campaign=UnitedStatesUS,,,USD47.95,102894,DV8 Fashion,1,,https://www.dv8fashion.com/Images/Models/Full/36848-1.jpg,https://www.dv8fashion.com/Images/Models/Full/36848-2.jpg,,https://www.dv8fashion.com/Images/Models/Full/36848-3.jpg,Womens,Tops & T-Shirts
https://www.awin1.com/pclick.php?p=44217097774&a=2771700&m=116329,Saint Genies Satin High Halter Neck Top - Yellow - M,44217097774,273799AWUS,https://www.dv8fashion.com/Images/Models/Full/36954.jpg,Complete your new season wardrobe with this stunner of a top! Featuring a chic cowl draped high neckline and satin fabric...      Satin fabric     Draped high neck cowl neckline Product Code: P-86551-25--,Sleeveless Tops,34.95,DV8 Fashion (USA),116329,Women's Tops,204,https://images2.productserve.com/?w=200&h=200&bg=white&trim=5&t=letterbox&url=ssl%3Awww.dv8fashion.com%2FImages%2FModels%2FFull%2F36954.jpg&feedId=102894&k=0d26acdc9097a7ef536db1eb890f640da27fb896,USD,,12.95,https://www.dv8fashion.com/en/Saint-Genies-Satin-High-Halter-Neck-Top---Yellow/m-36954.aspx?PartnerID=4730&utm_source=awin&utm_medium=affiliate&utm_campaign=UnitedStatesUS,,,USD34.95,102894,DV8 Fashion,1,,https://www.dv8fashion.com/Images/Models/Full/36954-1.jpg,https://www.dv8fashion.com/Images/Models/Full/36954-2.jpg,,https://www.dv8fashion.com/Images/Models/Full/36954-3.jpg,Womens,Tops & T-Shirts
https://www.awin1.com/pclick.php?p=44210347968&a=2771700&m=116329,Saint Genies Lace Top With Ruffles - White - M,44210347968,273628AWUS,https://www.dv8fashion.com/Images/Models/Full/36938.jpg,"Elevate your wardrobe with this stunning Black Lace Top with Ruffles, perfect for adding a touch of elegance and playfulness to any look      Neckline: V-Neck     Fabric: Lace     Details: Ruched, Ruffles     Length: Cropped     Sleeves: Spaghetti     Product type: Top Product Code: P-86314-11--",Sleeveless Tops,44.95,DV8 Fashion (USA),116329,Women's Tops,204,https://images2.productserve.com/?w=200&h=200&bg=white&trim=5&t=letterbox&url=ssl%3Awww.dv8fashion.com%2FImages%2FModels%2FFull%2F36938.jpg&feedId=102894&k=bf6acbc9dc8d6e57a6d2a3f178d7f9770ebc28e8,USD,,12.95,https://www.dv8fashion.com/en/Saint-Genies-Lace-Top-With-Ruffles---White/m-36938.aspx?PartnerID=4730&utm_source=awin&utm_medium=affiliate&utm_campaign=UnitedStatesUS,,,USD44.95,102894,DV8 Fashion,1,,https://www.dv8fashion.com/Images/Models/Full/36938-1.jpg,https://www.dv8fashion.com/Images/Models/Full/36938-2.jpg,,https://www.dv8fashion.com/Images/Models/Full/36938-3.jpg,Womens,Tops & T-Shirts